word,count
fuck,2280
hoes,91
get,9279
grip,136
motherfucker,255
yeah,11256
album,33
dedicated,21
teachers,15
told,1243
would,7407
never,9858
amount,20
nothing,4064
people,1569
lived,206
buildings,11
hustlin,8
front,394
called,440
police,129
tryin,326
make,6735
money,1191
feed,308
daughter,113
good,3462
niggas,509
struggle,103
know,16217
sayin,182
baby,6172
dream,1523
used,1227
read,338
word,594
magazine,46
salt-n-pepa,1
heavy,380
limousine,15
hangin,101
pictures,109
wall,515
every,4324
saturday,219
rap,117
attack,170
mr,452
magic,301
marley,13
marl,1
let,8990
tape,33
rock,1131
til,1189
popped,31
smokin,51
weed,110
bamb,1
sippin,67
private,31
stock,28
way,6998
back,6695
red,859
black,1327
lumberjack,1
hat,66
match,109
remember,1596
rappin,15
duke,3
duh-ha,2
thought,1587
hip-hop,42
take,7027
far,1542
limelight,10
rhyme,114
tight,459
time,9501
paid,196
blow,457
like,15944
world,4191
trade,93
born,825
sinner,62
opposite,30
winner,43
eat,370
sardines,1
dinner,47
peace,489
ron,4
brucie,1
kid,299
capri,3
funkmaster,1
flex,65
lovebug,6
starski,1
blowin,47
call,2653
crib,50
number,361
hood,116
nigga,603
well,3273
clothes,248
hold,2902
bankrolls,3
haha,77
reach,507
stars,894
goal,53
c'mon,250
many,1015
one,9365
give,5043
plenty,71
check,498
made,2210
change,1697
common,78
thief,35
close,1434
personal,75
robin,7
leach,1
cheap,129
smoke,387
skunk,7
peeps,15
day,4584
spread,191
love,15878
brooklyn,46
mot,15
aliz,1
keep,4021
pissy,1
girls,686
diss,52
write,358
letters,99
miss,949
could,6140
happen,317
rapping,13
stuff,148
packing,19
gats,4
honeys,10
play,1590
butter,45
toast,59
mississippi,44
east,122
coast,115
condos,1
queens,26
indo,3
weeks,67
sold,186
seats,27
hear,2346
biggie,51
smalls,5
speak,484
living,1167
life,6254
without,2020
fear,1023
puttin,44
five,273
karats,2
girl,3459
ear,137
lunches,1
brunches,1
interviews,5
pool,72
considered,14
fool,673
dropped,78
high,1925
school,266
stereotypes,1
male,5
misunderstood,37
still,3982
mansions,5
94,6
super,167
nintendo,11
sega,2
genesis,7
dead,1635
broke,406
man,3951
picture,324
50-inch,1
screen,113
money-green,1
leather,67
sofa,18
got,11641
two,1373
rides,45
chauffeur,5
phone,533
bill,55
s,44
flat,71
need,5423
worry,339
accountant,8
handles,1
whole,886
crew,135
loungin,3
celebrating,11
public,32
housin,1
thinkin,197
one-room,1
shack,18
mom,131
pimps,3
ac,21
minks,1
loves,376
show,2077
course,101
smiles,87
face,2378
source,40
fuss,38
landlord,7
dissed,4
us,5334
heat,259
wonder,647
christmas,1137
missed,188
birthdays,3
worst,294
days,1527
sip,68
champagne,80
thirsty,25
uh,1055
damn,623
right,5101
live,2400
went,647
negative,47
positive,25
represent,66
representin,4
b-town,1
house,737
junior,10
mafia,7
mad,501
flavor,26
bad,1729
boy,1514
aight,9
see,8400
cooch,2
shit,1594
bust,113
ass,302
none,336
motherfucking,72
joke,96
talking,486
yo,776
old,1662
dirty,345
bastard,57
one-man,3
army,112
ason,2
tooken,2
mc,66
looking,1279
drop,543
science,102
cosby,4
dropping,22
babies,44
enough,1475
go,9752
crazy,965
g-building,1
taking,528
types,8
medicines,2
better,2808
planets,24
orbit,11
coming,1581
deeper,185
break,1707
shake,643
create,72
tastykake,1
makes,823
style,307
mastered,6
catching,38
headaches,9
aspirin,1
type,175
pain,1880
even,2129
kill,1034
midol,1
around,3190
sprayed,3
lysol,1
mace,2
burning,771
learning,111
profile,4
fucking,1134
chk-chk,3
blaow,6
last,2120
seen,852
heard,663
knows,732
forget,1066
quiet,223
kept,232
knew,1116
lot,583
want,13853
shot,495
came,1067
showdown,6
watched,164
put,2105
low,705
zero,101
doubt,323
figure,195
zoo,52
pull,776
gun,570
trigger,99
said,3247
outta,251
utmost,9
stacks,18
jack,169
wack,22
host,39
introducing,4
name,1744
drops,64
head,2673
rain,1034
rains,74
pours,18
rhymes,48
hardcore,34
raw,101
talent,20
rizzock,1
spot,128
mcs,3
hot,586
woah-ho-ho,2
slow,792
flow,237
move,1426
quick,185
oh,13791
homicidal,4
enter,61
target,64
act,326
pig,63
try,2210
hog,7
mics,7
suck,152
dick,203
step,628
rep,25
blown,77
death,1240
knock-knock-knock,1
,629
another,2456
hard,2092
slacking,3
macking,1
lack,70
react,23
bring,1257
shame,426
aw,74
sing,1385
something,2810
pussy,438
ooh,3433
shimmy,28
ya,1443
yam,12
yay,29
mic,55
away,6068
natural,79
charge,50
bon-voyage,3
home,3103
dodger,3
squad,63
wu-tang,3
killer,208
bees,33
swarm,30
college-ass,4
disco,70
dorm,4
touch,1005
skill,16
bee,41
aim,91
chop,86
pass,447
lyrics,59
cement,28
ground,1040
emcee,3
fifty-two,4
states,26
psycho,90
norman,7
bates,3
producer,13
slam,87
bam,131
jump,303
stage,146
dip,57
talk,1250
going,7174
shi-shimmy,5
shi-shi,1
additional,2
extended,7
verse,151
say,7522
likes,125
keepin,42
floor,702
odb,1
beat,781
ladies,111
tell,5055
comes,1208
rocks,94
sitin,1
dock,9
bay,65
aiyaiyaiyaiyaiyaiyaiy,1
umm,16
flock,30
goooooo,1
creak,6
locked,181
padlocked,1
come,7246
ayo,30
blackit,1
begin,266
yeahstraight,1
fuckin,411
dungeons,3
fake,346
start,1414
yonow,1
rappers,30
monkey,65
flip,73
funky,87
rhythm,195
kickin,36
musician,1
inflictin,1
composition,3
scarface,2
sniffin,3
cocaine,87
holdin,217
m16,2
pen,64
extreme,28
bullet,146
holes,83
left,2433
peepholes,1
suited,2
street,564
hand,1648
defeat,69
foes,13
steelo,7
airplay,1
j,2
sittin,110
bent,35
stairway,9
either,96
corner,236
bettin,2
grants,1
cee-lo,2
champs,1
laughin,31
base-heads,1
tryna,479
sell,195
broken,1189
amps,8
g-packs,1
forever,2162
reminiscin,3
task,18
force,212
flipped,15
runnin,289
block,124
shootin,36
revolution,121
catch,544
body,1394
houston,9
caught,486
off-guard,1
mac-10,2
grass,123
ran,221
cheetah,5
thoughts,475
assassin,29
picked,58
mac,15
brothers,159
spit,166
lead,426
hittin,25
back-flip,1
chicks,30
scream,418
arm,132
shook,68
look,3168
gave,809
squeeze,108
click,51
stuck,421
tried,789
cock,62
shoot,355
danger,125
finally,493
pulled,140
saw,781
three,614
bullets,98
chamber,20
jettin,1
buildin,7
lobby,12
full,732
children,432
prob'ly,1
game,700
younger,81
pullin,33
triggers,11
bringin,20
fame,147
claim,98
corners,31
crews,6
guns,169
goners,1
broad,28
daylight,99
stick-up,3
kids,383
run,2785
45s,1
gauges,1
fact,165
back-to-back,1
snatchin,5
cracks,70
snitch,9
gettin,302
knocked,88
stash,15
coke,57
price,217
crackhead,11
nice,498
customers,3
measuring,2
pots,11
slide,108
vacation,64
inside,2493
information,26
keeps,375
large,21
erasin,1
wives,10
basin,1
deep,1202
breath,711
sleep,1179
cousin,38
beyond,337
walls,464
intelligence,10
defined,19
think,4151
crime,190
new,2227
york,134
state,297
mind,3712
dreams,1114
gangsta,66
drinkin,79
mots,1
tec,48
makin,185
sure,829
cash,185
correct,26
stepped,47
investments,1
stocks,4
sewin,1
blocks,21
winnin,78
gunfights,1
mega-cops,1
walkin,123
finger,169
figures,15
pockets,44
bigger,155
brother,287
testin,9
smith,18
wesson,10
undressin,4
buddha,4
shelter,112
whenever,182
frustrated,6
hijack,7
delta,9
pj,15
blend,22
plays,91
strays,12
young,937
bitches,256
grazed,2
maze,30
rats,30
trapped,125
plus,87
island,86
packed,43
stories,105
peoples,10
livin,315
nights,589
jet-black,1
fiends,17
fight,1356
crack,206
max,14
sit,498
lamp,29
capone,3
drug,135
scripts,4
sewn,10
legal,14
luxury,34
rings,88
flooded,23
stones,86
homes,29
sane,44
parallel,14
hell,1403
must,1017
maintain,18
prosperous,3
though,975
dangerous,125
cops,67
arrest,22
blamin,2
held,300
hostages,3
use,505
tougher,6
dykes,2
takin,101
plateau,9
rhymin,3
vitamin,2
capsule,8
smooth,95
criminal,56
breaks,157
box,150
eats,30
tapes,4
city,750
sleeps,36
villains,14
creeps,34
learned,254
hustle,51
scuffle,1
freaks,20
addict,26
sneakers,6
20,41
beepers,1
streets,354
greet,31
blunts,15
teach,171
inhale,32
words,1373
lay,733
puzzled,4
backtrack,10
earlier,6
times,1013
equivalent,1
nasty,59
nas,56
area,52
cause,30
mass,67
hysteria,30
blunt,77
fronts,4
matter,853
manhunt,1
ton,24
reefer,3
malcolm,6
catchin,16
jungle,138
fever,218
king,559
poetic,6
much,2135
major,35
atlanta,8
brave-r,1
pager,1
ace,22
bass,171
40-side,2
place,2038
givin,134
grace,328
wait,1507
dose,49
might,1263
nike-head,1
wear,377
chains,188
excite,4
feds,28
thing,2031
performer,3
strange,338
warmer,19
gain,75
mad-phat,1
fluid,13
halftime,13
feel,6971
hemmed,1
strike,172
calmly,2
hype,58
track,252
set,1008
ill,637
convict,3
kills,110
cassettes,1
sex,200
stereo,36
sets,84
ll,86
wreck,76
relax,85
strive,19
fan,65
jackson,20
jewels,14
hope,1677
kicks,57
mother,586
stomach,58
rise,785
wise,86
exercise,23
microphone,20
dies,145
83,3
sparkin,2
scared,478
grab,153
parks,2
kick,304
little,3719
raps,21
understand,820
jam,86
slave,143
ships,25
watch,1352
chips,20
load,132
glock,59
clips,12
versatile,3
switches,5
faggot,32
bisexual,1
intellectual,4
professional,3
question,207
near,438
well-known,2
format,20
explore,29
next,886
foul,35
freestyle,5
trial,25
wild,508
hate,1387
rhyme-biter,1
stay,2674
tuned,9
soon,612
real,1521
exhale,19
field,64
morning,945
song,1099
afternoon,94
half,390
tune,162
darkness,678
heartless,44
narc,2
hit,1046
marcus,7
garvey,3
hardly,93
sparked,3
blast,101
herb,13
slayin,1
fast,636
third,63
chill,113
andre,3
slay,39
bag,249
john,105
jay,9
matine,1
hits,128
5-0,3
god,2505
44,18
biters,1
cop,54
garcia,1
plant,34
seeds,46
extra,40
mouth,540
phillie,4
damp,12
goes,1040
manhattan,6
staten,2
fat,171
boogie,126
props,13
clout,66
rest,773
queensbridge,5
92,7
ghost,366
whose,103
mine,1748
minewhose,15
dom,5
watchin,94
gandhi,3
charged,11
writin,10
book,165
past,728
margin,1
throbbin,1
mechanical,4
movement,36
understandable,1
murderers,6
theme,32
night,4878
fiend,33
pipe,49
activation,2
facin,6
pappy,9
mason,9
pens,4
embracin,1
wipe,79
sweat,155
dome,24
phlegm,4
suede,43
timbs,4
feets,1
cipher,3
complete,105
whether,104
cruisin,19
sikh,1
cab,33
montero,1
jeep,18
beats,203
fallin,174
asleep,201
six,270
feet,802
presidents,7
bless,111
throughout,41
trip,138
aimin,2
beef,37
housing,2
release,169
scriptures,6
maybe,1675
hitler,5
yet,610
mild,14
money-gettin,1
rollin,165
honey-stickin,1
golden,220
child,455
dwellin,2
rotten,88
apple,72
tackled,1
devil,549
lasso,1
hassle,5
sellin,18
pays,20
folks,93
pray,449
jess,1
soakin,1
sins,175
trays,2
holy,591
water,685
odds,38
slaughter,57
best,1484
describin,1
strength,300
son,456
star,464
resurrection,38
correction,1
wrong,1512
direction,107
cards,87
mediocre,3
flippin,8
playin,106
spades,5
strip,37
poker,23
bandit,17
single-handed,1
murder,200
alone,3077
remanded,1
die,2337
crown,192
throne,150
sound,928
caved,13
"1,000",1
miles,346
cloud,129
follow,770
dark,1421
tomorrow,614
fill,418
clip,53
tip,79
picturin,1
eatin,31
heartbeat,163
skip,55
amped,6
champ,8
brain,441
handcuffs,8
headed,87
indiana,5
stabbin,1
women,166
phantom,35
lampin,2
big,1211
willie,15
chip-toothed,1
smile,878
loot,20
fly,905
burnin,52
dollars,52
light,2674
stoge,1
walk,1519
bop,135
checkin,13
dames,3
games,190
problems,171
today,1052
everybody,1430
foundation,36
uptown,48
mount,57
vernon,5
long,2946
south,167
bronx,3
mo,106
room,776
flo,3
cease,42
nino,1
pick,464
poppa,27
morn,30
spin,161
tattoo,63
titties,21
b.i.g,5
main,49
don'tcha,3
won'tcha,1
wife,139
full-length,2
mink,5
links,11
bracelets,2
conversation,80
showed,99
safe,391
combinations,3
guess,892
you'se,1
trusted,17
ever,3279
mustard,3
sent,208
took,855
court,39
nother,19
intricate,3
plot,34
bitch,1050
raped,26
stick,288
paper,208
moschino,4
hoe,29
versace,8
hottie,6
find,3126
id,170
cases,14
virginia,25
d.c,4
woe,23
trickin,4
bail,13
commence,7
ass-kickin,1
door,896
wavin,14
disrespect,22
clique,18
imperial,5
milk,45
material,29
suckin,11
lips,504
fuck-a-bitch,1
uhh,80
whoo,32
seat,135
gets,652
stiff,57
dicks,6
sweet,1053
petite,10
guaranteed,38
work,1033
town,867
greyhound,9
billboard,6
bound,296
press,151
chicken,42
pressed,30
rather,385
killin,41
juxs,1
count,337
million,364
push,458
limit,46
feelings,436
open,1354
cummin,2
throat,142
lick,117
knees,458
whippin,15
ave,23
spots,13
affairs,5
shots,118
air,710
vexed,6
swinging,53
everywhere,275
shifty,5
pistol,30
whip,123
buy,396
diamonds,215
armani,2
suits,24
adrienne,1
vittadini,1
chanel,18
boots,93
things,2721
lies,970
hallmark,2
apologize,61
deceive,30
payback,17
believe,2094
nah,1085
gay,65
lesbo,1
lil,237
motherfuckers,57
m.a.f.i.a,3
he-he,3
nine-fo,2
bangin,21
allow,27
lace,39
lyrical,28
douches,1
bushes,3
grooves,5
moves,193
mamis,2
club,224
mackin,2
behind,1164
askin,32
passin,24
music,697
blastin,3
quit,211
creep,59
ep,2
secret,259
mack,57
craig,11
bed,768
sweetie,12
needy,6
greedy,28
friends,1191
benzes,3
c-notes,1
layers,14
true,1362
players,23
rover,20
gs3,1
chronic,19
tree,390
cuz,135
throw,505
hands,1586
player,58
dummies,4
waist,51
please,1550
tonight,2277
straight,577
honey,546
really,2285
actin,61
attractin,2
line,1092
sign,380
wine,513
ask,704
interests,3
numbers,85
dial,26
gon,666
rendezvous,20
bar,241
plans,175
leave,2353
keys,99
uh-huh,134
truck,142
roll,765
steam,33
telly,9
belly,151
t-bone,4
steak,17
cheese,31
eggs,10
welch,1
grape,7
conversate,2
boo,80
tellywe,1
movie,150
jacuzzi,9
ls,3
mansion,33
ends,316
feels,1140
stupendous,1
tremendous,1
cream,50
dollar,125
heh,45
tote,11
strapped,38
infrared,3
beams,24
choppin,6
os,6
la,2155
optimos,1
foolish,82
pleasure,126
whatever,433
buried,227
treasure,53
grams,9
measure,36
however,30
coogi,2
sweater,30
top,591
bms,2
girlfriend,98
weekend,154
alright,1284
wit,82
puff,21
daddy,427
makaveli,2
killuminati,2
12-gauge,1
shotty,6
hail,150
mary,134
send,370
begotten,13
ride,1124
ways,442
la-da-la,2
flesh,387
revenge,94
sweetest,84
joy,319
paragraphs,4
unloaded,3
bein,73
quoted,2
peeped,5
weakness,85
sewed,3
bow,337
hopin,57
listenin,17
seein,55
comin,364
glistenin,4
pay,503
attention,189
father,332
killing,368
fields,105
solitary,14
madman,7
screams,108
evil,379
lurks,12
enemies,163
flee,31
activate,7
flame,299
empty,615
stop,2001
corrupt,25
fucked,300
lucky,219
mama,590
nut,22
adjust,14
da-da,33
da,551
penitentiaries,3
promise-makers,1
realized,48
precious,93
wastin,34
institutionalized,1
product,26
crumble,49
hardened,24
humble,75
ballin,18
liquor,74
store,103
hennessy,21
callin,121
bedroom,97
screws,14
lose,1249
one-way,19
prison,118
drugs,152
wrapped,126
thugs,41
homeboys,2
clinton,4
bid,24
raise,273
turn,2234
lights,973
thuggin,16
eternal,128
heart,5147
a-p-b,1
thug,43
family,317
since,630
outlawz,4
scandalous,7
half-dead,4
k-blasted,1
thai,2
mixed,34
twisted,181
blistered,1
visions,121
thug-livin,1
multiply,16
survived,23
cry,1336
unless,127
slugs,16
peep,26
scene,214
kind,876
cloudy,22
smoked,26
feelin,389
rowdy,6
ready,1112
wet,162
party,598
whoever,26
slugger,4
seeks,5
suckers,10
regular,60
mashin,2
stolen,81
integra,1
cocked,12
sixty,16
seconds,60
draw,119
deadin,1
first,1132
gat,18
worse,182
preachin,5
church,181
dirt,261
needin,11
bond,25
dawn,308
sun,1829
weight,279
rape,78
beat-breaks,2
chase,236
relate,62
dealin,23
fate,293
gate,76
travelin,14
weary,96
road,927
sometimes,1005
everything,2950
curry,8
free,1465
bird,126
yes,1088
penitentiary,12
liberty,40
westside,32
solo,111
jay-z,10
talkin,238
dog,224
soul,1737
ether,21
across,431
prove,197
lost,2238
already,589
brace,31
event,14
impatiently,2
waitin,179
aids,5
test,281
results,15
pac,3
west,194
north,123
flossed,1
greetings,33
embrace,178
napalm,15
blows,106
guts,65
chest,232
gone,2204
garbage,38
semi-autos,1
cartilage,3
burner,8
side,1407
91,6
truest,5
rapper,23
influenced,2
chapters,3
eyes,3819
judas,35
hawaiian,2
sophie,1
tsk,1
ashes,204
faggots,5
kneel,59
kiss,901
motherfuckin,64
ring,398
forgotten,186
luck,221
hoped,37
piss,81
grave,463
laugh,432
well-wishin,1
friendly-actin,1
envy-hidin,1
snakes,52
gay-z,1
cock-a-fella,1
records,70
wanted,925
started,407
cockin,1
weapon,65
slowly,409
loadin,8
ammo,7
explode,58
camel,9
soldiers,102
handle,116
dolo,3
manuscript,1
stupid,253
krs,2
blueprint,11
nerve,38
dick-suckin,1
ha,407
late,931
great,578
veteran,8
deal,207
emotions,100
sad,620
traded,28
riches,36
grow,488
famous,73
proud,246
dad,131
seem,520
concerned,20
dissin,6
abused,31
ugly,120
harsh,16
hug,57
reject,42
blatant,10
indirectly,1
88,1
chased,21
building,123
smilin,27
glad,202
bread,104
wearin,34
jaz,3
tecs,3
cars,143
jail,49
bars,65
jigga,5
pies,8
case,173
shirts,10
phony,10
stan,10
thirty-six,4
karate,14
class,125
tae-bo,1
ho,211
brolic,1
knowledge,38
learn,502
burn,1203
dame,14
diddy,18
dummy,8
puffy,2
rockefeller,1
died,310
end,2212
chapter,32
guy,331
chose,58
company,126
together,1118
fellas,26
dry,306
pine,20
nine,189
foxy,1
puss,4
looks,348
negro,3
no-mustache-having,1
whiskers,26
rat,42
compared,11
beans,11
stabbed,24
un,17
blame,589
kane,4
irv,1
eminem,6
murdered,15
dick-ridin,1
russell,2
simmons,4
r-o-c,2
gunned,5
clapped,5
j.j,2
evans,2
record,103
label,40
shawn,6
carter,2
shawny,1
classics,3
pop,250
working,277
aiyo,4
ti-dop,3
victory,133
surprisingly,4
laying,81
waiting,1462
mistake,209
status,31
escalate,13
collecting,24
connecting,23
plots,3
networking,2
conference,2
nonsense,19
jakes,6
haters,58
clap,127
scoped,1
weak,317
choked,24
poked,2
d-low,2
saying,420
versus,8
bs,4
walks,109
funny,243
meatheads,1
stalk,19
dig,228
hawk,15
putting,103
cornballs,1
stonewalled,1
blackballed,2
running,1137
plan,255
job,184
mob,41
blazing,32
disappearing,22
fog,39
mist,40
resist,126
begging,155
dillznick,1
someone,1711
may,978
hurt,880
shady,61
gravy,19
platinum,26
respect,154
hitting,35
deck,20
feeling,1843
banging,29
onslaught,2
viciously,3
history,191
instantly,11
lame-ass,1
loser-ass,1
later,155
shade,98
gators,6
grimy,3
mud,63
pants,85
shirt,75
bet,294
fu-fu-fully,1
qualified,10
pro,27
business,218
fu-fu-fu-fully,1
qua-qua-qua-qua,1
fully-fu-fully,1
sendin,13
indeed,40
nomsayin,2
war,924
outside,417
hide,916
done,1592
halfway,76
crooks,8
cooks,3
part,635
similar,10
vietnam,8
grown,137
control,956
riot,94
gear,31
rocked,15
steady,115
one-double,1
skin,754
thick,89
mix,89
action,137
puffin,6
lye,1
relaxin,2
depressed,42
slug-proof,1
underneath,288
foot,190
stroll,6
drama,78
built,233
unfinished,5
killed,170
mixin,3
vodka,18
goin,26
scarred,41
lord,1059
forgive,207
knowin,29
killa,16
untold,15
alive,1298
survival,53
fit,302
strong,728
survive,375
worlds,157
dough,40
y'know,17
countin,62
proceed,23
caution,21
five-oh,1
lurkin,6
system,158
usin,2
names,106
bagged,2
ounces,4
squads,2
twin,34
happens,111
reason,822
upstate,2
bleedin,44
shorty,56
troop,6
four,325
difficult,34
trick,135
jew,4
savin,16
pushin,14
lex,9
jet,56
stayin,91
projects,16
out-clever,1
separate,69
lootfuck,1
lookin,300
cute,67
strictly,11
timb,1
certified,12
laid,134
enjoyin,3
smell,176
bridge,147
realize,264
95,2
hypnotic,19
paralyzed,50
mobb,5
mess,404
realness,1
ahead,279
fresh,172
stakes,27
fatten,2
plate,75
cats,40
always,3317
win,372
g-a-n-g,1
starr,9
wipin,1
team,115
splatter,8
shatter,24
schemes,18
badder,19
surprise,144
fell,493
deathtrap,1
clutches,8
single,382
touches,17
suffered,12
return,271
harder,348
starter,5
martyr,43
nameless,25
understood,42
vital,29
save,1227
gang,250
suggest,18
stand,1466
spray,37
set-up,5
power,784
jealous,78
sour,30
bolder,7
impossible,167
magazines,21
fully-loaded,1
spittin,16
decade,18
fry,13
fail,177
frail,25
attackin,1
slick,31
apache,10
trigger-happy,1
blowing,107
wig,4
piece,290
anyhow,27
consequence,46
childish,15
content,29
scope,20
metaphorically,1
snipe,1
liked,68
gas,115
ignite,52
flamethrower,2
afraid,641
position,33
small,212
soldier,123
colder,75
resort,13
violence,181
beating,225
buyin,8
surpass,2
harass,2
chrome,37
the-the-the,1
f-f-f-full,2
storm,388
weather,198
cold,1483
warm,360
lettin,34
holla,19
sting,59
causin,11
mayhem,33
gassed,7
thinks,114
stoppin,14
undoubtably,1
tearin,23
balcony,26
ifs,4
ands,2
buts,3
infinite,46
relapse,37
shittin,2
salary,3
hourly,2
bows,20
shits,24
bowels,11
whichever,2
married,106
gift,126
curse,180
earth,716
urge,39
universe,103
okay,701
scissors,10
cut,839
crap,24
wrap,99
lied,134
teeth,340
instead,228
crowned,11
capped,3
fans,49
promise,564
honest,152
cd,9
ehh,14
perhaps,39
accents,1
click-clack-blaow,1
circle,103
mapped,6
follows,33
exorcise,1
demons,284
ma'fuckers,1
jumpin,21
jacks,1
startin,16
breakin,73
cage,110
standin,67
mannin,1
fed,151
decision,58
clean,372
admittedly,3
probably,279
subliminally,1
brand-new,13
helped,34
wringer,1
middle,293
tear,568
eye,632
stingers,1
lingers,39
focus,90
solely,2
handlin,1
responsibilities,2
solemnly,2
swear,490
treat,293
roof,141
daughters,43
lift,314
shingle,1
pub,22
counter,9
raisin,11
moon,687
busy,166
gazin,1
amazin,6
premo,1
freedom,306
inserted,2
murderedthe,1
beginning,139
explain,166
also,53
defines,8
changed,309
artist,19
spent,242
lines,256
flatline,9
depends,27
carry,626
mac-10s,1
practice,33
rooftops,21
covers,76
trees,244
barrel,47
souls,204
crossroads,12
hustling,8
cost,118
dogs,100
pushing,101
toys,51
getting,975
enjoying,7
suicide,148
belt,33
tied,155
neck,265
cells,30
naked,133
heaven,932
legend,48
presence,145
felt,703
n-a-s,1
spell,126
rebel,72
poetry,37
half-man,6
half-amazing,6
wind,627
fire,2074
rims,17
tires,19
bulletproof,63
glass,291
realest,12
driver,31
tarot,4
pharaoh,5
iron,90
mike,26
messiah,27
christ,158
invest,9
blasting,11
seiko,1
rolex,10
owning,11
acres,16
cake,41
dimes,12
giving,457
fellatio,1
siete,1
zeros,8
pesos,4
worth,557
rich,283
men,434
worked,85
rob,36
fall,2394
making,638
choices,49
determine,4
future,452
sky,1257
steal,242
wondering,141
worthy,121
success,43
wish,1759
sooner,34
prophet,41
nympho,3
busting,3
windows,116
sweeper,2
green,469
leaf,39
breather,6
greeks,2
egypt,9
dude,82
crisp,17
corporate,35
accounts,1
ecstasy,62
races,17
combined,14
99,29
summer,636
hummer,7
faces,228
fam,19
millionaire,10
spending,80
hundred,278
grand,69
poor,253
poet,16
slim,41
repeat,144
problem,188
white,837
person,171
jaws,21
pam,5
tommy,21
burst,75
whoopin,2
divorced,5
throwin,41
furniture,5
agh,3
kidding,20
dr,8
dre,11
idiots,10
basement,42
feminist,1
chicka,3
sick,572
grabbin,6
you-know-what,1
you-know-who,1
couple,233
loose,179
parents,75
bedrooms,3
tv,178
cool,569
tom,27
hump,41
moose,3
bum,105
message,154
deliver,59
expect,81
woman,819
clitoris,4
intercourse,7
fourth,28
grade,23
discovery,15
channel,30
mammalswell,1
cannibals,9
cantaloupes,1
animals,78
antelopes,1
elope,2
antidote,15
wave,247
pantyhose,3
chorus,392
shadys,8
imitating,8
cuss,9
nope,12
grammy,9
critics,12
weird,79
guys,100
lie,1317
britney,6
spears,6
christina,1
aguilera,1
switch,160
chairs,11
carson,2
daly,1
fred,9
durst,1
argue,21
mtv,6
kim,10
hee-hee,4
download,1
audio,1
mp3,2
vd,1
groups,3
annoy,5
destroy,208
dress,262
quite,188
listen,695
difference,129
balls,114
false,124
sugarcoat,3
admit,88
ninety,7
percent,14
albums,5
valiums,2
rate,25
thirty,32
nursing,12
flirting,12
pinching,2
nurse,24
asses,7
jacking,2
jergens,1
jerking,7
viagra,4
lurking,21
burger,7
onion,6
parking,43
circling,53
screaming,296
fingers,256
loud,394
appreciated,9
seventeen,78
years,777
kicked,57
suspended,9
boys,493
rules,176
tears,930
sister,151
poorer,4
different,538
daddies,5
reminisce,26
stress,91
caused,30
huggin,8
cell,68
elementary,2
hey,3054
backside,5
queen,278
easy,787
committed,16
welfare,8
lady,349
dear,463
nobody,1333
fair,189
coward,39
passed,136
anger,147
stranger,178
along,735
hung,120
moved,137
needed,355
slangin,3
guilty,99
mailbox,3
payin,11
rent,54
due,39
diamond,166
necklace,15
cared,66
kitchen,90
fix,232
hotplate,1
workin,143
scraps,5
given,256
miracles,38
thanksgivin,1
rough,135
pour,233
depend,44
seems,578
hopeless,137
happy,971
childhood,31
memories,500
thank,355
express,30
stayed,124
appreciate,40
raised,124
brighter,123
b-boys,14
anything,943
trust,644
architect,8
doctor,139
actress,8
takes,568
met,493
becoming,81
beautiful,820
leaving,494
awe,76
singing,419
songs,397
lena,6
horne,1
version,20
strung,20
heroin,17
sniffing,7
nose,138
fun,697
reaches,23
hugs,9
smells,28
corrosion,3
crowd,203
vow,56
grown-looking,1
10,60
ones,556
videos,9
careful,94
fore,67
meet,588
hiv,1
oprah,9
winfrey,2
decide,172
rapists,1
age,194
pretend,361
older,188
thinking,699
wealth,29
help,1183
smoking,88
ice,333
smart,104
achieve,27
be-fore,1
country,234
kings,85
porch,56
monkeys,17
empires,16
africa,40
kush,2
timbuktu,1
race,244
books,42
taught,152
romans,5
asian,8
arabs,4
gold,471
converted,3
became,85
empowerment,1
europeans,2
persian,4
military,10
invaded,2
teachings,8
sacred,69
almost,280
robbed,22
slavery,18
began,123
alexander,6
shocked,9
mountains,181
impose,4
basically,15
truth,961
youth,206
says,482
gangstas,4
globe,19
ghetto,111
princess,57
wedding,73
queeeeeen,1
four-cornered,1
starin,45
candles,48
toss,50
candlesticks,39
bodies,258
burned,187
paranoid,64
sleepin,47
stressin,19
sweatin,14
blood,1378
starts,327
somebody,1105
ak,9
awake,336
owns,24
suit,62
cane,46
poppin,36
peepin,7
window,364
investigatin,1
joint,37
traps,10
telephone,68
taps,6
tricks,68
drive,573
tailed,2
sucker,57
headlights,40
week,188
"5,000",1
caine,1
medal,3
flour,12
reached,59
grabbed,21
popper,1
lyin,74
scareder,1
hooked,24
popeye,1
bailed,4
figured,49
gigglin,1
blind,531
crippled,24
senior,2
citizens,7
sword,103
shoulder,160
cope,22
dope,56
nervous,104
sunday,184
service,34
prayin,49
forgiveness,114
exit,60
often,72
drift,155
fatal,37
bang,255
worry-free,1
bullshit,116
seemed,107
realizing,12
lonely,1044
year,609
halloween,68
geto,10
trick-or-treatin,1
robbin,5
bags,81
lawman,1
speeded,2
pace,83
squabble,1
swung,3
ordinary,94
stood,178
seven,172
triple-teamed,1
droppin,31
flew,45
disappeared,30
bloody,146
punchin,2
concrete,73
goddamn,125
homie,38
prettiest,12
shyne,1
lawyers,6
mentioned,11
intro,28
bump,30
dump,21
habitat,8
tarzan,6
imagine,146
correctional,1
facilities,4
hauntin,3
slaps,2
possible,45
shoes,279
layin,26
bottle,207
circles,103
purple,56
underworld,15
related,3
moldin,1
dudes,33
roamin,4
survivor,45
bunch,59
trustin,4
judgment,24
deadly,53
ambulances,2
mothers,38
wakes,22
sons,63
unmarked,5
roam,109
shorties,9
mirror,234
weapons,43
tokes,1
henny,20
sighs,18
cold-blooded,6
universal,41
hot-headed,1
youngsters,3
trouble,394
reactin,1
easily,56
irritated,2
premeditated,2
sinkin,15
climbin,32
nutshell,1
sales,7
rewindin,4
movin,122
forward,126
shoutin,10
meat,76
hallucinatin,1
hazin,1
nation,117
mug,7
photograph,66
suspect,11
usually,29
innocent,114
lock,222
divide-and-fall,1
strategy,6
covered,125
orange,95
hair,519
color,146
whoopi,2
celie,1
danny,11
glover,1
gots,21
escape,324
madness,154
fantasy,115
landslide,23
reality,194
skies,312
sympathy,60
begun,150
thrown,81
mean,900
matters,143
sends,31
shivers,19
spine,76
aching,68
goodbye,739
silhouetto,2
scaramouche,4
fandango,2
thunderbolt,2
lightning,157
frightening,18
galileo,10
figaro,2
magnifico,2
spare,60
monstrosity,2
bismillah,6
ah,2115
mamma,35
mia,18
beelzebub,6
aside,134
stone,407
anyone,452
tired,692
snow,344
informer,15
licky,33
boom,331
dem,2411
tective,12
stab,80
lane,105
police-a,1
them-a,1
and-a,13
car,593
troo,2
dey,495
de,241
station,76
point,278
destination,45
reachin,13
detention,16
looked,285
bottom,240
pon,656
di,1607
dat,240
hour,279
lover,410
tamei,1
mi,2975
belly-a,1
haffi,221
we-a,1
tor-na-do,1
when-a,1
rock-a,1
steady-a,1
article,3
a-out,1
dance,1625
from-a,1
jamaica,74
know-a,1
pure,156
a-tear,1
toes,81
show-a,1
me-a,2
toronto,3
intelligent,12
gentle,40
irie,3
lef,56
all-ie,1
yes-a,2
man-a,1
between-a,1
dancin,123
in-a,6
nation-a,1
shakata,1
lay-a,1
cardboard,3
box-a,1
wo,40
ee,17
sitting,241
round,1084
dibbie-dibbie,1
knock,291
pal,10
trail,68
hanging,264
snowman,44
backed,9
slap,57
gap,21
clues,16
diggity,3
dum,74
tumble,21
criminals,3
care,1368
guzzling,2
beers,23
stare,212
out-of-towners,1
aiyyo,5
pounders,2
filled,195
undercovers,1
homicide,15
chasing,222
coppers,5
helicopters,7
drink,554
spark,113
fronters,1
wannabe,10
runners,4
trap,71
gods,205
facts,51
backwards,40
pulling,174
dresser,14
pressure,205
fella,32
drinking,128
marijuana,43
dweller,1
rolling,234
blessed,184
less,322
walking,559
turned,495
committing,8
razor,46
tongue,267
drop-out,1
crab,10
stunts,5
guzzle,3
brutalizer,1
de-sizer,1
accelerator,2
pissing,11
elevator,10
somehow,309
reminds,47
sport,23
bally,6
cazals,2
frames,12
heines,1
beck,2
bdp,1
conflict,18
shante,2
roxanne,1
wake,879
candy,119
factory,17
breaking,435
locks,39
nowadays,10
flash,112
yard,108
sam,16
swoop,5
bokeem,1
bo,26
mayo,2
profit,26
nuff,157
mothafuckin,4
40,25
l.e.s,1
penn,2
busters,2
41st,1
posse,22
goodfellas,1
cormega,1
lakey,1
draws,30
hillbillies,4
slate,13
wallethead,1
oogie,1
barrio,5
dove,44
phd,2
preemo,1
harry,13
crab-ass,1
anybody,294
obie,2
trice,1
gimmicks,2
scratch,45
trailer,17
park,83
friend,1013
created,74
monster,223
wants,496
marshall,7
chopped,10
liver,16
bit,542
jump-start,1
quicker,69
shock,86
hospital,30
co-operating,1
rocking,68
table,171
operating,5
waited,142
debating,3
rag,19
ovulating,1
ms,9
cheney,1
husband,30
complicating,1
fcc,1
shut,447
cum,57
tits,30
settled,39
lawsuits,1
debbie,1
controversy,7
hellions,3
rebellious,4
embarrassed,10
elvis,13
prisoners,15
helpless,71
mission,91
yells,9
visionary,6
vision,229
scary,49
polluting,2
airwaves,7
revel,8
bask,11
everyone,760
kissing,104
smack,37
disaster,77
catastrophe,21
assyou,1
asked,206
na-na-na-na-na-na-na-na-na-na,5
antenna,3
splinter,7
center,45
winter,270
interesting,7
wrestling,3
infesting,3
ears,178
nesting,4
testing,17
tension,51
mentions,7
ten,281
cents,14
nuisance,7
tisk-it,1
task-it,1
tit-for-tat,1
chris,8
kirkpatrick,1
limp,7
bizkit,1
bastards,22
moby,2
stomped,5
baldheaded,1
fag,7
listens,34
techno,6
signal,32
list,116
insults,4
suspenseful,1
pencil,11
prince,38
symbol,16
discuss,10
disgusting,18
obscene,25
presley,1
selfishly,3
wealthy,16
concept,16
works,96
twenty,90
emerge,14
fish,104
sea,548
hum,34
dei-dei,2
la-la,87
la-la-la-la-la,36
la-la-la-la,21
godson,1
elijah,1
named,44
corin,1
blacker,8
berry,9
sweeter,73
juice,61
darker,42
roots,122
sisters,55
2pac,9
cares,154
else,1177
clown,139
tells,131
unhappy,38
heal,207
yeah-yeah,83
easier,109
keep-keep,4
oh-oh,669
marvin,5
gaye,3
suddenly,216
tough,160
huffed,1
puffed,3
curfew,6
local,25
nearly,76
bright,545
fifteen,42
legit,8
headin,19
buddy,79
conquer,58
insanity,61
huh,383
wars,67
turnin,49
meant,480
lonesome,132
tall,232
complain,58
dealt,15
dyin,44
fearless,43
cheeks,29
shoulders,118
drivin,56
benz,67
survivin,38
hops,4
flown,23
hearts,572
pumpin,22
reeboks,3
sprouts,4
virgins,14
pow,28
known,473
bones,408
nookie,13
rookie,4
chick,59
toni,1
braxton,1
sturdy,6
cliques,5
thirty-five,7
torn,193
onnn,5
loss,95
chief,8
punk,97
fronted,2
gotti,27
skins,14
commit,25
getter,5
hitter,4
flows,73
shows,111
clever,38
leavin,90
competitors,1
pissed,45
nozzle,4
fi,1464
gwan,69
provoke,9
beer,122
dressed,138
homies,54
lean,119
charm,52
bomb,167
geeks,1
palm,91
beach,112
wheelchair,2
villain,19
harlem,10
battle,214
smash,69
cornbread,2
steel,165
trigs,1
pigs,25
nigs,2
peel,55
wigs,4
slammin,3
cannon,22
sheriff,35
reggie,1
hammond,1
corn,42
adis,6
ond,1
knahmsayin,1
nine-four,1
nine-oh-s,1
flair,4
finesse,8
buckwild,1
joe,43
showbiz,4
a.g,1
d.i.t.c,1
n.y.c,1
mum,78
mah,18
texas,45
woo,275
fold,99
lovegame,1
intuition,19
woah-oh,85
oh-oh-oh-oh-oh-oh,4
p-p-p-poker,10
f-f-fuck,10
pair,54
gamblin,3
russian,13
roulette,8
bluffin,2
muffin,19
stunnin,2
love-glue-gunnin,1
casino,3
bank,72
marvelous,9
bimmers,5
300,8
dealer,21
destiny,131
reaching,137
key,229
disagree,35
share,373
one-fourth,1
square,75
delaware,1
dime,68
sack,28
blazed,7
glaze,1
crave,73
fugitive,6
attempts,3
trace,66
drew,32
print,18
proven,11
filthy,40
purchase,8
realty,1
fulfill,25
conceal,17
scheme,43
precisely,1
build,312
c.r.e.a.m,2
quarter,56
brick,83
ny,3
plates,10
crooked,52
armorall,1
endless,224
papes,2
sake,46
fbi,3
cat,188
twenty-five,21
thousand,506
holding,657
snitches,4
moms,11
flushing,3
toilet,11
sips,5
alcoholic,7
nine-hundred-ninety-nine,1
thou,61
dionne,1
warwick,5
wiser,35
score,85
cartel,1
argentina,1
nina,5
hotel,84
sessamina,1
trina,3
fishscale,1
caesar,12
david,38
robinson,2
walle,1
moccasins,1
hopping,8
drop-top,7
bm,5
growing,222
project-struck,1
dreaming,369
scoping,2
beaming,6
seeing,168
g'ing,1
timers,1
od'ing,1
early,168
80,16
throwing,60
worshiping,4
rope-rocking,1
jordans,4
chain,207
dopes,2
pushers,1
addicts,6
noddy,1
gunplay,1
painting,42
kettle,5
hungry,137
staircase,7
wasted,207
flipping,11
career,23
stressing,17
jeeps,2
tinted,7
gunshot,40
dun,49
dawg,119
ongoing,2
hol,93
you,10
rid,47
bounce,168
elaborate,6
stands,108
safety,58
limitless,4
desperately,31
desperate,61
land,508
roman,12
wilderness,17
insane,333
edge,313
highway,196
scenes,34
snake,61
lake,73
ancient,113
blue,1080
bus,121
calling,574
awoke,8
gallery,2
walked,286
hall,98
visit,34
chance,624
rug,20
fuck-ah,1
woah,645
hurts,408
laughter,103
soft,168
plastic,95
watering,9
chinese,16
rubber,31
bought,188
plants,17
wears,54
lives,544
cracked,39
polystyrene,2
crumbles,43
burns,216
surgery,9
eighties,5
gravity,99
wins,24
tastes,42
ceiling,108
chord,13
played,214
pleased,15
fifth,17
minor,22
baffled,6
composing,5
hallelujah,338
faith,453
proof,92
bathing,23
beauty,232
moonlight,222
overthrew,4
chair,87
vain,164
blaze,41
flag,104
marble,10
arch,5
march,80
moving,411
outdrew,4
pretty,797
plain,78
watching,432
puddles,6
gather,120
tea,67
view,190
rips,11
y-yeah,5
am-a,8
ohh,224
ohhh,51
h,5
whining,6
sudden,48
tremblin,1
slums,7
wasteland,28
welcome,363
paradise,271
urchin,3
snaps,6
laughing,172
months,75
charity,10
rags,12
fortune,82
gamble,18
capital,18
surgeon,9
general,27
hazardous,2
breathe,660
cigarette,80
faraway,9
captain,38
america,90
apart,903
jester,10
losing,513
ago,290
hollywood,65
bungalows,4
angel,425
l.a,59
suburbs,9
blues,253
hills,168
loved,669
liar,147
driving,213
freeways,2
midnight,248
alleys,16
topless,3
motel,27
murder-madness,1
mood,113
sadness,102
mojo,9
risin,48
wooo,8
whoa,832
wheels,130
kin,17
singin,110
southland,7
alabamy,1
sin,277
southern,69
neil,2
alabama,55
birmingham,13
governor,10
watergate,2
bother,113
conscience,55
ah-ah-ah,51
muscle,21
shoals,1
swampers,1
bout,945
lordy,27
mont,2
montgomery,5
answer,343
staring,221
daydream,34
a-hopeless,1
downward,12
slope,3
believed,73
moment,764
chances,78
approaching,18
hunger,112
shaky,18
starving,23
costs,14
strand,8
climb,166
justified,20
void,114
hmm,177
oh-oh-oh-oh-oh,78
oh-oh-oh-oh,93
oh-oh-oh,308
romance,157
ra-ra-ah-ah-ah,6
roma,21
roma-ma,3
gaga,29
disease,188
ey,45
leather-studded,2
sand,219
roma-roma-ma,3
horror,58
design,69
vertigo,11
schtick,2
rear,26
fashion,42
passion,121
je,40
veux,10
amour,10
et,17
ta,20
revanche,2
playing,354
placing,2
ache,64
languages,8
jukebox,30
ruby,21
falls,243
space,482
minimum,7
waste,524
maximum,6
require,4
streetcar,5
desire,272
higher,558
heights,45
beginners,2
sensitive,9
sentiment,6
ending,137
somewhere,461
operator,30
coast-to-coast,2
chicago,22
western,29
maine,4
largo,6
sale,40
face-to-face,4
classic,34
shadow,337
double-cross,1
license,15
insurance,9
melts,12
angels,290
uh-uh,83
ahh,216
simon,8
buck-buck-buck-buck-buck,3
sipping,46
gnac,1
rub,27
gritty,7
committee,4
pity,93
shitty,35
midst,21
calm,152
witty,9
pharoahe,2
monch,2
range,51
inebriated,1
strayed,12
original,39
deviated,1
alleviated,2
long-term,2
goals,19
underground,78
wood,56
motivate,5
tomb,42
raider,23
clock,188
tips,25
waiter,3
greater,121
anoint,1
missin,77
shooting,72
craps,7
girlies,2
notorious,22
six-fives,1
heads,191
mausoleum,4
pumping,30
12,23
p.m,4
ignorant,21
minds,209
everyday,301
agree,61
obligated,7
r-rated,1
slated,1
confess,101
sexist-es,1
breast-eses,1
riding,168
train,423
lexus-es,1
rollies,1
timex-eses,1
wicked,134
exorcist,2
missing,360
jeruz,3
shaolin,4
isle,6
worldwide,14
boulevard,23
linden,2
routines,7
fittin,2
abstract,6
footer,2
frankfurter,3
phife,12
routine,29
spiffy,1
um,20
tidbit,1
smidgen,1
pigeon,8
rip,177
introduction,5
telegram,5
energizer,1
slayed,7
el,26
segundo,1
reply,22
special,250
shout,231
pals,4
despise,38
contest,7
brave,182
remaining,11
training,7
misbehave,14
effect,26
butt,32
jim,19
erect,3
aura,10
promote,15
junk,27
bully,23
extremity,1
phifer,1
rumpin,1
rode,46
zack,5
recall,116
receive,53
sender,12
resurrector,1
scrawny,13
legs,121
lou,30
brock,2
speed,201
agile,1
optic,2
presentation,2
sizzles,1
retina,3
simple,266
remain,154
industry,26
rule,148
four-thousand-and-eighty,1
forum,5
decorum,1
properwhat,1
hammer,63
proper,37
nc,1
sc,1
london,78
graceless,2
horses,61
drag,183
suffer,176
dull,41
decided,55
sweeping,13
exits,10
offstage,1
bitter,235
unkind,22
dreamed,72
cried,191
ha-ha,28
mating,3
several,13
important,52
differences,7
human,499
beings,24
input,2
drought,21
nuts,35
siskel,1
ebert,1
thumbs,8
two-hand,1
bounds,8
smothered,13
waffle,3
hash,13
browns,1
fedex,2
apex,3
coca-cola,7
inclined,14
savings,7
mammals,11
horny,31
mop,11
bucket,26
catacombs,5
hieroglyphics,1
pacific,12
seas,88
notion,27
motion,156
ocean,340
means,350
craft,6
advisory,1
capsize,2
thighs,42
tide,169
b-5,1
sunk,14
battleship,6
mister,66
coffee,92
automatic,34
drip,93
tool,46
lovett,1
lyle,2
doggy,10
x-files,1
settle,175
mesmerized,13
fat-ass,1
trot,4
diggy,3
brown,155
yellow,176
puerto,3
rican,1
haitian,3
zulu,2
group,18
h-town,2
bbd,1
rim,4
ball,164
route,44
frenzy,14
stretch,39
bawl,54
dome-piece,1
stronger,231
pride,309
teflon,5
pound,59
poontang,1
stinks,9
rude,56
coy,4
convoy,1
hon,8
goods,8
madelyne,1
woods,69
malik,1
five-foot,4
freak,189
simply,120
labelled,2
silly,104
groupies,3
yap,16
uncle,42
swing,179
discreet,3
biz,37
approve,7
boat,138
hernia,1
couch,48
seaman,2
shaheed,1
stacy,7
beadle,3
lg,1
character,23
mice,13
vice,24
lots,85
loving,840
forth,121
story,445
england,23
hounds,21
serve,78
wichita,1
opera,7
forevermore,23
straw,18
pore,2
bleeding,327
bleed,432
stains,34
sicker,8
average,29
twist,154
cabbage,4
instinct,20
stink,15
pink,133
detroit,11
hooligans,2
e'ry,2
underoos,1
choose,310
bruise,17
screw,22
starsky,1
hutch,1
clutch,21
dare,240
cherry,79
m-3,1
busily,1
recently,13
frontin,11
cubans,3
jesus,611
packin,12
flaunt,7
hypnotize,21
flashy,15
onto,133
dkny,1
miami,21
prefer,21
philly,6
cutie,13
booty,29
dookie,1
meaning,141
frank,9
lexus,5
lx,1
tints,10
questions,149
so-called,11
gangsters,6
broads,2
bras,4
mnage,2
trois,2
expensive,11
pavement,32
condo,5
payment,10
arraignment,1
note,62
plaintiff,1
richer,15
richie,6
escargot,1
one-sixty,1
swiftly,8
run-run-run,1
run-run,3
brand,333
licorice,1
rugs,1
certain,118
freakin,10
speakin,13
leakin,4
demo,3
obi,2
toby,6
romey,2
owe,104
crawling,115
toward,32
voice,552
insects,11
consequences,20
haunted,66
sending,51
crying,396
fade,427
fogged,4
decisions,61
amazon,6
voltage,22
standing,598
swim,145
electric,153
eel,4
eastern,9
shore,114
circuits,2
electricity,11
plug,38
eleanor,5
rigby,2
picks,18
rice,16
waits,75
wearing,118
jar,29
belong,399
mckenzie,2
writing,108
sermon,7
darning,9
socks,29
wiping,6
saved,221
shakin,62
wings,298
dancing,645
nowhere,396
bachelor,9
partner,23
falling,1077
compatible,1
limits,42
pony,71
saddle,28
flossing,1
peeping,4
portion,20
chills,29
juices,4
flowing,54
thigh,9
till,938
tail,36
lurk,10
stream,77
jockey,13
ooooh,62
urban,8
a.k.a,1
mornin,116
strap,32
dalmatian,1
guitar,130
short,168
static,50
vest,12
example,23
ti-ti-ti-tip,1
charity-ty-ty-ty,1
within,498
sublime,12
deserve,254
served,15
runs,205
angry,112
bills,71
smokes,9
pot,47
fightin,25
louie,83
disciplinary,1
remains,151
mercifully,1
derek,4
rail,40
veil,63
heroes,90
ghosts,86
breeze,114
comfort,141
exchange,16
walk-on,1
role,53
swimming,77
fishbowl,2
found,1282
fears,188
hoo-hoo-hoo-hoo-hoo,1
sunshine,250
useless,103
hoo,114
repairs,6
snare,10
intangible,2
command,47
panoramic,3
manageable,1
tunes,18
tube,12
lit,141
fuse,34
fictional,3
mystical,6
spiritual,11
hero,151
appears,26
clear,483
lifeless,48
definition,15
priceless,33
righteous,49
toke,3
psychic,5
among,105
possess,21
essence,30
basics,25
childlike,3
nature,147
fallacy,8
sproutin,1
destruction,105
demise,53
corruption,27
disguise,105
enterprise,3
sucked,13
russel,1
muscles,10
percussion,2
provides,6
guide,183
perceive,20
inner,76
russ,2
mentor,3
brought,230
law,173
lawless,8
sensations,4
squealing,3
pirates,6
merchant,1
minutes,76
bottomless,6
pit,64
almighty,58
generation,57
triumphantly,4
redemption,52
emancipate,3
mental,65
atomic,49
energy,130
shall,434
prophets,30
them-ah,1
can-ah,1
stop-ah,1
pat,8
thump,33
purpose,88
slip,211
jeans,97
fur,11
birth,90
cursed,89
confronted,3
disperse,3
funeral,105
blessing,57
hiding,198
bruh,15
dated,15
recognize,96
hey-hey,32
slug,5
cb4,1
gusto,4
drunk,307
ate,73
prostitute,4
gauge,9
96,7
montana,8
f-e-l-l-a,1
verbal,7
dipped,11
attache,1
ashtray,4
cassius,2
clay,32
dot,25
32,5
shotguns,3
regulate,1
dunns,2
17,7
gleam,16
highlights,3
vegas-style,1
dice,70
linen,7
antera,1
spinnin,55
millenniums,1
bets,12
threats,21
adrenaline,25
demi-sec,1
semi,15
chickenheads,1
fried,18
broiled,1
basil,1
taste,505
formation,3
horizontal,5
wagon,17
vanity,28
dragon,61
buck,76
overnight,20
bug,14
promised,133
hungry-ass,1
piranha,1
bumpin,12
wildin,16
89,3
shine,654
clanked,1
himwhat,1
pay-me,1
dug,46
dumb,171
leg,58
numb,283
spun,16
biscuit,6
stitched,6
datsun,1
blazin,2
daily,72
touched,90
severely,3
sincerely,20
lightin,2
coors,2
floors,19
project,9
halls,46
contemplatin,2
coppin,2
uha,1
changes,140
become,533
strangers,146
y'ay'all,4
therthertherthertherthere,1
thertherthertherthere,1
therthertherthere,1
thorough,2
militia,3
9-6,2
firm,27
illmatic,2
written,113
copy,21
fake-ass,1
planes,27
border,44
visas,2
second,396
trains,28
clocking,3
bona,3
fide,3
hustler,13
pirate,11
skulls,17
sticks,46
bongs,3
lethal,21
poison,266
swagger,9
prepaid,2
wireless,3
pack,170
ups,30
trucks,39
m.i.a,1
democracy,8
kgb,2
buffalo,27
dreadlocked,4
rasta,31
fighting,429
arrival,13
analyse,4
stench,47
sense,335
taken,236
eck,1
woy,15
yoy,40
yoy-yoy,10
troddin,2
wo-ho-ooh,1
yea-hea,1
yea-ea,1
driven,48
mainland,3
caribbean,18
trodding,3
san,57
juan,3
arms,854
dreadlock,12
consider,47
invitation,23
na,1511
soo,8
supreme,21
bucks,30
fools,134
peers,10
run'n'duck,4
barkin,5
chalkin,1
pose,60
dub-s-c,1
thang,32
w.c,1
khaki,10
g-strings,1
clearin,4
hoo-bangin,1
ban-dana,1
cri-mi-ni-mi-nal,1
ori-gi-nal,1
evacuate,3
plane,80
connect,42
gunners,1
stunners,2
homey,7
killers,47
d-bo,1
h2,1
hotter,54
muthafuckin,4
cube,10
parked,16
ashante,1
beyonce,6
strang,2
entr,1
bombay,1
g'est,1
countless,27
calls,198
charges,2
cuban,4
cigars,6
linnas,1
hyp-notic,1
liters,2
flank,1
greenest,1
incarcerated,7
probation,4
i'mma,42
influence,10
c,20
servin,5
hustlas,3
cluckas,1
havoc,23
ruckus,7
kissin,56
suckas,1
motherfuckas,1
uno,7
puno,1
sumo,2
pruno,1
congregation,11
affiliation,1
ruthless,6
nate,4
dogg,3
join,119
muthafucking,1
bringing,98
taboo,11
biggest,52
eve,59
gray,76
ringin,16
sinister,10
maker,49
sprint,7
halo,46
tortured,29
blade,126
sharp,94
combination,13
degree,31
valley,138
rises,41
faults,18
harvest,52
food,117
cannibal,11
meat-eater,1
choke,170
noose,47
refresh,4
tie,116
post,36
widows,1
orphans,7
despite,22
cave,136
upside,109
dependence,2
siren,21
kicking,55
minding,6
foe,29
disguised,13
toe,63
holler,34
ku,18
klux,17
klan,18
intention,29
stamp,25
lesson,102
samaritan,1
lynch,2
maim,11
unto,110
thy,127
neighbour,19
cowards,18
hoods,4
cloaks,6
shawty,189
melody,176
na-na-na-na,37
ipod,12
replay,38
replay-ay-ay-ay,9
ayy,516
j-j-j-jr,1
mall,27
approach,21
closer,436
hoping,214
poster,10
holster,4
cooking,33
someday,334
symphony,63
fantasies,19
na-na,125
na-naa,2
drifting,97
wanting,110
paper-thin,8
caving,22
july,32
firework,10
colors,197
replaced,41
holds,97
hurricane,77
rainbow,99
doors,158
closed,176
leads,106
perfect,618
bolt,11
glow,146
date,68
situation,92
you.s,6
tour,69
concert,7
miniskirt,1
drippin,30
pourin,21
whispered,34
booth,17
blah-blah-blah,2
9/10,1
bra,8
flicks,5
enthused,2
amused,11
mid-range,1
sprung,7
acted,10
blah-blah,1
agnes,1
agatha,1
germaine,1
adored,16
familiar,69
spendin,11
relationship,41
understanding,44
plannin,5
sounded,13
dandy,7
idea,82
established,2
brewin,4
jus,83
college,21
exquisite,6
semester,4
visitor,4
form,144
doll,94
arrived,45
dormitory,1
opened,156
snap,42
tongue-kissin,1
27th,1
yesterday,247
strings,97
changin,11
colorado,42
rocky,41
mountain,304
rainin,14
starlight,60
softer,13
lullaby,59
climbed,37
cathedral,9
silver,234
clouds,322
memory,360
solitude,50
forests,11
streams,24
seeking,54
sight,469
serenity,17
casual,12
comprehend,33
scars,238
upon,683
eagle,30
campfire,7
pete,19
admiration,5
fritz,1
legends,82
starvin,2
nicky,2
barnes,1
70s,10
high-profile,1
celebrities,2
livest,1
grabs,12
teen,24
brew,21
stumbled,11
wondered,39
entered,11
flinch,7
upstairs,11
bathroom,68
brushed,9
disciple,17
hoein,1
centerfolds,1
showin,18
d.a,4
jury,18
pre-trial,1
hearing,85
courtroom,3
triple-homicide,1
aisle,20
fist,133
officer,19
squeezin,5
judge,120
weird-ass,1
disappear,207
double,149
execs,1
independent,13
tennessee,114
chillin,40
trunk,27
amazed,19
her-on,1
sherm,2
punch,67
wrote,162
pelican,2
letter,108
rolled,44
crips,2
crenshaw,1
slaughtered,13
responsible,23
crept,21
thangs,3
plugged,9
half-mexicano,1
soprano,5
indigo,11
imbecile,6
shoulda,53
tippy-toed,1
openin,1
goons,4
manner,12
li,12
hammers,2
responded,3
folk,13
kinfolk,1
bush,53
saddam,2
hussein,1
clinically,4
day-to-day,1
hay,23
animal,129
invented,16
lower-livin,1
sugarhill,1
grill,13
noise,154
crip,6
tribal,11
liable,4
five-o,2
grandmama,8
bible,57
gavel,4
travel,123
unraveled,6
socked,1
gaffled,1
owned,19
c.a,3
property,10
fifty,48
ticket,77
4-4,1
closet,28
po-po,1
happened,167
boss,154
exhausted,19
plea,26
bargain,6
offered,21
laws,61
fillin,7
powder,61
keg,11
erupt,12
aye,106
trippin,82
sharpest,8
thumb,43
shape,91
l,6
forehead,20
backstreets,2
w-w-wacko,5
glitters,9
mold,54
bundled,7
meteor,9
beg,228
differ,9
judging,16
hole,403
satellite,83
skate,17
thin,148
bored,126
yep,10
fuel,67
quest,26
tribe,62
measures,1
vibers,1
funk,34
fuzz,6
jitterbug,15
afrocentric,1
shrug,10
lower,48
nipper,1
shove,28
fits,25
snug,5
glove,30
positives,2
flies,93
poem,8
sayer,1
studio,20
conveyor,3
dinkins,1
mayor,2
favor,31
rhythms,12
savior,185
behavior,51
ha-ir,1
garments,15
instruct,2
obeyer,1
recipe,13
savor,21
riders,12
bone,283
actor,12
loan,10
squirmin,2
toad,8
holiday,184
doo-doo-doo,24
doo-doo-doo-doo,62
smiling,138
ovation,6
motivation,14
divides,11
coda,3
semi-charmed,2
listening,174
rose,275
crystal,58
meth,9
tick-tock,5
bumped,12
beneath,294
gives,190
earthy,1
grows,178
chords,14
crashing,86
velvet,31
tripped,13
struggling,35
priestess,6
panties,11
mattress,14
hovering,3
nighttime,20
winks,3
sleepless,73
seducing,3
bite,188
keeping,233
a'round,4
begins,167
ooh-ooh,515
cha-da-cha-sha-sha-sha-sha-sha,1
aah-ah,4
da-da-da-da-da-da-da-da,1
companion,18
sees,110
deeds,68
kisses,110
windy,14
least,271
downtown,115
forgot,190
spies,3
china,14
elation,7
sweden,2
silver-screen,1
quotation,1
californication,16
civilization,8
final,256
location,15
sells,10
aging,7
celebrity,9
chin,49
waging,7
unicorn,4
porn,14
marry,97
fairy,28
constellation,15
teenage,46
bride,43
frontier,23
cobain,3
spheres,8
alderaan,1
praise,304
population,16
breeds,17
creation,132
earthquakes,7
vibration,7
tidal,29
waves,338
craving,50
jean,29
seamstress,2
band,138
pretty-eyed,2
ballerina,2
tiny,72
dancer,50
handing,7
tickets,18
turning,422
laughs,45
piano,31
auditorium,1
sings,101
hums,5
lying,301
softly,59
sheets,98
gentlemen,46
for-i,1
favorite,228
mista,62
dobalina,89
bob,86
fraudulent,5
behave,9
rugrat,1
tabloid,2
mock,13
happenin,27
suppose,35
apparel,2
adopted,1
d-e-l,3
hip,75
cronies,2
cm-px,1
hover,9
gloryhallastoopid,8
manipulate,14
cheech,3
wizard,11
stump,5
schooled,1
moneygrip,1
stole,141
honeydip,1
serpent,57
two-tima,1
resembles,3
aunt,10
jemima,1
hoodie,8
disguises,5
sizes,3
shapes,31
notice,136
faade,3
vapes,1
gq,1
mask,108
hemperor,1
kwam,1
hercules,9
heed,43
groupie,5
guadeloupee,1
neva,52
clowns,14
jesters,2
impress,29
fester,9
remembering,29
fee,18
pattern,28
followed,58
pill,76
swallow,168
model,32
leader,43
telling,319
forfeit,14
underbelly,3
theory,8
robot,12
lazy,70
ought,58
trying,1004
lauryn,1
increase,17
complication,14
chuck,14
uzi,9
weigh,19
student,11
awfully,18
underrated,5
mistaken,43
slack,11
synonym,3
closest,22
peak,16
escuchnme,5
preste,2
atencin,2
ahora,4
todos,5
toda,1
gente,2
mismo,1
eh,294
slander,6
fruit,71
nod,30
address,40
flop,12
recline,4
rewind,82
bouncin,26
fo,9
backwoods,5
bakin,1
ounce,40
creepin,22
troops,19
ah-hoo,1
bouncing,24
everytime,59
busta-bus,1
fort,6
shutting,16
steamroller,1
link,70
chopping,9
lockin,2
crunk,1
stops,102
terror,94
freeze,84
thriller,56
beast,210
imagination,65
creature,49
creeping,71
forty,53
creatures,76
masquerade,21
escaping,30
alien,30
wide,388
closing,106
cuddle,23
thrill,145
ghoul,4
chiller,2
ow,53
crawl,194
search,158
terrorize,16
neighborhood,41
whosoever,3
rot,92
corpse,59
babe,540
darling,530
foulest,2
grisly,5
ghouls,11
seal,45
doom,82
shiver,46
mere,19
mortal,39
ahahahahahahahaha,2
get-get-get-get,9
lovely,272
lumps,7
nicely,10
iceys,1
dolce,10
gabbana,3
fendi,6
donna,8
karan,1
sharing,34
asking,180
religion,62
dating,5
demonstrating,4
humps,1
on-on,3
make-make-make-make,3
spend,353
coco,38
puffs,7
milky,22
sexy,116
lump,20
breast,33
amaze,20
a-a-ate,6
honestly,69
hes,80
wolf,96
mumbled,4
mo-mo-mo-monster,12
monster-er-er-er-er,3
licked,8
paws,18
uh-oh,67
french,24
kissed,163
subway,21
tore,70
monster-er-er,1
oohstop,1
collapse,38
swimmin,24
except,103
koi-koi,1
spoken,110
jeffrey,2
biting,36
fetch,5
trousers,11
time-travel,1
sir,85
regarding,4
recent,6
foray,3
portray,5
normally,13
hop,119
shelve,1
professor,26
impersonation,1
impertinent,1
reasonable,3
chap,2
parody,2
cricket,11
ukulele,2
tweed,5
strikes,43
loudest,10
producers,1
granddad,3
mustache,2
speaking,60
sleeves,11
queensbury,1
professors,2
cleverest,1
wits,8
armed,22
rotating,3
spikes,8
gordon,6
peter,31
duncan,1
warning,134
george,32
formby,1
clone,66
performing,9
audiences,1
rewarding,2
brighton,2
peer,8
piers,1
morgan,1
ciphers,1
workshops,1
gigs,2
trend,16
banned,5
using,63
assume,25
ruined,32
egg,7
timer,5
rhymers,1
instrumental,64
cetera,4
elemental,3
dahh,1
sorry,601
geoffrey,2
it-it,1
goat,26
dander,1
jazz,34
supposed,232
drums,41
france,32
1968,1
cologne,9
footsteps,45
decks,3
internet,28
seekers,4
member,37
1962,3
1978,1
tokyo,14
berlin,4
art-school,1
brooklynites,1
jackets,10
borrowed,39
nostalgia,22
unremembered,1
1974,1
practices,3
loft,6
organ,5
sounds,196
patience,123
beefheart,1
daft,13
cbgb,1
garage,9
dj,244
larry,2
levan,1
clashes,3
woke,146
ibiza,1
1988,3
better-looking,1
ideas,45
actually,31
compilation,2
peech,1
modern,55
lovers,255
tracks,86
vinyl,6
niagara,3
german,6
import,1
seminal,1
1985,2
86,7
87,4
60s,5
buying,25
synthesizer,2
arpeggiator,1
computer,18
yaz,1
guitars,26
turntables,2
relevant,15
pere,2
ubu,2
outsiders,5
ulysses,2
mars,37
trojans,1
todd,1
terry,2
germs,7
section,25
25,15
althea,1
sexual,37
harassment,2
a-ha,2
dorothy,6
ashby,1
pil,1
fania,1
all-stars,1
bar-kays,1
league,42
normal,78
reed,10
scott,5
walker,5
monks,1
division,13
laurent,6
garnier,1
ra,8
scientists,3
royal,36
trux,1
10cc,1
rammellzee,1
eric,4
rakim,2
index,3
basic,25
soulsonic,1
atkins,1
manuel,1
gttsching,1
axelrod,1
prunes,1
gil,1
heron,3
slits,3
faust,1
mantronix,1
pharoah,1
sanders,1
engines,20
swans,2
sonics,4
revision,4
tone,38
violent,108
fists,39
flying,198
invisible,73
mercy,285
wishing,165
planned,80
spinning,179
unsaid,21
picking,114
pieces,342
hardest,79
starting,153
1989,1
in-between,19
summertime,99
northern,30
michigan,9
splashing,6
shined,12
whiskey,137
walleye,1
blister,7
leaves,267
h-i-m,4
superstars,16
lipstick,42
boudoir,2
mistakes,238
regret,267
prudence,20
rejoice,27
insecure,50
amore,6
vole,2
fe,58
yah,290
dna,33
evergreen,14
beige,4
cholo,1
descent,14
lebanese,2
orient,5
disabilities,2
outcast,16
bullied,2
teased,2
bi,31
lesbian,6
transgender,2
chola,4
lincoln,4
808s,1
heated,9
swayze,3
mile,100
stopping,64
saving,91
flares,6
drove,90
washin,2
bed-stuy,3
ratchett,1
shinin,39
kidnap,3
tattoos,40
grind,93
sling,3
lamb,98
devoured,19
lion,75
rumble,23
greatest,134
lighters,30
philadelphia,1
chi-town,2
gambler,13
cancer,51
bumrush,1
bk,2
gor,1
r.i.p,18
cross,445
v.a,2
orleans,14
st,71
louis,26
atl,3
bartender,19
lighting,47
dutch,6
passing,147
bub,1
hottest,7
planet,94
janet,3
zanotti,1
bandage,5
fulton,1
vanquish,2
damage,67
spanish,33
soy,6
seorita,3
linda,13
del,3
barrios,2
lo,92
es,6
abo,1
tu,16
eres,2
despacio,1
brazil,7
moscato,3
boosting,1
12-year-olds,1
prostituting,1
hit-men,1
hired,5
execution,30
solution,44
hallways,4
jersey,10
boston,9
b'more,1
rico,5
kingston,10
stunt,33
wrists,54
maybach,14
bentley,41
gt,26
smoke-gray,4
blinging,4
gleaming,17
shining,293
scheming,14
series,7
twenty-four,15
inches,49
giovanni,1
r1,1
wheel,116
acting,105
ashy,1
royalty,15
rebirth,18
liberace,1
vs,3
bling,21
50,21
sneaker,1
reebok,1
banks,35
fin,14
cashville,2
ten-a-key,1
ki,27
sensing,9
contrary,3
coupes,3
fairly,10
demand,28
advance,19
beaches,21
yankee,7
fitted,6
g-unit,3
features,9
decorate,7
sweepers,1
stunting,3
zone,96
naww,3
icy,22
throwback,6
nikes,7
blew,56
brains,86
roc,1
threw,86
sprewell,1
whodi,1
cristal,4
fugazies,1
did-did,1
superhuman,11
popping,11
autotuning,1
emotion,67
muted,4
pitch,44
corrected,2
computed,1
stripper,3
rack,19
wow,77
berkeley,1
coachella,2
lawn,21
handed,28
bong,64
dentist,10
badly,28
paying,24
tuition,3
anyway,294
novacane,40
sink,167
dishes,23
pacin,2
breakfast,37
yikes,4
tripod,1
stanley,3
kubrick,1
film,38
chemist,1
campus,5
involved,27
novacane-cane,1
gospel,25
sinks,18
warrior,71
recollect,4
bliss,74
tested,15
ashamed,80
reversed,13
button,63
bobby,61
hutton,1
teary,2
dreary,11
clearly,76
cheer,83
fryin,2
pan,76
discouraged,15
courage,80
refuse,80
bottles,51
upset,42
finished,41
hellbound,3
ro,18
billion,51
watts,7
booming,2
speakers,26
galactic,5
comb,22
spock,5
bumping,14
no-one,33
superfly,7
boned,2
skinny,17
appetite,31
stacked,12
patch,15
electro,1
reggae,24
samba,2
mambo,1
breakdance,1
calypso,1
sat,117
upright,12
lifetime,121
scold,1
unload,8
98,5
bike,88
mines,19
growin,49
flowin,20
affirmative,11
blower,5
dunn,2
language,38
drilly,1
mobb-phonics,1
infamous-bonics,1
knife-fist,1
thrower,2
rusty,14
shank,4
holder,5
eardrum,3
uncut,7
od,8
inch,59
cables,3
hang,333
tables,36
shotgun,73
limpin,1
pops,13
scare,79
niggaty,1
gates,100
gym,17
enjoy,138
cbr,1
vcr,3
atv,1
risk,56
p-double,1
y'alls,1
stirrin,1
chef,9
unified,16
sup,12
reps,1
diligent,3
tightrope,8
infamous,5
infantry,3
assignment,1
edition,3
bitchin,8
addicted,108
diction,3
prescriptions,2
generic,1
potent,6
one-thousand,1
one-hundred,1
cc,2
throttle,10
katanas,1
spaghetti,12
bred,13
fully-blown,1
melanin,7
skeleton,20
verses,18
thirst,57
board,40
nil,4
fine,1022
touching,78
jealousy,48
saints,41
lullabies,15
choking,90
alibis,7
eager,21
brightside,5
da-da-da,32
daaa,2
broom,8
messed,54
la-da-da,7
cheated,31
backaaa,3
promotion,3
selling,52
support,27
paycheck,7
serious,39
paraplegic,1
tow,8
oohhh,5
aah,36
entire,29
sleeping,225
sidewalk,20
shoop,1
shooby,5
doo,187
wop,17
jiggy,45
skibbidy,1
wahhh,1
cluck,1
afroman,1
palmdale,1
east-palm-dale,1
hellllll,1
excellent,4
delivery,24
goodness,47
afro,6
mutha,2
m-a-n,1
m-a-nnnnnn,1
e,8
hahahahaha,5
derby,1
chickens,10
biatch,1
lloyd,3
26-inch,1
spokes,6
faster,209
runner,16
wrist,110
rolls,32
glocks,3
thunder,318
pier,8
snub,1
raiders,1
cap,76
gloves,24
equal,45
rubs,3
mention,48
clubs,17
impacts,2
artists,10
deals,10
21,9
mills,7
ugh,29
baller,5
momma,84
baguettes,7
sparing,1
bias,2
able,86
beater,1
b,5
diva,5
reader,3
gangsta-ass,17
fights,68
showing,76
three-sixty-five,1
24/7,9
gonnabe,2
cocksucking,2
pussy-eating,2
pranksters,3
feeding,80
helping,30
although,98
64,6
jumps,8
flyest,5
digits,7
game-players,1
pulls,61
partners,4
mothafucka,2
president,33
voted,8
letting,187
shipment,2
community,7
voters,1
supporting,1
leaders,25
republicans,1
decides,12
noticed,46
sworn,30
dreamin,118
feenin,1
backtrackin,1
crashin,11
chasin,75
wished,54
woop-woop,29
policeman,6
overseer,15
hotshot,3
attitude,56
justice,73
equality,11
minimal,4
hyped,7
likkle,82
boom-bap,1
sample,14
quickly,57
clarity,28
similarity,1
plantation,1
patrollin,1
pursuing,10
fought,94
woop,19
400,1
stylee,4
c-o-p,1
undercover,23
p.d,1
wan,188
afford,75
slaves,37
nyah,10
badge,8
grandfather,6
great-grandfather,2
greatwhen,1
gangs,9
compton,2
chyeah,7
mark,119
mutherfuckin,1
bustas,1
clocked,3
ages,34
planted,29
slappin,4
education,16
classes,7
teaching,18
mentality,9
mutherfucker,2
tuff,7
jeffin,1
187,1
loads,5
contact,37
gatt,1
flipmode,4
busta,2
nine-seven,1
delayin,1
milli,55
deally,1
duty,21
violate,9
truly,101
julio,1
moody,7
tool-io,1
ba,85
fruity,6
tappin,1
mistresses,1
whylin,2
stylin,2
metaphors,4
formulate,5
pros,3
buckwhylin,4
murderous,8
curious,14
mysterious,18
magical,50
furious,13
fearin,4
hearin,13
radio,260
delirious,8
damagin,1
areas,5
hit'cha,1
alias,3
various,3
seven-figure,1
preparin,1
dust,312
comparin,1
fabulous,6
yuh,1748
victorious,28
warriors,34
glorious,100
that-tha-that-that,1
tha-that-that-that,1
louder,99
lightweights,1
syllables,3
panic,89
loose-leaf,1
sheet,9
summon,13
dumping,5
healing,72
drumming,18
jumping,56
treated,26
cater,5
abandon,18
tank,13
fuckers,22
cashing,5
compassion,19
obvious,44
stuttering,3
mumbling,10
nightly,11
news,204
amen,91
tense,23
bold,61
fractions,1
drugged,4
brush,39
vests,2
ironic,10
mosque,3
bombs,72
buses,3
bikes,12
roads,126
market,27
shops,12
cover,211
hand-wrote,1
quote,10
wage,20
meanwhile,22
talks,84
opens,31
weep,67
rake,5
fixing,46
fault,176
tremble,46
scores,14
boldness,4
haa-a-a-a,1
ha-a-a-a-a-a,3
ha-a-a-a-a,2
desert,88
listened,45
conviction,29
contradiction,14
karma,73
chameleon,11
addiction,57
cling,49
string,71
rival,15
405,4
wrecked,18
bootsy,1
crusin,2
six-o,1
impala,1
hooptee,1
draped,12
kilos,3
three-wheel-motion,1
freeway,33
hoochies,3
movies,65
cha,33
knife,286
ballers,4
mopreme,1
non-stop,5
mill,23
lately,228
led,110
uhm,3
stank,3
focused,47
transmitting,6
via,6
hah,21
artifacts,5
tame,50
ultimate,32
swords,33
sports,11
bench,26
overtime,16
divine,166
stable,25
disc,6
heineken,3
catcher,3
slasher,2
fastest,8
capture,39
moonwalk,1
monie,1
e.t,1
dubs,5
collect,51
checks,27
deuce,28
l.o.d,1
ppp,1
def,4
skwad,1
dennis,3
wisdom,74
altar,34
appear,59
ice-diss,1
blitz,5
styles,9
darer,1
bands,89
lands,46
susbtance,1
subject,12
patient,56
russian/rushin,1
dressing,14
addressin,7
2x,70
recipes,1
mmm,401
drainin,2
boo-yaa,1
tactics,19
bricks,17
walk-by,1
jocks,4
dis,89
booyaka,2
sniff,13
snot,7
snotbox,1
tissue,26
issue,17
barcode,1
funkmode,1
trunkload,1
chumps,1
hoo-wee,1
bumps,6
jeru,3
satin,15
silk,13
classified,3
kodak,15
pimp,13
boogaloo,10
shrimp,3
buddhas,2
manifest,18
deep-rooted,3
wordup,1
rehearsal,12
tap,38
magnificent,11
sufficient,10
slang,7
gooder,1
goodest,1
acts,24
sub-regular,1
wreckster,1
size,77
survivalist,1
whassup,1
tribalist,1
reasons,157
deacon,10
seekin,4
competition,30
blinkin,2
ink,37
unique,19
batter,8
astoundin,1
feats,2
capi-talize,1
categorized,1
g-l,1
o-n-e,1
4x,16
sahara,2
zombie,57
affiliated,2
dues,25
receipts,4
souped,4
add,51
commander,4
belief,45
fonta,1
leafs,1
slower,20
knot,49
soda,15
geeked,1
cups,15
fatter,5
mcgyver,1
bombin,2
cypher,1
helpin,4
diapers,1
prime,34
rotation,8
nathan,2
collection,13
nixon,2
nine-six,2
forms,25
patterns,17
arrogant,18
transparent,10
apparent,8
stater,1
data,10
saturn,26
hater,16
instant,15
minute,340
grits,2
flips,3
haps,1
uncover,10
skits,1
directions,15
sections,2
jigsaw,9
alla,1
brawls,1
gall,3
grammar,2
graffitism,1
tokin,2
ism,6
gaggin,1
jism,1
native,12
creative,7
sorts,7
b-boy,3
wishin,42
battles,42
injury,6
reports,3
flaws,55
swizz,1
salutin,1
strippin,2
mami,14
beastin,1
freaking,14
bell,165
coochie,10
swell,37
spraying,3
strut,7
crowded,57
removin,2
thong,15
yac,1
raunchy,1
consistently,3
dickin,9
hatin,31
lap,37
hips,56
mmmm,11
united,66
sweetheart,58
wound,62
fragile,59
backstage,11
escapin,2
witchu,1
dressin,6
talked,83
dreamt,23
sung,52
iahhhhhh,1
getcha,8
distance,224
sweatheart,1
highest,80
whatchu,28
1x,1
markie,9
hardworking,1
dynamite,44
displaying,4
absorbs,2
info,6
parties,30
maniac,31
brainiac,3
trance,27
bacardi,5
illing,2
partying,9
b-i-z,2
m-a-r-k-i,1
perform,17
m-a-r-k-i-e,1
mardi,1
toe-tapper,1
m-a-r,1
k-i-e,1
stutter,10
caring,18
latin,4
rooftop,20
union,37
roseland,1
heartthrob,1
madison,4
garden,133
javits,1
pardon,45
places,206
hornet,2
performance,10
doggone,24
knowing,202
highly,10
recognized,4
discoing,1
enjoyment,6
employment,4
heartbreaking,1
coupon,3
retail,3
stale,16
hurry,135
wic,1
mail,16
shop,64
co-op,4
erate,1
reagan,2
pres,1
shirley,3
chisholm,1
confusing,25
amusing,4
ridiculous,12
thrilled,2
chilled,18
fulfilled,18
reliance,3
carl,11
lewis,5
woo-hoo,19
stressed,33
spaced,2
losin,83
cup,158
mazel,2
tov,2
paint,176
drank,58
l'chaim,1
monday,80
tuesday,74
wednesday,28
thursday,24
friday,92
get-get-get,1
p-p-p-party,1
pump,68
envious,4
s-s,1
rockin,67
contagious,19
outrageous,14
admits,2
f-r-e-s-h,1
d-e-f,1
definite,5
b-e-p,1
reppin,3
fizzlin,3
sizzlin,6
ease,165
errr,1
b-l-a-c-k,1
e-y-e-d,1
apl.de.ap,1
philippines,2
direct,22
b-girls,1
la-da-dee-da-da-dee-da,2
steree-aree-aree-aree-o,1
radi-aree-aree-aree-o,1
coolio,1
loco,19
straps,5
sacks,2
thieves,35
hoodrats,1
scrapping,2
loudmouth,1
loced,2
icecream,5
lee,112
nails,78
attempted,1
eight,99
priors,1
adult,7
joking,19
sleazy,7
oj,2
eazy,5
hondas,1
sentras,1
defenders,14
hilites,8
chocolate,39
warrants,2
boxin,2
stoked,2
cos,98
nosy,3
9-1-1,6
jacked,4
licence,2
registration,2
drivers,4
permit,1
california,125
stores,14
churches,12
warner,1
darks,7
raided,1
mistook,7
bb,4
lano,1
mighties,1
unemployment,3
homiez,1
yeh,37
loc,3
hustlers,3
stack,49
programs,1
riots,9
16,20
barber,14
carried,78
homegirl,2
thicker,15
crackheads,1
tvs,2
vcrs,1
caper,2
stripped,33
og,24
joining,5
b.g,1
retaliating,1
crossed,97
accounting,1
dopedealers,1
gunshots,4
ds,3
robbing,6
se,31
flamboyant,2
ham,4
frying,2
spam,1
hectic,8
aaaant,1
blinking,9
4-o,1
bro,74
membrane,15
blubber,2
blabber,1
diet,14
looter,1
slamming,15
duro,2
lightly,14
punks,50
outwrite,1
mainframe,3
armstrong,3
trumpet,5
snatch,14
crops,6
raid,30
pad,12
nine-deuce,1
cad,1
pilot,16
ship,136
ultraviolet,11
beam,50
unseen,26
strain,33
hiddip,18
das,22
efx,20
niggedy-know,1
briggedy-bring,1
cellar,4
realla,1
piniella,1
a-yo,1
roughest,1
reign,123
cutlass,3
duckets,1
k-s,1
caliber,2
metallica,4
iggedy-okie-dokie,1
smokey,9
discussion,8
crushing,57
rushin,11
dangerfield,1
rodney,4
kaplowie,1
tee,9
howie,1
introduce,16
sewer,7
krazy,1
drayz,1
smiggedy-smoke,1
newest,2
sewers,4
irrelevant,12
delicate,24
texture,4
webster,3
jaw,48
jabber-jibber,1
sharon,5
sliver,3
equipped,6
riggedy-rip,1
shreds,12
dread,72
lego,3
l'eggo,1
eggo,1
waco,6
maaco,1
you-haul,1
figgedy-faggots,1
rupaul,1
screwball,1
temps,2
dempsey,1
sensi,7
guinness,9
illest,3
hook,59
worryin,4
catches,15
anymore,665
constant,69
"1,2,3",2
clownin,21
fully,25
jackers,1
hapsters,1
tech-9,1
ak-47,3
bury,205
muthafuckas,1
astro,6
muthafucka,10
doe,3
witness,77
murda,6
bustin,26
chevy,26
tizy,1
chalk,26
swang,2
tuck,13
duck,66
refrain,28
non,25
two-wayed,1
eazy-e,1
bitchez,1
honda,6
miner,3
49er,1
diggin,32
platter,2
swithez,6
hating,41
era,19
master,222
basslines,2
raphael,1
saadiq,1
mastermind,5
genius,36
snooze,3
cruise,21
paragraph,3
112,1
fox,14
e-dub,1
excitement,8
poltergeist,3
recipient,1
award,5
moi,6
superstar,20
stays,91
den,77
en,31
denit,6
dc,21
jers,1
epmd,4
premier,4
duplicate,5
manuscripts,1
overcoming,2
setbacks,4
obstacles,8
evel,2
knievel,2
needle,66
beatles,5
sequel,3
mainstream,5
e-double,1
mic-doc,1
notch,3
mach,2
va,6
digable,1
phat,4
millions,56
brandy,7
sean,5
shooken,1
rippin,14
ginuwine,1
parrish,2
shitgreat,1
tony,7
hittin'-hittin,1
brentwood,1
quentin,1
courts,16
shorts,16
cali,14
epic,4
smi-ile,2
conversations,49
mercedes,16
amends,36
temper,26
remarks,3
platonic,3
intact,11
marchin,27
slanted,5
flaw,14
frown,50
provide,28
downs,31
pitiful,3
violated,8
tiptoed,1
individual,7
evening,94
tease,32
physical,55
foreign,82
communicate,18
speak-a,1
english,19
shower,77
pleasant,14
echo,125
possibly,16
twice,216
advice,87
limb,16
coincidence,5
hahahahahahahahahahahahahahahaha,1
sha,65
sha-ba-da,20
sha-ba-da-ca,20
appealing,3
county,45
damned,103
horizon,69
ephemeral,3
melancholy,18
beep,34
windmill,14
stride,31
ticking,39
hazmats,1
linin,2
ponies,7
steppin,22
bear,178
repping,4
gravitate,2
ha-ha-ha-ha-ha,4
motown,2
blink,40
inc,1
cheddar,3
navigate,9
hahaha,33
hahahahahaha,2
stoplight,4
central,15
ss,6
slippin,42
pluggin,1
lanes,35
scopin,1
colorblind,9
confront,6
gangbang,3
rookies,1
locs,2
whistle,44
you-turn,2
blouse,15
outfit,5
split,79
activity,4
territory,21
rehabilitate,1
deaf,45
blue-eyed,4
willin,12
thirteen,37
jumped,37
spotted,1
harrison,4
ross,24
designed,13
contributin,1
genocide,34
dying,442
bandanas,1
sloppy,8
woh-uh-oh-oh-oh,21
bomb-ass,2
ivory,9
artillery,7
buster-ass,1
fishes,5
lennox,1
venice,7
stripes,32
menace,14
fo'-hoppin,1
coupe,63
deville,2
troupe,1
illfool,1
skills,12
henn,1
smellin,4
bud,15
double-parked,1
dub,79
toones,1
lench,1
apes,8
eiht,1
kam,1
sentence,69
s-k-p,1
knee,79
nimble,2
poke,19
dash,59
mash,42
van,34
ness,2
100,31
8th,2
stashin,1
suntoucher,2
organic,10
mechanic,5
powers,67
device,16
countries,6
frantic,7
damsels,1
distress,18
ceramic,3
float,103
titanic,4
skull,48
icebergs,3
hull,4
impact,25
artic,1
freezes,10
compositions,1
controlled,25
landmines,2
windchimes,1
200,8
moonshine,31
risky,1
jazzy,3
dizzy,42
gillespie,1
harmonious,3
wayne,26
gretzky,1
samurai,3
mai,31
tai,4
tsunamai,1
tsunami,6
bbc,4
radioactive,13
aliens,4
checking,34
galaxy,21
century,37
blackout,19
dosage,2
mathematically,1
99.9,1
percentage,3
vintage,7
spinach,2
danish,2
tofu,4
sandwich,8
claims,16
root,32
configure,1
phoney,3
baloney,1
corleone,3
tender,103
roney,1
smashed,14
hobby,3
wrecker,1
stretcher,2
sector,6
crush,153
damaja,1
nothin,29
performances,1
customer,6
twelve,46
apartment,58
transportation,6
newspaper,10
shy,130
2003,1
social,74
situations,14
constipated,1
month,49
sauce,34
pauly,2
forgettable,12
according,18
personality,23
entertaining,12
std,4
confident,20
steve,16
rarely,7
pet,36
summers,13
fridge,12
sore,61
somewhat,9
grey,151
anatomy,7
scorpio,3
leo,2
taurus,3
sagitarius,1
queing,2
frequency,15
members,6
spinners,3
shak-zulu,2
regardless,25
atmosphere,43
crackin,15
everybodys,14
vis-a-vis,1
unscripted,1
wordsmith,1
delay,18
decay,90
testifyin,2
ay,130
vibe,104
wonderland,66
offer,76
displayin,1
oral,4
officers,2
freein,1
inhibitions,2
intermission,3
parlay,3
movers,2
parkay,1
wonderin,33
prehistoric,3
herd,20
approached,5
inappropriate,4
associates,2
closely,25
knit,3
menu,9
background,35
participate,1
guest,10
lists,4
tan,57
tim,18
somethin,15
hive,10
graveyard,38
dumped,6
barbie,24
bulgari,1
ferrari,6
improvement,3
panther,5
eights,1
bentleys,3
hummers,3
escalades,3
jaguar,4
tims,5
playas,5
timbaland,1
drawers,3
woolrich,1
coat,76
sprite,9
..,90
playa,10
oooh,344
cork,10
playboy,28
pin,49
buttnaked,1
pearls,23
freaky,35
japan,40
tahiti,2
sweety,1
flavors,2
mafioso,1
lingo,3
dancefloor,19
mint,5
lb,1
tah,4
hmmm,12
kelly,7
threat,44
tags,7
mouuuuuth,1
ad,19
libs,1
doin,12
cryin,89
hohhhhohhhohhhhohoohohohhhhohohhhhhhh,1
ohhhhohhhohhhhohoohohohhhhohohhhhhhh,4
snickering,1
lasers,6
whisper,182
jizzed,7
absurd,22
mainly,5
jizz,14
slut,12
rubbing,6
grocery,7
mostly,12
surprised,55
checkout,9
credit,29
perfectly,52
posed,5
awkward,18
stance,10
cans,29
bothered,18
impressed,25
checked,26
rang,21
speeding,27
alarm,43
bruce,12
willis,1
sixth,12
seriously,21
premature,3
necessity,5
robotic,5
futuristic,3
jetson,2
uniblab,1
flab,2
bidder,2
chitter-chatter,1
madder,5
hatter,1
phatter,1
anti-matter,1
sizzlean,1
official,12
mx,1
missile,6
whinin,2
charts,16
timin,1
severe,11
flava,28
degrees,33
undisputed,4
booted,7
stamina,6
jenner,1
tasting,8
glue,42
outdo,3
one-two,6
flu,14
expedition,1
flav,3
pope,9
knots,16
rope,135
down-breaking,1
forsaken,46
lords,9
tibet,1
sherrif,1
decoy,2
b-girl,1
bodyguard,7
baddest,22
butterfly,34
spectacular,2
m-i-c,1
request,28
epitomy,1
lyte,4
everlasting,140
prevail,33
claiming,12
resting,23
captured,10
witnesses,2
ruffnecks,1
scuba,1
diver,33
chilling,24
pina,1
colada,3
kidada,1
kani,3
5001,1
catwalk,2
ruffneck,19
needs,245
karl,1
saggin,1
timbos,1
draggin,10
braggin,2
triple,15
baldie,1
c-low,1
grin,37
spells,13
relief,41
911,16
swift,15
spliff,23
boxer,5
fitting,8
exactly,100
questioning,21
fiddlin,2
hairs,9
rudeboy,1
raggamuf,1
ranks,6
ruff,8
meetin,6
gottem,1
hit'them,1
avenue,69
thru,32
boppin,6
jock,4
pissin,23
mourners,5
cha-cha-cha,1
mardis,1
gras,1
dopest,2
female,8
thus,12
wetter,11
dopeness,1
guarantee,20
delight,52
visiting,6
others,173
devour,91
accidently,1
hopped,14
hypothetically,1
ok,115
ruin,140
l-y-t-e,1
shocking,8
mocking,7
k-rock,1
batch,4
receiver,6
beaver,5
convert,3
non-believer,2
roadrunner,1
ticker,15
pacemaker,1
roni,1
jawbreaker,1
whipping,11
fingerprints,6
warn,32
initiative,2
smarter,11
losers,17
stares,41
galvanize,3
stumble,60
crunch,28
sit-up,1
apprehension,2
prick,16
hello,428
fatlip,1
sammy,5
salmon,11
complicated,51
floating,117
freshwater,1
saltwater,1
spawning,4
laughed,72
waters,119
keen,7
rely,52
currents,4
tides,47
gravitational,1
amazing,87
.,76
geez,3
polluted,10
developing,6
spawn,25
genitals,22
genitalia,6
penis,10
sexist,8
stupider,1
cleaning,18
vaginas,1
bums,4
formats,1
technique,6
adat,1
brainstorm,1
acrobat,5
sync,11
missions,3
spores,1
strobe,4
hurrying,3
reflects,11
crowds,22
venues,1
needles,15
continues,13
sprinkle,3
cosmic,25
prodigy,6
astrology,2
intellects,2
diesel,17
drastically,18
fantastically,14
fantas,3
automatically,2
techniques,3
strategies,2
abilities,3
cords,4
spring,92
vocal,3
gymnastics,1
pepped,1
swept,29
smacked,4
metaphor,4
angles,10
tangled,52
affections,2
channels,12
compete,19
adventure,14
exploit,6
packs,8
faxing,1
quality,15
damaging,2
manning,1
reverse,39
amplifier,2
sire,5
cuts,100
barbed,11
wire,91
mode,43
select,8
xerox,1
knocks,20
upbeat,1
lifting,32
shifting,32
persistent,6
kingpin,9
mono,2
7-0-6,1
8-0-7-3,1
4-21,1
robot-sonic,1
barely,156
breathing,288
comatose,15
hypnotized,22
stepping,33
rapture,39
sacroiliac,1
spineless,11
sightless,5
24-hour,5
shopping,41
fab,3
freddy,8
soir,1
c'est,21
pas,8
nous,2
deux,1
franois,1
shoots,4
cadillacs,4
lincolns,2
mercurys,1
subaru,2
cheek,42
rap-ture,1
muscular,2
seismic,1
decibel,2
jugular,1
technology,29
digital,27
ladder,23
stopped,133
ting,117
cana,6
annabella,3
jodi,2
rebecca,5
nonstop,7
swingin,14
crunked,2
percolate,3
anyting,4
waan,353
oscillate,2
riddim,15
gyal,984
cyaan,73
nuttin,14
cah,156
par,32
wid,228
inna,823
vex,16
jah,252
agitate,1
gwaan,36
rotate,9
program,24
unuh,68
mek,259
weddin,1
joanna,3
dutty,93
hotstepper,8
murderer,42
gangster,21
ina,84
mul-ti-ply,2
ch-ch-chang,2
chang,5
excuse,75
extra-ordinary,1
strawberry,40
juggle,11
emergency,46
jackrabbit,1
finish,82
nineties,1
g-go,1
bogle,13
sadiki,5
2004,2
weddi,180
dancers,8
iverson,5
biggy,2
remind,166
giggy,2
legendary,40
wha,128
ziggy,1
nadine,2
sutherland,3
twiggy,1
bubbler,1
piggy,8
asylum,12
ribby,1
michelle,16
anuh,94
dibby,2
tackle,38
whitmore,1
bibby,2
tivoli,4
ensome,1
106,1
aj,4
deh,261
titty,7
nuh,1159
screechie,1
ford,15
shelly,4
ryan,7
risen,23
pointer,1
santa,232
ding,30
dong,40
response,20
elite,10
bleaching,2
rights,82
sunlight,137
june,51
flowers,178
bloom,67
video,37
zoom,41
clasp,5
prayer,160
badman,29
weh,427
bun,45
badmind,24
lip,82
shankle,8
ration,4
tighter,27
chedder,1
whore,54
wah-ooooh,7
cap-tain,1
hooker,8
wifey,30
go-in,1
d.p.g,1
plat-inum,1
dia-mond,1
bellow,1
constantly,31
betcha,2
mellow,11
naughty,69
hooray,32
yawnin,5
lickin,5
darlin,186
card,54
shampoo,8
grilltown,1
illtown,2
handsome,36
shrinkin,1
vampin,1
gainin,2
cheatin,17
o.p.p,1
pp,1
heck,8
baker,20
spreads,27
forgave,5
graffiti-written,1
kitten,12
hip-hoppers,1
tip-top,1
swerve,8
bailin,2
wonders,63
hill,161
drown,261
frowns,5
crowns,16
beatdowns,1
tippy,4
pause,49
rawls,1
shout-out,2
neither,47
parker,22
kitties,1
purr,2
solver,1
mook,1
woodies,1
josette,2
jobete,1
jo-jo,1
genae,1
l.o.n.s,1
cypress,2
duh,91
gutter,38
troublesome,2
astral,13
double-dumb,1
mistreat,4
cheating,47
grimey,1
rikers,1
trembling,26
bye,230
gremlin,5
nitty,4
smashing,31
gassing,1
raspy-rasp,1
abide,19
you.s.g,1
besides,14
jekyll,9
hyde,10
unadulterated,1
disgusted,9
busted,32
ruptured,5
vandalize,2
supply,17
highlighters,1
fighters,2
graphic,2
expressed,8
drastic,7
copycat,7
directed,6
expected,28
onyx,9
author,10
anguish,21
heavyweight,1
confused,89
inspiration,37
sticky,50
imitation,18
figment,1
bu-bu-bu-but,1
watered,6
scam,9
foolproof,2
bald,12
choir,40
chyskillz,2
frills,2
crispy,2
ha-ha-ha,22
beware,45
dreads,4
reaction,42
all-madden,1
wreckin,5
tenant,1
crash,160
rented,3
raze,1
gunz,10
tec-9,2
doormat,6
claimin,2
domain,23
pains,36
bloodstains,10
long-range,1
observe,24
nerves,36
fingaz,1
havin,2
obey,47
nick,33
bomboclaat,19
buck-buck,6
ayyo,2
latifah,6
definetely,1
coolin,9
over-flowin,1
mommy,63
owens,2
eminence,1
highness,6
finest,37
chosen,121
in-town,1
experience,38
rumor,8
orders,29
path,267
quarters,10
teacher,41
irvington,2
willowbrook,1
boostin,2
sulamon,1
petty,20
crook,7
ramsey,1
voices,281
reel,11
45,30
alert,14
r-e-p,1
unit,5
swoll,7
shakim,1
hoffstead,1
ill-town,1
jill-town,1
j.c,1
newark,1
redman,3
whitney,5
bon,3
jovi,2
bogeys,1
springsteen,3
shaquille,4
o'neal,1
tisha,2
campbell,1
jerry,8
bennett,1
peppermint,4
nuf,1
burough,1
unstrapped,1
armor,38
harms,4
calmer,2
hometown,41
awwwwwwwwwwwwwwwwwwwwwwww,1
1992,1
rollers,2
saga,3
p-funk,1
gimmick,2
splendid,4
archie,1
bunk,3
phillienot,1
cigar,11
fingertips,35
lighter,34
mmmmmmmm,7
brotha,1
dungeon,7
saliva,4
non-blunt,1
females,13
fucks,31
hee,14
spilling,33
pickup,22
seed,87
tri-state,1
volume,19
redd,2
foxx,2
cess,3
twinz,1
"4,5,6",2
reg,1
woah-woah-woah-woah-woah,8
juda-as,16
juda-ah-ah,12
wash,193
betrays,2
ah-ah,133
ah-ah-ah-ah,28
cruel,143
purely,2
goofy,5
ew,7
biblical,5
repentance,1
wench,2
vomits,3
cultural,5
offensed,1
condom,16
virtue,25
demon,103
woah-oh-oh-oh,10
woah-oh-oh-oh-oh,2
juda-a-a-as,2
colossal,12
insight,13
invites,3
inviting,12
soapbox,4
gracious,25
mega,5
mighty,127
slightly,26
draft,9
bleek,1
splinters,7
wayward,4
compellin,1
shennanigans,1
scally,1
plastered,1
turd,1
no-body,1
lurgy,1
nervy,1
observin,1
media,28
whores,17
shovellin,1
perceptions,7
hoopla-hooblahing,1
snarlin,2
lp,2
knobbly,1
pinch,12
bourgeois,1
blacks,9
convinced,25
uk,12
pigeon-holes,1
frame,60
eighteen,44
bits,57
fourty-eight,1
hertz,1
favourite,57
dicky,4
dirts,2
flirt,21
tac-tics,1
long-john,1
greased,2
slippery,3
slime,10
issht,1
hut,14
terrible,43
phase,55
wi,247
pastor,6
reflect,28
marys,12
dairy,8
fairies,4
fare,9
travelcards,1
guard,58
pa,104
sanity,53
punishment,27
management,26
farms,4
doctors,7
kinky,5
nurses,4
arse,2
schlong,1
clue,55
claw-polma,1
oxidisa-what,1
certify,1
over-heating,1
overworked,1
underpaid,3
spoke,91
blinked,7
pinched,4
screamed,24
awful,59
painful,61
voodoo,24
ghosties,2
spooks,8
art,93
pensive,3
eye-dem,1
nineteen-long,1
sterling,4
bowed,11
prior,2
pinnacle,3
lessons,41
jack-shit,1
strife,39
brass,8
racketeer,1
dwell,48
colour,67
yoot,1
scammin,2
pie,47
greed,120
bloodthirsty,7
yippey,1
modes,2
flooding,21
behold,95
disciples,23
crackle,5
entice,2
dividends,2
new-found,2
rank,22
cautious,18
defend,79
criss,8
skeets,2
greetin,2
bloods,6
ego,60
boost,8
mans,21
jesse,3
middleman,4
sticka,1
cunning,4
drummin,2
enemy,270
sick-type,1
ballistics,1
sadistic,14
error,23
guise,9
chewin,2
tellin,86
frowsy,1
whiff,6
manuva,4
sinners,24
sinny,1
pentecostal,1
preaching,30
quid,6
churchyard,1
well-dressed,1
thanks,97
jews,7
drives,57
interpretation,3
begrudgingly,1
ironed,1
polish,9
chruch,1
far-out,1
views,28
leaky,1
dripping,57
heathen,16
demean,1
blaspheme,2
james,52
translate,3
papers,30
middle-man,1
creator,35
short-cut,1
zion,30
wasting,175
unfold,42
pillow,62
silent,191
prepare,61
duce,1
ranker,1
joked,1
covering,29
insecurities,14
bubbling,5
complexion,10
emotional,31
rut,10
flaved,1
stacey,26
polka,9
dots,15
paisley,3
goose,19
faze,15
preacher,52
haiti,4
rhymed,3
dances,29
creme,1
madam,13
c.j,1
complimented,1
shiny,31
bottling,1
warped,4
gut,14
brag,26
militant,3
level,132
assata,1
shakur,2
elephant,13
steps,108
sheep,79
kangol,1
acid,131
vasco,1
cha-ching,3
rugged,17
bluff,27
indigent,1
oooooh,49
groove,99
brrrr,4
towards,104
passes,24
following,71
lamps,10
spaceship,20
observer,5
rails,8
crowley,7
tragic,42
fooled,25
satan,147
charming,11
alarming,5
nocturnal,27
rapport,1
uncovering,3
conceived,9
scattered,44
afterbirth,2
horse,143
symbolic,20
maiden,6
backs,44
polemically,1
etched,7
stopwatch,2
raindrop,3
swap,10
hourglass,22
sort,50
piledriver,6
waltz,50
heartbreak,77
pamphlets,2
literature,2
waitress,19
miserable,34
comfortable,33
mysteries,19
flashing,41
amber,15
questionnaire,1
planning,23
ruling,8
rescue,131
cherish,31
astray,70
racked,5
pond,16
worm,25
guppies,2
tipsy,6
pinky,1
pucker,5
westward,5
mad-ass,1
inglewood,3
addition,1
pimple,1
connects,7
zig,1
zag,1
phillys,1
billy,47
holda,1
pistola,1
brr,29
buss,117
surplus,7
crack-scene,1
lolos,1
corniches,1
gs,3
connec,3
three-wheeling,1
dealing,49
chuck-wearing,1
sporting,7
beanie,2
shadiest,1
khakis,2
bing-bing,1
s.t.a,1
gang-related,1
tucked,19
zero-zero-apostrophe,1
lyricist,1
wax,15
converse,10
sho,16
connection,49
belongs,71
banger,12
delivered,17
flamers,4
naggers,4
matrix,5
erase,115
djs,5
brainless,3
studied,12
cambridge,1
ebonics,1
gin,24
tonic,10
erotic,3
hpnotiq,1
psychotic,15
brrr,3
9-11,1
patriotic,2
eleven,24
reverand,2
code,54
amazement,2
emptied,6
rat-tat-tat,1
urgent,1
wehandled,1
urgently,1
jerkin,2
dishing,1
sheisty,1
loaded,76
youngster,1
sparks,44
dinero,3
pcp,1
veins,278
lightnin,28
snickerin,1
smitherens,1
starch,1
crease,2
alumni,1
gaza,61
hated,71
bin,8
laden,13
o.j,1
westcoast,2
janky,2
shells,20
cocktails,5
terrorist,10
chucks,4
laces,7
cutoffs,1
triggery,1
canon,2
taliban,2
niggaban,1
mcveigh,1
cook,39
meter,10
firepower,8
nuclear,21
gangstarizm,1
stardom,2
rapid,7
wscg,1
er,21
pr,1
lifestyle,28
westsider,1
al-qaeda,3
soopafly,1
spida,1
likely,15
psychiatric,1
evaluation,5
process,32
elimination,4
dedication,18
bandula,1
six-shooter,1
coolers,1
hollow,174
meal,34
prayers,76
graces,3
afterlife,33
head-on,2
collision,12
multiplication,2
government,52
microsoft,2
xzibit,5
scrape,19
los,9
angeles,7
reinvent,4
blueprints,7
custom,12
muammar,1
khadafi,1
mon,46
instance,1
solar,17
d-o-double-g,1
d-r-e,1
alkaholik,1
signs,150
bark,26
restless,104
relaxed,6
permanently,8
tax,10
baseball,14
bats,11
swole,3
retaliation,5
40-2-40,1
fired,45
gentleman,30
broadcastin,1
walter,9
cronkite,1
spotlight,53
light-weight,1
hennesey,1
jane,34
loosen,25
festivities,1
overcrowd,1
lockdown,4
rearrange,24
z,9
potential,21
mistress,28
ex-wife,1
visa,24
borrow,27
spouse,4
lackin,4
stadiums,2
paladiums,1
craniums,1
titanium,6
twenties,6
stackin,10
estate,18
ike,2
proudly,13
presents,42
effects,11
yank,3
strangle,8
benjamin,6
grimm,1
doc,15
progress,28
a-b-c,3
d-p-g-c,1
xuberant,1
xtravagant,1
xtrordinary,1
xciting,1
x-a-lotta,1
xo,8
xtacy,1
x-ing,1
bitch-ass,3
xcalibur,1
weaponry,2
xceptionally,1
marks,31
naw,27
xclamation,1
desecrate,13
penetrate,9
complicate,20
insides,25
existence,86
flawed,15
isolation,52
brings,191
absence,26
forest,60
scraped,8
magnets,3
boundary,17
ringing,64
causeway,1
ragged,32
myriad,4
consumed,48
greener,13
surrounded,86
embers,27
bridges,81
glowing,56
glimpse,36
forwards,4
sleepwalking,13
dragged,21
altitude,4
unfurled,3
encumbered,2
ambition,32
unsatisfied,10
stray,53
river,510
charlie,19
flames,280
girlie,2
chump,20
deny,210
cookie,8
deceived,31
hidden,111
agenda,9
blender,7
surrendered,9
come-come,10
sugar,255
fierce,16
nipple,7
pierce,17
butterflies,86
appeal,33
existed,10
leash,19
paroled,1
files,2
smartest,2
tickles,2
fancy,66
sid,8
nancy,18
endings,6
sealed,37
uh-ha,2
valuable,1
pendulum,3
swings,9
ticks,25
unreal,34
eventually,33
spite,61
mockin,1
rememberin,4
pushed,125
chatter,10
shabada,1
low-oh-oh,1
designated,2
shaw,4
faded,148
honies,1
monty,3
skirts,7
gangbangers,1
drive-by,1
buzzed,9
neighbors,26
o.g,2
lower-case,1
hundred-dollar,1
underway,5
n-vee,1
scc,1
montell,2
8,10
d.j,2
paul,24
oji,1
tha,8
buzzin,9
percy,6
eighty,24
rush,155
goodnight,84
guillotine,16
ponder,8
shadows,371
barrage,2
witch,43
cobra,2
apocalyptic,10
cult,45
cauldron,8
stomp,75
licks,6
relentless,30
g-spot,3
connected,22
fragmented,3
speech,33
causes,13
screens,18
axis,7
stained,46
serial,6
machine,255
experiencing,2
grinder,6
blinds,29
tunnels,6
rattles,12
mould,15
prayed,45
cleanse,24
silence,460
joins,1
subdued,4
pained,2
disgrace,55
learns,16
deprived,20
struggles,15
shown,56
thee,153
unforgiven,17
dedicate,15
tries,54
battled,3
longer,338
prepares,5
regretfully,1
labeled,4
tragedy,108
cries,181
beside,255
yearning,36
oooohh,1
aaahhhh,2
replace,56
turns,286
seasons,91
changing,168
shorter,11
boombastic,11
romantic,27
fantastic,31
lova,1
shaggy,1
ummm,1
mantic,6
silk-a,1
cuddly,1
quilt,11
filth,32
physique,4
well-built,1
turtle,11
gal,308
captivate,6
khus,2
perfume,46
rejection,21
boom-boom-boom-boom-boombastic,1
boom-boom-boom,2
gee,22
wheeze,2
tickle,12
chum,2
sneeze,3
peas,6
omantic,2
boom-boom-boom-mmbastic,1
boom-boom,8
caress,50
rated,7
jot,2
bastic,2
tick,60
attraction,16
laba,3
chat,85
phart,1
arrow,49
dart,6
bubble,57
bath,23
mmm-mmm,12
uninvited,11
reminded,15
lasts,92
haze,35
glory,284
compares,16
worries,79
regrets,112
bittersweet,47
sorrow,300
uhuh,8
dos,6
tres,3
torture,103
pocket,131
zach,1
galifianakis,1
rooftop-top,1
singletons,1
eater,5
fountain,25
sunken,8
chapel,12
piercings,3
cabriolet,1
treacle,7
tar,23
concentrate,12
chew,40
ruining,7
sundance,5
mat,4
pines,23
thumbin,5
caroline,18
hours,225
pickin,37
bouquet,17
dogwood,2
a-hopin,1
raleigh,5
south-bound,3
fiddler,2
old-time,1
banjo,14
winters,14
a-gettin,3
a-turnin,2
roanoke,2
trucker,4
a-headed,1
cumberland,6
johnson,13
superstitious,8
superstition,7
selasie,1
protect,68
grudge,22
tings,52
jinks,1
copper,27
supe,1
loop,20
sniper,6
striker,2
hitch,17
hiker,1
muma,6
parrots,2
melt,74
belting,1
madden,6
shelf,43
rifle,60
shelling,2
obeah,21
corral,1
haskell,1
bleach,32
models,10
semaphore,1
flags,30
ignored,56
illuminations,1
rainy,56
reckless,70
serenade,21
answering,10
collide,89
heavens,99
stun,4
twinkling,7
vixens,1
spiral,33
hypnosis,2
unnoticed,4
studded,2
headlock,2
creases,2
rarer,1
dandelion,7
burdock,1
post-mix,1
lemonade,33
poured,50
skirt,21
sawn-off,3
aimed,8
shangri-la,1
caricatures,1
wrecking,15
gown,25
damsel,6
patterned,2
alley,27
phones,11
cowboy,30
films,6
gloomy,6
afternoons,7
tinting,2
noon,17
linking,2
sinking,139
edges,24
prize,47
red-hot,3
revelation,24
dozen,26
somersaults,2
supercharged,4
shalalala,23
booby-trap,1
batteries,9
mysticism,1
telescopic,2
hellcat,2
spangled,3
cavern,1
judgement,33
pedicure,1
library,8
quickening,5
canoe,5
ellipses,1
curly,6
straws,4
goo,1
neon,94
blossom,40
flickering,17
suckle,3
canyon,17
eeny,2
meeny,1
miny,1
moe,2
ip,1
pouring,97
wander,102
deepest,44
darkest,150
saviour,61
da-da-da-da-da,23
na-na-na,59
na-na-na-na-na-na-na,20
sits,59
assuming,11
favors,7
rapidly,2
generous,12
rehab,12
ray,42
seventy,9
hathaway,5
mend,70
dried,21
starry-eyed,15
sta-a-a-a,2
s-starry-eyed,1
handlebars,1
glows,17
woah-oh-oh,41
whoa-oh-oh,76
colours,56
carousels,1
playground,23
sta-a-a-a-a-a-a,1
touchi-i-ing,1
whoa-oh,80
over-bored,1
self-assured,1
entertain,18
mulatto,3
albino,3
mosquito,5
libido,4
denial,60
tornado,3
arizona,13
idaho,5
fighter,47
spirit,234
empire,78
repair,21
amsterdam,25
yellow-haired,1
jones,33
black-haired,1
flamenco,1
maria,37
believes,28
tales,38
meaningful,2
picasso,9
stumbling,25
dylan,4
wishes,59
television,33
cocoon,5
transform,16
stored,4
vineyard,1
november,25
conversating,1
vegas,25
wiz,20
tweeting,2
babygirl,6
monsta,3
beatz,1
highed,1
pounds,21
chevelle,4
72,1
double-s,1
orchestrated,1
organization,3
roundtable,2
digging,100
commando,6
rambo,11
rappefied,1
lame,54
fourteen,14
dana,4
danes,1
buckets,4
regal,4
vogues,1
mayonnaise,1
who,2
treacherous,13
medicine,97
submarines,3
manatee,1
studying,3
romances,2
spilled,39
kefir,1
keffiyah,1
larger,20
alice,31
rabbits,6
hookah,2
caterpillar,4
chessboard,1
mushroom,5
logic,25
proportion,3
fallen,232
knight,15
dormouse,3
undead,37
j3t,1
brawl,11
hu,12
tatted,6
knuckles,13
drunk-drive,1
punk-asses,1
faggot-ass,1
johnny,101
fags,6
badmouth,1
pursue,13
tempting,15
slit,44
sarcasm,1
deserves,18
signed,21
p-pointing,1
r-rowdy,1
classroom,3
wolves,74
blades,22
respond,26
rapped,2
stuffed,8
cadillac,28
b-but,1
loki,7
dms,2
j-johnny,1
grew,104
drive-bys,1
halley,2
comet,11
waved,17
stratosphere,6
glance,33
buh,24
salt,82
crushed,45
veneer,1
ropes,20
order,89
balanced,9
fines,2
brassieres,1
sullen,6
britches,4
someway,23
struck,43
milwaukee,8
jagged,12
vacance,3
burnt,52
hallway,17
celebrate,64
parade,50
thread,63
decree,13
hulled,1
clutched,4
hallow,6
spines,5
slittin,1
otherside,9
centuries,30
cemetery,20
a-separate,1
a-slittin,4
spillin,6
scarlet,18
starlet,1
candidature,1
mate,38
bled,53
yell,47
misused,2
withstand,6
december,90
canyons,12
forgiven,61
hospitals,2
oysters,4
attaches,2
hillside,15
manor,3
sometime,45
a.m,28
moments,145
a-kiddin,1
scrounging,2
unknown,143
juiced,2
compromise,47
mystery,113
tramp,4
vacuum,20
jugglers,2
diplomat,1
siamese,6
discover,50
steeple,17
exchangin,1
gifts,41
pawn,19
napoleon,4
secrets,197
fireflies,9
teardrops,56
bugs,24
foxtrot,1
sock,11
insomniac,6
tire,19
counting,134
goodbyes,42
misty,21
farewell,73
bizarre,10
bursting,14
seams,44
crabs,4
january,15
gossip,8
sipdot,1
com,8
g5,1
taiwan,3
bugatti,1
option,25
gunning,5
pitcher,3
mound,6
melee,1
gyaldem,18
schillaci,1
suh,171
seh,431
temperature,30
papa,74
breakout,3
worthless,55
banana,14
sauna,9
bumper,17
exposed,25
wasters,2
remedy,109
de-stress,1
brigitte,1
sanford,1
grady,1
bredda,15
utter,13
hippie,29
panorama,1
bandana,13
louisiana,26
stunner,4
merry,238
metal,323
simultaneous,4
priest,27
dani,4
mourn,31
stealin,11
fader,3
gifted,9
animator,2
minnesota,16
dakota,2
a-gunnin,1
quota,1
badlands,4
svidaniya,2
knocking,62
reruns,3
posture,2
pennyroyal,5
distill,2
anemic,5
leonard,1
cohen,1
afterworld,1
sigh,58
eternally,47
laxatives,2
cherry-flavored,1
antacids,1
tearing,125
anywhere,234
promises,175
mirrors,41
daze,20
shaved,5
excited,46
polly,7
cracker,19
torch,28
untie,7
amazes,10
consume,68
opening,25
instigate,5
habit,45
clutching,5
cure,120
tightly,38
anytime,111
options,17
santeria,1
jaina,2
sancho,3
define,64
sanchito,1
february,14
doorstep,17
widowed,1
bye-bye,22
american,157
levee,21
rye,10
broncin,1
carnation,1
moss,8
sang,110
dean,21
thorny,4
adjourned,1
verdict,7
returned,36
lennon,9
marx,2
quartet,2
practiced,9
dirges,1
helter,7
skelter,7
swelter,1
birds,182
fallout,14
landed,16
sidelines,4
cast,172
half-time,1
sergeants,2
marching,55
refused,13
yield,4
revealed,33
candlestick,3
clenched,13
rage,166
sacrificial,4
rite,12
smiled,44
poets,3
bells,237
admire,22
reborn,48
morphine,11
medication,15
sacrifices,13
core,86
rumour,109
guessin,16
rumours,4
crumbling,35
roses,171
buries,7
kingdom,127
severed,49
penny,27
thoughtsoh,1
goner,9
ballad,1
understan,4
ambishan,4
ca,10
ax,5
whey,10
fram,4
is-a,1
dilla,9
tell'them,5
crissest,1
lirics,1
prissy,1
bisnis,1
billa,3
yousel,1
tee-tar-toe,1
bung,1
dung,40
didle-a,1
choble,1
trenchtown,4
oba,9
observing,4
hypocrites,20
mingle,6
georgie,10
log,23
porridge,5
carriage,4
rummaging,2
pretending,82
happening,62
impolite,3
swine,6
rising,243
melodies,26
you-ou-ou,2
monica,2
boogies,1
knee-stocking,1
teat,2
seldom,10
squandered,3
resistance,29
pocketful,4
mumbles,7
jest,1
hears,41
disregards,1
railway,6
workman,2
wages,6
offers,10
come-on,1
7th,12
declare,18
evenly,1
unusual,5
leadin,2
clearing,12
carries,32
reminders,2
lashing,6
returning,22
ripped,89
hypnotizing,3
cower,5
battery,28
boundaries,36
lunacy,11
pounding,83
aggression,21
obsession,62
deceivers,3
mashing,1
non-believers,4
never-ending,29
potency,1
violence-seeker,1
weaker,13
breeding,12
powerhouse,1
fury,29
dominating,2
flurry,2
self-destruction,11
sucking,35
leading,74
construction,9
puppets,12
twisting,37
blinded,121
needlework,4
betray,45
clearer,31
monopoly,23
ritual,32
misery,250
numbered,13
season,133
occupy,10
infecting,7
destroying,15
whale,19
grail,12
remorseless,1
emperor,21
commands,10
govern,2
completely,100
immersed,10
lungs,154
oars,5
propels,1
harpoons,1
thrust,9
directly,8
brow,26
untrue,38
hesitate,60
wallow,14
mire,11
pyre,24
pork,12
mustang,7
radiohead,2
eighteenth,1
birthday,75
matching,7
pact,12
removed,17
muse,15
journey,73
realms,22
yonder,16
chattahoochee,5
hoochie,6
georgia,58
asphalt,14
pyramid,34
pale,85
muddy,33
haw,21
cone,8
yeah-eee,1
i-i-i-i-i-i-i-i-i,2
willing,59
oh-yeah,5
wo-o-o-oah,1
beaten,48
the,13
bare,140
underestimate,11
breathless,20
depths,55
despair,89
shared,43
blessings,74
treasured,5
reap,42
sow,38
sucks,40
justify,44
interact,3
contract,8
says/she,6
freight,29
stain,58
lucked,1
suggestion,6
chainsaw,13
braved,10
storms,47
braver,2
no-oh,8
apologies,33
nest,14
aqua,1
seafoam,1
sunburn,1
freezer,7
null,2
blur,24
fades,96
disillusioned,9
nightmare,140
morgue,18
unsuspecting,4
victim,144
sally,73
haunting,50
counted,17
webs,2
spiders,18
eating,71
indecision,17
treason,18
staying,86
180,1
disappears,31
seizing,3
floods,21
soaked,39
swims,3
assure,11
drowning,193
bathe,28
becomes,106
confide,18
satisfied,104
roamer,2
wanderer,3
nomad,2
vagabond,7
redefine,10
adapt,8
wandering,56
ties,73
carved,43
wherever,188
skyline,29
wraps,19
blinding,46
twilight,36
frk-frk-down,1
slips,57
jokin,4
pennies,11
waking,175
fills,60
impression,15
screamin,43
pisces,5
heart-shaped,10
drawn,82
magnet,8
complaint,12
debt,59
meat-eating,1
orchids,2
hymen,1
your,5
umbilical,2
failing,47
sneak,21
explanation,9
cultures,3
opinions,22
whine,129
melodramatic,2
neurotic,6
adding,15
cracking,20
stoned,84
shrink,9
analyze,8
bore,82
grasping,6
moods,7
reproductive,2
glands,7
bruises,24
drain,94
infection,32
passionate,8
dilated,3
pupil,3
healthy,28
indebted,1
grateful,52
fluids,6
vitamins,3
stubborn,10
reminder,20
sailing,33
suburbia,16
soda-pop,1
ritalin,2
make-believe,32
crucifix,9
womb,39
brads,1
alcohol,16
cigarettes,55
7-eleven,3
motto,9
misleading,15
graffiti,10
stall,41
confirmed,7
recycled,7
cradles,4
anaheim,1
dearly,9
beloved,19
demented,7
disturbed,3
ooh-ooh-ooh,121
therapy,54
retarded,12
overjoyed,8
accused,12
exist,121
masochists,1
victimized,14
armageddon,25
howling,41
hymn,15
dawning,29
drum,92
protester,2
gag,6
monument,9
representative,3
sieg,2
heil,3
gasman,2
pulverize,2
eiffel,7
towers,23
criticize,22
trials,28
setting,63
outlaws,10
shallow,62
borderline,30
brian,3
effortlessness,1
strangely,14
comforted,2
t-shirt,27
innovator,2
net,34
aware,73
frightened,39
acquire,4
unforecasted,1
collected,5
commanding,4
renditions,1
jokes,38
hundreds,13
blokes,2
wept,28
clover,13
maya,2
lacking,20
depth,28
threes,1
strangest,8
lengths,6
choosing,28
confessions,13
hint,13
failed,69
flailing,7
maths,3
buzzes,2
detuned,2
hairdo,5
crashed,25
payroll,4
phew,3
valleys,26
reconciliation,1
present,61
draining,15
whoh-oh-oh,16
weights,6
deafen,1
hurricanes,6
bathed,9
uncurled,1
choice,181
fritter,1
offhand,1
racing,47
relative,5
naught,6
page,111
scribbled,1
desperation,45
tolling,2
faithful,169
fading,220
boring,30
insist,6
sleepy,34
i-i,27
colorful,4
lifts,10
vibrations,29
excitations,15
oom,9
exci,1
tations,1
sensation,40
a-happenin,3
dashboard,9
suki,2
cherokee,7
gasoline,54
trampoline,7
nought,2
accelerating,4
swaggin,2
illegal,26
shift,49
heels,59
wires,50
scares,12
su-su-summertime,4
heavenly,49
brightened,1
verb,4
feathers,27
impulsion,2
shakes,30
teardrop,13
confession,20
yooooooow,1
plat,3
vybz,16
zamunda,1
41,3
worl,13
clarks,8
hotskull,3
bait,71
bwoy,224
raving,16
pickney,29
frass,4
toll,45
gosh,24
zamundam,2
concern,25
learnin,18
conquerors,3
sacrifice,164
receding,8
distant,114
balloons,12
comfortably,6
pinprick,1
fleeting,28
tutting,1
heel,36
strutting,2
madame,8
opaque,5
shades,95
sides,79
doo-da-da-da-da-da-da-da-dah,2
yeah-ey,1
curtain,38
blindfold,7
greets,13
adapts,4
caves,22
undertow,33
riddle,17
politely,10
bitterness,26
defense,33
granting,3
innocence,102
grant,45
worried,91
pills,115
horrid,7
accomplishment,4
passions,6
smoldering,3
suffocating,34
drinks,78
arrive,57
cheshire,2
blurring,4
owl,14
noises,29
circuit,6
cameras,10
notes,36
pretended,5
instruments,15
trudging,2
shifts,7
stark,7
barking,10
coiled,8
bicycle,14
blatantly,1
caked,5
unwilling,5
uncooperative,1
springs,9
muck,8
visitors,6
dickhead,5
reaps,2
rewards,17
forced,57
canopy,6
19,9
placed,34
reasonably,2
aftertaste,3
hammock,2
cruelly,6
base,29
scales,18
fiddles,6
balancing,5
gagged,11
crafting,2
tale,59
trailing,5
gasp,13
curl,40
burl,9
pins,9
cutting,102
powerless,16
bend,160
locket,13
rockers,8
prepared,72
tend,45
sweep,41
messages,27
do-do-do,48
trickled,1
lengthy,2
web,40
overthought,3
distorts,5
idle,26
echoes,47
displaced,7
flirtations,1
constellations,4
sought,18
misread,1
volunteer,3
carve,20
slice,28
marrow,27
dessert,5
eaten,20
appetizer,1
eviscerate,2
silently,29
points,18
handshake,5
sown,23
slows,13
malaise,2
expendable,4
isolate,3
trained,23
personnel,1
collar,29
arkansas,5
moly,1
nothingness,24
pumpkin,10
moats,2
boats,10
waterfalls,14
alleyways,3
barefoot,21
afree,4
jade,1
rushed,5
deeply,16
aww,21
payphone,1
chemicals,42
denied,62
hush,93
hopes,122
susie,7
skimming,2
crocodile,21
bopping,2
lawdy,3
wore,48
dresses,12
laa,5
la-la-la-la-laa,15
thrills,32
jonas,2
carryin,2
grandma,63
choo-choo,19
wepeel,1
received,13
foreman,5
injured,3
dozer,1
swears,12
math,7
workers,15
glitter,31
alchemy,5
shivering,14
openi,5
sew,22
channeled,2
compassions,1
decorations,16
association,5
answers,117
uptight,12
paranoia,28
awakes,7
watches,14
whirlwind,11
heir,10
shyness,3
criminally,2
vulgar,4
particular,5
pregnant,8
tasted,32
maggots,14
offended,7
maggot,22
hypocrisy,20
painted,79
liffey,1
fireworks,28
remembered,39
startling,1
divide,67
abandoned,73
outfought,5
outdone,7
outmatched,5
outrun,22
symphonies,5
transmissions,5
echoing,23
oceans,90
fires,81
suns,32
misunderstanding,6
meaneryes,1
cranberry,1
raging,55
winds,97
forties,3
12:51,1
mechanized,3
turks,2
authorities,3
sunny,102
ancients,2
paddling,23
guidance,20
misled,2
hostile,14
politicians,11
vote,6
adults,3
elect,2
workplace,1
sixteen,42
unsafe,2
victims,54
warnings,11
operation,16
odious,3
passively,3
gears,20
levers,2
apparatus,6
wretches,3
hi-hat,2
combat,14
indicate,1
prevented,2
sell-out,1
chart,9
stairs,55
vary,8
roadhouse,3
robby,3
eeeeeh,1
beep-a-gunk-a-chucha,1
honk-konk-konk-kadanta,1
each-ya-puna-ney-cha,1
bap-pa-lula-ni-chao,1
pao-pati-cha,1
ni-saong-kong,1
ashen,6
vows,22
uncertain,8
unwanted,10
uneven,7
remembers,19
bruised,56
stove,25
stumblin,10
groves,4
weave,22
minarets,1
alphabets,1
unconsciousness,1
enclose,1
ooo-ahoo,2
ah-yah-ahha,2
am-aba-ah-ah-oh-oh,2
am-ah-ah-ah-oh-oh,2
negativity,32
surrounds,38
praying,98
oh-oh-ohh,39
blood-drenched,1
dow-own,1
why-ohhh,4
why-ohh-ohh-ohh,4
ay-yay-yay-yay-yay-oh,2
hangover,22
soothing,15
motorcycle,10
recognition,9
drying,7
sussed,1
hundredth,2
grenade,9
atop,5
roofs,6
trench,6
shovel,16
choppy,3
hearse,11
contain,44
ignoring,25
pappa,2
reeling,21
continue,38
miser,3
sly,20
upriser,2
kaiser,2
pauper,8
unimpressed,3
excess,11
piggies,2
hoosegow,1
cough,18
ability,13
agility,2
fertility,1
mobility,1
scrub,14
chug-a-lug,3
giver,7
wither,14
clockin,6
bot,5
tailpipe,2
abraxas,1
hydroplane,2
massive,26
flight,149
laced,8
tailin,1
stratus,1
curb,7
sleep-deprived,1
simp,4
slot,5
one-hit,1
tilt,3
sickness,60
nail,50
crucified,21
ski,7
lycanthropic,2
manic,33
cycles,20
bibles,6
ragin,6
taxi,38
nearest,7
drilled,3
pierced,12
crow,35
floatin,24
nexus,8
threadin,1
coverin,2
you.s.a,24
refinery,3
hiring,1
khe,1
sanh,1
viet,1
cong,1
saigon,1
counts,14
slipping,99
ooh-oh-oh-oh,2
saddest,12
carefully,12
comeback,4
pearl,19
aoww,1
evergreens,2
cabin,13
goode,5
gunny,1
railroad,10
engineers,1
strumming,7
adore,113
attached,34
breed,60
kinds,37
breezy,15
facing,70
searching,251
93,3
240,1
irrefutable,2
necessary,20
telescope,9
landfill,1
carbon,12
monoxide,1
alarms,24
surprises,13
bellyache,1
ins,1
outs,2
tangier,1
spear,17
post-christian,1
post-chicken-or-the-egg-addiction,1
neo-reality,1
nooooo,3
plethora,1
maniacs,3
davis,2
wing,38
entrance,22
linens-n-things,1
tesla,14
ninth,4
jpeg,1
ber,2
intern,1
wikileaks,1
therefore,14
changer,9
reclusive-aggressive,1
ying-ing,1
yang-ing,1
noided,1
hacker,1
stoner,7
momentary,7
lapse,9
gothic,1
lemons,3
shred,11
atm,2
homeless,13
prodigal,5
nautical,2
teachin,7
backstroke,1
k-hole,1
coconuts,1
burmese,1
cray-cray,1
ultra-contrarian,1
serving,16
sandwiches,4
vietnamese,1
row,98
untraceable,1
dethroned,5
detained,3
gripped,11
steeze,2
bubblin,2
lic,1
unconscious,12
molotov,2
cocktailin,1
stiffs,3
fence,42
cunt,33
blood-stained,3
knuckle,10
ex-con,1
eons,5
strangelove,1
megatons,3
gong,10
freaked,3
intent,35
anti-legal,4
my,11
euh,1
blackjack,11
mainline,3
rattlin,6
shawshank,1
contained,10
vault,6
accelerate,2
bankroll,4
back-handed,1
bloke,5
scuzz,1
midnighters,1
gated,3
terrorizers,1
hitchhikers,2
lifers,1
slummin,1
scar,74
crawlin,15
on,3
tile,6
kommodo,1
inland,1
anti-ego,1
propaganda,7
2012,4
baggin,1
scrapin,4
waggin,1
beggin,20
warned,54
barrels,5
roar,90
guarding,9
barb-wired,1
maps,14
cycle,53
repeated,9
explosions,7
conflicted,2
blazes,4
makeup,34
overwhelmed,35
c-come,2
acidic,1
forcefully,3
rust,72
rusted,18
pollution,14
manifested,1
perpetual,18
sunset,86
chain-link,1
floats,14
crumpled,1
distrust,10
hey-ey,21
heeeey-yeah,1
slight,7
hooooo,1
eclipsed,6
caviar,5
four-star,2
football,16
do-goody-good,1
high-fidelity,1
travelling,9
learjet,2
chuckles,1
absolutely,27
certainly,12
definitely,14
geezer,2
cruising,9
bruising,6
yelling,16
sorted,3
map,32
bearer,9
thrashing,15
manners,9
lunatic,19
daisy,34
loonies,2
lunatics,6
folded,10
paperboy,1
dam,26
explodes,20
forebodings,1
hahahahahahaha,2
hehehehehehehe,2
bursts,5
marvellous,1
immoral,6
gravel,8
busts,2
pipes,15
bloodstream,20
intervened,2
three-sixty,2
cyclone,28
coma-overdose,8
stem,11
exert,2
revert,2
avoid,42
steroids,2
ejected,2
neglected,6
leak,10
giant,38
leap,39
ignorance,75
puts,39
wounds,120
surface,70
consuming,28
self-control,12
controlling,21
confidence,65
discomfort,3
endlessly,64
distracting,2
reacting,1
reflection,95
ignore,104
instincts,18
blindly,28
maddening,3
red-handed,3
phoniness,1
loneliness,114
stretched,27
failure,79
defenseless,14
senseless,18
convince,24
unwind,31
pushes,11
unwinds,7
barbara,40
ann,47
reelin,13
hal,1
scratchin,3
peggy,24
sue,26
outro,17
insecurity,10
smother,8
trading,12
shield,45
idiot,42
subliminal,12
mind-fuck,1
alienation,13
redneck,12
modern-day,1
sawyer,3
reserve,2
events,11
society,88
myth,18
invades,6
hopeful,11
discontent,7
permanent,33
friction,15
hey-yeah,16
pbr,2
daniel,24
nascar,9
facebook,5
myspace,2
nra,1
firewater,3
paleface,1
dimebag,1
favored,5
disneyland,1
jfk,4
mickey,6
mouse,14
eastwood,1
pepsi,2
text,99
nfl,1
nba,4
brett,1
favre,1
all-american,4
anarchy,15
sum,30
threat'ning,2
red-coal,1
carpet,21
bull,28
flood,133
fated,9
vengeance,55
bites,18
clenches,2
blanket,32
soho,6
amusement,6
pinball,9
statue,11
bumpers,2
digit,2
counters,1
supple,2
distractions,9
a-flashin,1
flipper,4
sarcastic,6
know-it-all,6
kentucky,44
push-up,1
health,38
lone,46
drawl,4
good-bye,5
soft-spoken,2
autumn,46
hi,80
justin,15
2:33,1
cockroach,1
reels,5
porno,29
sober,84
doubted,13
compliment,16
camouflage,7
parts,80
claimed,13
saint,100
banished,8
punished,9
marlon,12
brando,12
antics,4
3d,5
blasphemy,31
pictured,7
manchurian,1
candidate,2
sinned,9
interest,25
solved,2
tread,20
git-go,1
fucker,26
cocksucker,1
dumber,6
vinegar,1
smear,7
chompin,1
tit,6
literal,3
profanity,1
fodder,2
backstab,2
sideswipe,1
biggity-biggidy,1
houser,1
tactic,3
lippin,1
basket,7
payoffs,1
needlenose,1
irate,8
politics,26
everlong,2
frustrating,6
aisles,2
itchy,11
worms,55
divided,38
ee-oh,2
oooh-yeah,3
twisty,3
sis,4
krispy,8
kreme,7
500,3
crimes,36
shark,38
poop,7
labels,8
fireball,4
swallowed,60
anaconda,2
kreeeeeeme,1
discovering,8
porcelain,7
bubblegum,30
blankets,13
pillowcase,1
frustrate,1
soma,2
sunbeams,5
fig,2
faithless,13
expecting,34
smothering,6
disappointed,10
qu'est-ce,6
que,55
fa-fa-fa-fa,6
fa-fa-fa-fa-fa,6
fa,17
aye-ya-ya-ya-ya,3
ce,5
j'ai,1
fait,4
soir-l,2
qu'elle,1
dit,2
ralisant,1
espoir,1
lance,2
vers,2
gloire,1
aye-ya-ya-ya-ya-ya-ya-ya-ya-ya-ya-yeah,1
polite,8
slipped,70
marianne,5
climbing,37
aruba,4
bermuda,4
bahama,46
montego,4
florida,7
kokomo,11
tropical,8
melting,43
martinique,1
montserrat,1
mystique,4
chemistry,33
defy,30
moonlit,33
dreamy,11
port,9
au,8
underwater,47
unusually,1
blank,35
pages,77
smelled,8
scentless,2
apprentice,11
electrolytes,1
semen,9
perfumed,1
formulas,1
pressing,13
soil,72
fertilize,1
mushrooms,8
leaking,16
fumes,19
contradictionary,1
illiterature,1
ape,13
nave,17
possibilities,5
possibility,21
ahahaha,2
conjuring,8
preserved,5
heater,7
occurring,3
repossess,1
venture,7
unnatural,9
pronounce,11
especially,24
two-pound,1
gorgeous,36
lad,14
smirnoff,3
reef,3
hillsborough,2
sketch,3
lads,6
squaring,1
shouting,17
queue,5
annoyed,9
surrender,253
retreat,25
drunken,21
hatched,1
indicates,2
secure,16
tambourine,22
jingle,233
jangle,8
followin,10
vanished,11
weariness,3
branded,7
swirlin,2
senses,71
boot,20
madly,23
fences,14
vague,11
traces,12
skipping,22
foggy,8
ruins,50
frozen,139
waving,31
silhouetted,4
circled,4
circus,30
sands,22
gently,67
weeps,18
surely,109
diverted,5
perverted,6
inverted,7
alerted,2
smoky,5
butler,4
backseat,48
skippin,7
racin,4
six-pack,3
prom,16
danced,74
swore,55
exact,8
sticking,25
unstuck,7
lurch,2
swapped,1
overcoat,5
colourful,10
puppet,35
tracy,3
time-traveling,1
cutter-shaped,1
heartaches,35
lining,37
ranger,5
satisfaction,30
imagining,11
meeting,21
lifetimes,4
unfair,28
misbehaving,5
motor,33
shaking,94
quaking,2
double-time,2
seduction,25
a-mine,1
applause,11
dragging,53
a-coming,6
stylish,10
shovelled,2
wombles,2
truncheons,3
shields,8
houses,27
headrush,1
chewing,20
coughing,7
sighed,1
fewer,3
distressing,3
sights,57
englishman,1
length,20
68,5
renegotiate,1
stretchin,1
traffic,41
5,19
devotion,52
mmmmm,3
wallet,14
unclean,12
hatred,107
deceiving,34
beatings,9
wilted,3
satisfies,12
sleeve,57
believer,81
warden,7
wail,17
jailbirds,1
jailhouse,11
spider,30
murphy,1
tenor,1
saxophone,7
joey,4
trombone,1
drummer,5
illinois,9
forty-seven,3
cutest,8
jailbird,7
delighted,7
weeping,42
wooden,18
henry,18
bugsy,1
nix,2
traveling,36
icky,11
who'da,1
thunk,1
mexico,33
redhead,2
espaol,1
rum,151
americans,2
immigrant,1
handcuffed,2
beholder,1
waah,1
castro,3
amigo,6
beamer,6
dominica,1
hiroshima,1
ex-boyfriend,2
teacha,15
iphone,3
blackberry,4
twitter,5
study,10
exam,2
capricorn,1
otherwise,9
rural,1
singular,4
plural,1
si,68
empress,1
vehicle,5
mini,7
doh,28
enuh,25
adidja,6
palmer,6
mixpak,1
yow,95
glasses,46
moet,4
quacked,2
flasks,2
crosses,16
office,23
tun,59
careless,45
hehehe,5
bean,10
kartel,9
wah,178
dawgs,39
chargey,4
lively,6
addi,25
tabernacle,1
cotton,38
yea,163
brethren,13
steven,8
segal,3
medial,2
jeasam,6
bitten,9
fie,1
roling,1
gargoyle,3
tower,53
rhinestone,3
factories,6
paralytic,1
pixels,5
washed,80
pylons,1
rhinestones,3
bowses,1
growses,1
abstinated,1
immovable,2
clinging,11
atoms,7
adjustment,1
loyalties,2
reverberates,1
corrupted,19
vacant,30
pacify,12
warmth,75
plagued,9
urgency,5
misses,10
longs,10
sorcerer,1
buh-bow,10
wee,18
holly,40
tyler,4
moore,8
guardian,11
shoe,19
admired,3
offend,11
countdown,31
culture,20
chess,8
nice-nice-nice-nice,1
twenty-nine,4
attributes,1
requires,3
odd,10
religions,7
platform,8
cord,24
respects,4
condolences,11
regards,4
receiving,25
sheds,17
chooses,7
ceases,2
siphon,3
exploding,10
everydays,2
silhouettes,9
rots,14
debases,1
haunt,57
depravity,5
pretendin,3
cross-hair,2
shattered,91
wane,1
cheetahs,3
legion,13
cleopatra,17
rocky-rocky,1
bronze,7
cashmere,4
palace,28
chandeliers,5
pyramids,4
cymbals,2
jewel,11
samson,4
remove,25
six-inch,2
pimping,2
convos,1
bubbles,12
suite,4
rubies,1
woodgrain,1
bathwater,1
unemployed,7
cowgirl,1
tails,12
guessing,28
puzzles,5
oh-ooh,22
ooh-ooh-ooh-ooh,47
ah-ooh,28
shines,138
parasite,53
endorphins,2
eyesight,7
and/or,4
virus,37
protector,12
kennel,1
ecto-plasma,1
ecto-skeletal,1
obituary,4
scent,47
recovery,6
mourning,32
steering,9
equally,7
bleak,17
tends,7
favour,13
untied,12
forcing,19
curiosity,7
flattering,3
bind,29
deserts,7
horn,18
banners,12
footprints,23
deed,28
lays,20
conspiring,6
candlelight,12
cliff,15
sail,115
tempests,1
hides,32
stealing,41
flaming,15
ohohoh,13
blooming,16
sparkles,2
rod,9
douse,1
swam,13
tasty,18
candle,72
gamblers,3
a-itchin,1
tumbling,27
flashin,6
sixes,2
sevens,4
nines,5
outsider,6
shooter,10
wading,8
stormy,65
eyeballs,11
reds,5
greens,7
fruits,14
toenail,1
hid,20
lear,3
jets,10
808,8
rockets,8
unsung,13
obsolete,20
meek,18
impostors,1
quick-witted,1
tripping,41
firing,8
lineup,1
slain,23
iller,1
quiver,8
breakdown,27
takedown,4
banksy,1
brainwash,6
bends,26
bloodlines,2
wrongs,28
wildest,47
unborn,14
android,4
opinion,36
gucci,87
height,21
pigskin,1
yuppies,3
vomit,27
eternity,110
euphoria,18
you-you-you-you-you-you-up,7
allowed,32
infinity,45
divinity,17
twenty-six,7
big-time,1
hard-line,1
fist-fuck,1
breasts,6
spain,21
india,5
buttercream,2
prototypes,1
rare,56
meals,7
substance,19
manos,2
arriba,2
pom,5
poms,3
forrest,18
gump,10
beetle,4
buff,9
forty-four,6
endeavors,3
winding,35
desolate,11
surround,68
reveal,37
feather,64
spreading,51
imaginary,17
betrayal,8
intoxicated,7
ooh-ah,13
nightmares,68
cosy,3
girlfriends,12
fiery,24
stroke,17
ridden,13
barren,36
oasis,6
deathless,3
doses,4
fiction,37
unclear,10
solutions,9
absolution,15
narrow,22
cobblestone,3
neath,27
dared,10
disturb,11
raindrops,26
echoed,8
wells,5
flashed,7
forming,12
tenement,2
april,31
ripe,8
swelled,2
prowl,14
august,15
chilly,8
september,33
wrappin,4
ribbons,14
wrapping,8
whispering,52
a-hey,1
hey-ah,1
singer,17
one-night,1
grooving,9
shouted,9
a-heh,1
electrified,3
funking,1
honky,44
overthrown,6
slept,35
unlocked,3
lust,145
pavements,13
tingle,2
vamp,6
salvation,139
addictions,3
oh-ah,3
ah-oh,1
fangs,21
eins,1
zwei,1
drei,1
alle,2
bunker,2
convene,1
1:15,2
brixton,1
deadwood,4
weaklings,1
strengthen,8
showers,13
ovens,1
queers,3
coons,1
britannia,1
coloured,8
cousins,6
roundabout,21
tongue-tied,16
marmalade,1
slumber,19
beddy-bye,1
a-do,1
untraveled,9
paths,19
whoa-oh-oh-oh,35
oh-ooh-oh-oh-oh,10
alongside,9
groovy,39
moist,6
systems,12
evidence,37
abort,5
weightless,26
stabilizers,1
runnning,1
requested,1
affect,14
responding,7
thrusters,1
understands,31
overflow,24
humbles,1
troubles,153
file,12
bloodclat,1
kunte,1
handgun,4
lung,7
kuff,3
kaff,1
kweff,1
waterford,2
soak,15
wen,30
memba,11
noweh,12
jansport,3
calabar,2
har,54
kno,15
sponser,1
mitsubshi,1
lancer,1
afi,1
bonanza,2
goom,1
vein,31
sponsa,1
oxford,2
flicker,15
punktious,1
crucify,19
michelangelo,1
rewrite,10
aggro,1
furied,1
tops,19
paris,81
j'veux,1
mourir,1
toute,2
seule,1
da-di-da,4
da-di-da-dadda-da-di-da,2
lberate,1
amor,2
motionless,5
happiness,122
agony,73
wounded,44
caged,8
guessed,11
reflected,5
refusing,6
for,9
bloodshot,29
denying,34
nana-na,21
chocho,4
blow-wow,2
sharlene,1
hygiene,1
lilly,1
brawling,2
bruk,86
ray-ray,2
slims,1
condoms,2
uhhhh,13
curtains,45
itty,4
bitty,29
swizzle,1
fright,18
urinal,1
purse,9
tranny,1
bonin,1
rick,14
grannie,1
coo-coo,1
grandpa,5
itch,45
raping,14
nerd,5
roughy,1
mm,251
twinkle,13
2,46
4,30
6,19
1970,1
tubesocks,1
54,4
rufus,7
baptist,3
baptized,31
stockings,13
fireplace,11
sleigh,83
cupid,46
mistletoe,94
sorta,13
valentine,36
carols,14
peru,2
cookies,22
never-neverland,1
neverland,7
pole,44
tempt,19
fusing,1
choosers,2
teamsters,1
dwelled,1
21st,7
20th,4
deadline,3
condemnation,5
homeland,17
security,35
13,15
humility,9
decline,23
1969,3
4th,5
cons,3
worker,23
quo,5
pillar,5
strangles,1
rah-eh,9
revolt,8
honor,65
oh-eh-oh-eh,10
overthrow,19
effigy,10
vast,25
majority,4
rally,11
insurgency,3
sacrificed,20
conditioned,7
vicious,50
frustration,39
unshaken,7
cloned,2
c-flat,1
aches,37
oh-whoa,43
syrup,16
zombies,4
splash,13
restore,20
spoon,35
overdrive,21
everythin,7
a-okay,1
oldest,21
drawin,2
lemon,11
v,2
pools,13
maroon,3
jeremy,13
ruled,22
harmless,4
unleashed,18
gnashed,1
recess,15
hurting,110
affection,64
blackboard,2
bleached-blonde,1
frisky,2
pool-stick,1
combo,3
four-wheel,7
louisville,3
slashed,5
cheats,17
white-trash,1
shania,3
karaoke,5
dabbing,1
polo,5
continually,1
fathers,20
behalf,4
darts,6
t.w,1
slapped,12
ole,34
tonk,37
badonkadonk,12
donkey,5
kong,13
whoo-wee,3
oughta,48
money-maker,1
shuts,6
honkey,1
flush,22
medallion,3
earthquake,10
ooh-hoo,9
outlaw,30
bumming,10
weighed,9
smooches,1
sweetly,6
discreetly,5
teamwork,1
posish,1
dish,13
zanzibar,6
wink,6
brink,25
insincere,7
solve,47
whack,6
adversary,8
anniversary,8
tarted,1
fibbing,1
oh-woah,75
topshop,1
rockstar,19
fad,7
including,2
policemen,6
hats,13
knackered,1
tracky,3
bottoms,8
n't,19
ringtones,1
du,310
sherlock,1
holmes,1
scrap,4
cues,6
overstep,2
dyed-black,1
illusions,29
restrained,7
harm,59
woah-woah,12
subside,9
mardy,2
cuddles,3
reight,3
argumentative,3
disappointment,5
arsed,1
debate,14
reoccurs,1
commitment,15
harmony,43
biology,3
geometry,4
hmm-hmm,8
machinery,4
commotion,7
elements,12
sakamoto,1
tidied,2
tubes,6
antiquated,1
notions,8
thorns,30
shuffles,3
di-dee-da,6
da-dum,3
someplace,12
novelist,2
davy,4
navy,4
practicing,8
businessmen,6
manager,8
carnival,19
vacancy,37
imagined,24
healed,26
tenderly,11
gazing,14
tranquility,3
hurdy,48
gurdy,60
histories,1
unenlightened,2
humanity,46
roly,10
poly,11
demands,10
awakening,6
repay,12
blamed,34
scapegoat,12
shamed,5
reasoned,3
guilt-stricken,3
sobbin,4
merely,15
freshmen,7
valium,3
relationships,4
baton,6
rouge,3
thumbed,1
rained,25
harpoon,2
windshield,4
wipers,3
mcgee,9
coal,41
salinas,1
finds,44
tomorrows,26
mhm,37
subtle,20
accept,106
puzzle,18
guilt,71
pointing,14
condemning,3
pumps,5
wartime,4
novelty,1
machines,52
imprisoning,2
absolute,16
landmine,5
elegant,4
overwhelming,28
jobs,23
offices,1
commute,2
playgrounds,1
boredom,9
anew,17
divorce,13
indonesian,2
wacs,2
recruited,2
maids,1
e.s,1
tommys,1
robins,2
ricks,1
tailor,3
suitcase,22
satisfy,81
mistaking,5
feigning,3
prisoner,18
possession,37
relent,11
tethered,25
freed,13
brightest,30
champion,92
students,4
preachers,8
believers,14
astronauts,5
champions,5
truth-seekers,1
heartache,106
boyfriend,91
confidential,5
a-rushing,4
rushing,34
unlike,31
unsure,27
surreal,7
grips,13
unbroken,3
unbreak,1
unchain,3
uncertainty,7
sundown,20
pales,3
t'would,1
fishnets,3
discarded,11
niceness,2
crisis,26
tabasco,3
rascal,2
slag,8
flicking,4
sentimental,26
mecca,1
dauber,1
betting,8
sounding,23
ambitious,4
juvenile,15
vienna,14
harmlessly,1
grassland,1
dimly,2
unease,1
jordan,21
obedient,1
trodden,2
corridors,11
terminal,10
shepherd,10
pastures,7
leadeth,1
knives,39
releaseth,1
maketh,1
hooks,10
converteth,1
cutlets,1
hath,8
cometh,1
lowly,6
bugger,3
bleating,1
babbling,3
avengers,1
cheerfully,2
obscurity,4
evenin,21
a-starin,1
overtook,3
readin,11
aces,13
bummed,8
deathly,3
expression,18
loser,101
drone,22
entry,3
entwined,17
envy,34
goodie-goodies,2
hoodies,1
strict,9
extortion,4
abortion,11
magnum,6
threaten,5
buddah,1
pookie,1
remo,1
beatstreet,1
chic,6
hawkin,1
undernourished,2
egos,5
sliding,14
scale,22
endure,24
interferes,1
inertia,9
dearest,11
careering,1
endearing,3
irritant,1
itching,7
eider-down,1
nylon,2
bedspread,1
footing,2
incomplete,32
fours,10
tin,48
danser,1
neat,84
totally,57
abuse,46
che-eck,3
leadership,2
kaleidoscopic,2
look-a-like,1
huddled,6
wicker,2
wandered,29
elongated,2
smelt,4
seatbelt,6
shortcuts,4
parrot,4
beak,4
messing,37
letraset,1
cornerstone,1
beatdown,7
chaos,105
mane,9
leanin,9
dismiss,12
transmission,17
huffs,3
hulu,2
cue,13
swollen,12
remorse,49
navigated,1
matador,3
whimper,10
drifts,8
consciousness,13
strangler,1
sine,2
deconstruct,2
lucid,11
booyakah,1
cuppin,1
hunter,35
lanin,1
ripper,2
goldfish,4
photo,21
yacht,9
bump'n,1
grind'n,1
effort,12
leggo,20
shouldda,1
crome,1
whips,30
errands,1
seize,28
bundiddlydung,1
peddle,1
josie,2
awhile,60
yeahhhh,6
ohhhhh,6
yeahhhhh,2
yeahhh,6
sta,1
gyptian,3
immediately,5
ahhh,41
subconsciousness,1
immortality,12
happiest,3
tours,2
yeahh,13
ohhhh,37
pipeline,3
filling,41
provided,5
scouting,1
punish,17
calendar,16
frigid,13
drowned,33
overdue,16
skyfall,16
poles,15
chinatown,6
canal,1
bowery,15
ash,49
deception,27
disgust,21
betrayed,47
sirens,54
nova,26
castle,57
na-na-na-na-na,22
hurtin,48
whitin,1
presidential,4
foam,9
tek,133
jerome,1
fatta,1
mikey,7
madda,13
gaa,1
al,11
heap,31
sen,6
...,21
cau,11
bruke,1
rah,25
greatly,2
rahrah,2
trinity,8
hewitt,1
laing,2
bigga,3
adams,1
corporal,6
chiney,1
sey,14
chineyman,1
wey,100
yu,88
overlooaad,1
poll,1
clerks,2
ballot,2
outskirts,8
dirks,1
perks,4
jerks,5
tru,18
glutton,4
yutes,3
cyaa,44
notin,1
nyaam,1
mutton,1
ehhhh,6
ova,12
unnu,1
some'in,1
td,1
dozen.because,1
escapologist,1
miffed,1
houdini,2
enraged,4
deemed,2
reading,34
attend,4
gregory,4
quench,28
jah-thirst,3
attendance,3
prescription,25
505,3
seven-hour,3
forty-five-minute,2
sec,5
twists,9
harsher,1
spoil,23
forty-five,10
arnold,10
layne,11
washing,27
distorted,27
hates,62
sped,3
punchline,4
thousandth,3
variation,2
tangle,2
d'you,4
reckon,15
oath,25
poser,4
pretender,21
bollocks,2
gagging,4
teddy,8
picker,13
presuming,2
balaclava,4
baffle,2
reek,15
salty,13
runny,9
bewildered,7
scorned,4
skirmish,1
sharks,8
pleasurable,2
shaggers,2
daggers,10
boast,10
flawless,21
heist,1
unassuming,2
naughtiest,1
pleaded,3
resisted,1
berserk,5
perk,3
scaling,2
maidens,6
anomaly,2
unfulfilled,5
obnoxious,5
wriggling,2
incidents,1
venom,54
aimlessly,12
kiln,2
excuses,34
capers,1
entirely,8
disheartener,1
murmurs,8
confirm,5
immediate,5
occurred,5
ploy,5
suggesting,1
rockfort,9
badda,33
dan,67
zaza,4
notnice,14
grades,21
medz,7
nanny,13
rounda,5
fifa,7
doping,1
legalize,16
voting,4
feature,23
misa,1
herbert,1
well-guarded,1
guiltiness,1
delightful,9
simulate,2
episode,6
nearing,6
paralleli,1
whispers,91
skans,8
spaces,32
undone,140
relics,6
sailed,19
hyperventilate,2
emily,16
misunderstands,1
burdens,32
muah,1
mattered,23
lager,5
cider,2
next-door,1
growl,1
splits,16
capable,15
high-pitched,2
baritone,1
inferior,9
catapult,2
hissing,7
triumph,27
extinguish,3
nape,4
blub,1
incessantly,8
pestering,2
oil,23
coax,4
propeller,10
synergy,7
arriving,21
storming,11
nio,2
camino,5
skid,2
trashed,7
casualty,24
conformity,8
mullets,3
praised,13
expense,7
offense,8
no-goodnick,1
brat,5
back-packed,1
kufuffin,1
huffing,2
distortion,13
stalling,7
bending,20
cavort,2
hollowed,16
phantasm,5
magnolia,5
celebration,24
attended,3
reputation,9
tyke,1
conclusion,13
overture,3
giggling,2
indignant,1
squint,5
bookshelf,1
unveiling,5
unexpected,5
reluctant,5
occupied,8
frolic,6
gaze,88
scribble,3
conduct,3
sing-along,1
alls,2
heavys,1
frogs,3
sorting,1
webbed,3
appeared,20
stewing,1
ambitions,5
resentment,18
timing,28
failings,3
function,15
mechanism,6
suspend,2
fibs,1
fizz,8
quiz,11
detect,2
spotless,6
alibi,48
beads,2
dabbed,1
varnish,3
newly,7
added,10
calmness,1
saunter,3
hack,10
riddled,6
cafe,11
chewed,11
gobstopper,1
pastimes,4
consisted,4
deranged,18
aggravate,5
ice-cream,2
postpone,1
toothache,2
indignity,1
grasp,24
gaps,9
claw,20
uninviting,1
assumes,1
daydreamer,4
soaking,33
dropper,3
lends,2
describe,31
spirits,72
all-time,6
new-wave,2
super-freaky,2
toenails,1
menage,1
714,3
incense,6
temptations,13
oh-oh-oh-oh-oh-oh-ohhhhhh,2
wiped,25
dimming,7
infancy,2
lend,47
enthusiasm,1
impurity,3
kerosene,7
modesty,3
defiling,7
binary,2
dishonesty,3
tapestry,3
identity,27
rinse,10
saline,4
stalking,14
operate,4
quits,11
invade,12
canvas,22
untouched,12
horizons,22
revolved,2
breathed,6
chafe,2
tattooed,21
sear,1
cradle,32
doodoo-doo-doo-doodoodoo,20
arising,3
rivers,145
overflowing,14
senator,3
fortunate,18
taxman,1
rummage,1
inherit,14
star-spangled,2
inspire,18
leaning,20
rays,46
applied,5
encompassing,3
redigesting,2
terms,12
ascends,2
needlessly,2
owner,11
fixed,24
sneaking,10
graduate,6
arcade,11
relive,17
confusion,61
flashback,13
pretends,2
feeds,49
tether,8
outward,2
numbing,7
seek,154
sweetness,21
oh-ho-ho-ho,17
kung,10
fu,16
expert,19
feint,2
chung,8
swaying,26
whoah-oh,3
whoah,15
shaping,5
apocalypse,21
dye,11
cena,7
butts,2
item,7
check-check,1
yellin,21
lunch,21
stocking,13
betty,5
crocker,2
fudge,1
brownies,1
toy,42
pajamas,3
gowns,8
romeo,42
pebbles,5
juliet,29
knelt,4
cept,2
deflection,2
nauseously,1
uh-uh-uh,7
windowsill,5
hm,39
back-street,1
temple,29
mimic,1
indian,25
passenger,42
determined,45
freezin,3
rests,11
chases,7
kneelin,2
ceilings,7
chu,13
whooo,1
expire,7
beehive,2
scum,39
sergio,2
ragdoll,1
8:00,1
andrews,1
aaaahh-ah-aaaahhh-ah-aaaaaahhh,1
aaaaahhh-ah-ah,2
ooohh-ooohh-ooooooohhh,1
enfold,4
render,10
incline,7
starry,41
pinned,13
battling,4
well-told,1
gripe,1
pursuit,22
sharpen,14
a-n-i-m-a-l,4
pirouette,2
d-a-n-g-e-r-o-you-s,5
fidgets,1
bashful,4
audience,15
frighteners,1
teams,3
unsuitable,1
lioness,4
overhead,20
albatross,2
hangs,27
labyrinths,1
coral,5
willowing,1
submarine,28
stirs,4
glances,12
forces,24
speaks,48
cloudless,1
inciting,3
streaming,5
ambassadors,2
brodha,3
attracted,6
alliance,10
practical,4
talents,3
enacted,1
mime,3
enlightened,10
biased,3
completing,2
inspite,1
anti-democrats,1
unleash,27
intense,18
tensed,2
aathma,4
raama,4
aananda,4
ramana,4
achyutha,4
keshava,4
hari,4
narayana,22
octopus,2
tentacles,3
sensible,2
winning,32
feminine,5
votes,6
absorbed,4
brutal,26
thrilling,10
artistic,2
levels,10
god-gifted,1
clinical,3
cyclic,1
monotony,2
chanting,13
emma,6
watson,1
aaow,3
miracle,111
withca,1
protection,20
nations,41
causing,32
grief,58
relations,11
turf,5
global,23
duller,2
dah,46
shamone,2
sharona,16
yi,4
m-m-m-my,8
g-give,1
j-just,1
d-destiny,1
g-g-g-g-g-g-g-go,2
a-v-a,1
unafraid,32
overseas,5
varieties,1
burstin,3
exchanged,4
involving,3
giggles,2
display,27
permission,25
mo-mo-mo-mo-mo-mo,7
oo-oo-ooh,2
danja,13
ooh-oh-oh-oh-oh,8
incredible,27
lago,1
unstoppable,97
happily,26
fond,11
kite,23
one-nine-six-nine,1
one-nine-six-three,1
grandsons,1
spaceships,2
tanks,11
zombie-ie-ie,9
zombie-ie-ie-ie,5
1916,2
oh-oh-oh-oh-oh-oh-oh,8
eh-eh-oh,1
ra-ra,1
dive,126
desolation,22
steep,11
granite,3
liquid,25
sway,64
resolution,8
thickens,1
anticipating,16
droplets,1
downhill,3
equilibrium,3
whistling,15
billions,4
brainwashed,14
civil,11
armband,1
kennedy,5
wallowed,1
bears,14
selective,6
annihilation,27
mayors,1
officials,2
popular,23
advances,3
28,12
s'posed,1
driftin,14
flyin,33
aeroplane,10
struttin,1
rattlesnake,10
cocktail,5
to-go,1
nightrain,19
speedin,10
slum,4
ridin,105
switchblade,6
rocket,75
naive,23
imaginable,1
tangible,6
innuendo,2
chastise,4
oh-oh-oh-oh-oh-oh-oh-oh,3
novelties,1
heartbreaker,21
holidays,8
sketching,1
rackin,2
mileage,1
flaps,2
couch-trip,1
mussolini,1
nobel,3
joseph,5
stalin,2
per,12
lity,1
crossing,27
i-i-i,32
remote,12
controller,8
soulful,6
groovin,10
maceo,1
boppers,2
riffs,18
furry,7
marvel,5
run-dmc,1
renegade,19
soundwave,1
ac/dc,1
auf,3
wiedersehn,2
terminator,29
alan,2
optimus,2
galvatron,1
da-do-ron-ron,1
spinderella,1
vendetta,12
groove-y,1
homebound,3
blankly,2
catholic,5
might-a,1
stained-glass,1
confirmation,5
rosary,3
2:26,1
2:39,1
kittens,17
kettles,3
woolen,6
mittens,3
packages,4
cream-colored,2
strudels,2
doorbells,4
schnitzel,4
noodles,6
geese,8
sashes,3
snowflakes,48
eyelashes,4
stings,19
turmoil,12
antiseptic,1
realise,43
15,13
lined,27
sarah,27
robots,18
descend,23
brewing,5
indisposed,6
boiling,40
yeah-eh-eh,1
trenchcoat,2
weekdays,5
ordered,17
a-in,2
brotherman,2
scat,10
ooohh,9
fittest,4
enjoyed,10
stranded,20
bedford,1
stuy,1
proves,10
dragonfly,6
underdog,9
technicolor,6
cloak,15
dagger,19
unfortunate,5
uncomfortable,19
arrives,24
thrives,5
confetti,2
eighty-nine,1
punkin,1
instigator,1
illustrated,3
firestarter,16
infatuated,6
self,204
inflicted,4
detonator,1
infected,39
maurice,1
pompatus,1
grinner,4
joker,21
smoker,8
toker,4
peaches,17
lovey-dovey,6
oee,1
dusk,28
sages,2
aaaaaah,2
aboard,17
boatswain,1
sergeant,8
cable,12
aye-aye,2
daydreamin,2
bundle,15
new-mowed,1
starrin,1
sustain,4
ah-ha,80
overdo,2
photographs,20
banker,8
motorcar,1
suburban,15
fireman,14
portrait,7
engine,38
poppies,4
tray,11
shaves,3
trim,16
rushes,3
tenth,5
self-esteem,11
dweeb,2
unsealed,1
weathered,20
austin,12
bowling,18
p.s,3
ballgame,1
roommate,6
sean-da-paul,1
re-ed,5
goody,21
woody,4
frontway,2
backway,2
virgin,43
tooky,4
jimmy,39
dignitary,4
deyah,2
sean-a-paul,1
cellular,5
dappa,1
shag,2
headset,1
wannabees,1
hangout,1
fleas,13
necks,21
maneater,18
asks,24
montreux,1
geneva,2
shoreline,11
mobile,2
zappa,1
flare,20
gambling,7
claude,1
swiss,3
ended,49
rolling-truck-stones-thing,1
beds,13
enclosed,5
binds,7
russia,11
israel,12
citizen,8
smirk,6
methods,7
aspirations,5
cog,8
teenagers,5
darken,10
troubled,56
coldest,21
headway,1
elusive,6
defiantly,4
cursing,10
doomed,33
fairytales,16
undignified,1
primadonna,11
chore,9
celluloid,2
deserving,11
stinging,10
steer,27
waiver,1
ohh-oh-ohh,3
do-do-do-do-do,21
who-a-oh-oh-oh-oh,1
do-do,21
marked,9
15th,2
3-6,2
2-4,1
cheep,3
naggin,1
back-door,1
cyanide,25
tnt,2
contracts,4
yaaaaaaaaaaarrrrrrrrrggghhhhhh,1
skeletons,8
pleading,18
temporary,33
mirroring,2
trusting,24
honeysuckle,3
astound,1
makings,6
mankind,84
recite,6
reciting,5
weirdo,10
centered,2
waisted,1
mouths,23
guides,8
goosebumps,17
meets,42
robes,6
flunkies,1
hell-bound,13
woven,6
hollering,3
budda-by,8
seated,14
half-pint,2
you-roy,2
phoenix,32
overstand,4
interstate,11
doubters,5
snails,3
theatre,3
eloquently,1
peaceful,24
duplicity,2
blaming,12
apologizing,4
opportunities,7
conscious,24
aaah,30
teens,22
yute,24
illiterate,1
caan,17
ks,2
communities,1
babymother,1
babyfather,1
glistening,12
hav,10
coppa,3
anotha,12
refugees,1
betta,10
airport,13
airforce,1
roll-on,1
toothpaste,3
phrase,16
busssssssssssyyyyyyy,1
bakers,2
hailing,2
personally,6
moan,26
grounded,15
recalling,2
jive,44
baked,6
marlboro,1
see-through,7
cinnamon,9
update,1
talker,4
mentioning,2
rizla,4
dep,4
zing,4
ganja,28
rowing,4
pierre,6
mademoiselle,2
monsieur,3
rung,5
vie,14
furnished,1
roebuck,1
coolerator,1
crammed,2
dinners,3
ginger,8
ale,7
hi-fi,2
phono,1
tempo,12
souped-up,1
jitney,1
53,3
wedded,1
madamoiselle,1
aloud,23
kudos,1
hereafter,3
terrified,47
oooo,24
441,1
tainted,64
frowning,2
marquee,3
overload,21
con,22
flick,41
leeway,6
nic,2
dogtown,1
rib,7
dyke,4
bowl,25
oversold,2
teller,16
stella,3
zephyr,9
liberator,1
skater,2
rev,6
levitate,13
friendly,46
aviator,6
wo-wo-wo-wo-wo-woah,2
yea-yea-yea-yea-yea-yeah,6
sunrise,96
shores,31
pledge,41
flowering,2
drifted,21
africans,1
elephants,1
whales,9
ravaging,2
trails,17
pleas,10
creed,11
abraham,5
aerosmith,1
tunnel,58
begger,1
kindness,37
amidst,18
lantern,7
doubts,55
glides,4
spins,22
climbs,6
expanding,7
gazed,4
ramblers,1
scotch,5
whisky,11
winners,14
crimson,26
libations,2
stagger,13
viper,6
languid,3
worn,69
salad,32
indestructible,29
believing,84
toothbrush,8
flannel,6
hairbrush,1
laundry,19
billboards,1
tempted,69
discovered,30
baggage,19
carousel,21
crowding,1
occasion,22
bedside,11
fumble,6
alarmed,3
novel,5
gent,3
musta,3
rabbit,32
disapprove,2
secretly,14
drapes,2
oblivious,14
cornel,1
advertise,6
tampje,2
singers,3
instrument,4
judges,5
lawyer,13
asthma,2
tuberculosis,1
umara,1
composis,1
ants,6
fowls,1
goats,5
afar,38
screwed,12
trailin,1
dwells,20
loon,2
liken,1
balloon,24
nightfall,15
gaping,11
assassination,7
drench,3
rosy,9
camera,38
shutters,4
four-line,1
humming,22
lens,14
diving,27
dolly,68
wider,13
fuses,2
shudders,1
dignity,28
strippers,2
well-spoken,1
stilettos,2
embellished,2
bloodstreams,1
palms,13
preferred,8
cartoon,17
shattering,8
attitudes,2
folds,8
potion,19
visualise,2
token,15
go-kart,4
cadet,1
eluding,1
airplane,21
descending,32
ooh-ooh-ooh-ooh-ooh-ooh,11
skating,2
reproach,2
laddie,1
oof,15
derision,2
exposing,5
psychopathic,3
thrash,33
mummy,30
did-did-did-did,5
rock-and-roll,1
refugee,6
beeping,2
mrs,15
floyd,2
clicks,9
residence,3
redials,1
beeps,1
startle,1
entering,14
tub,10
bancroft,3
tourniquet,12
axe,54
contemplate,11
ahem,4
chit-chat,3
overdose,19
trash-talk,1
itchin,6
imply,3
towel,10
dew,17
intimacy,2
preserve,12
exhume,3
petals,44
narrative,6
catalysts,3
wonderful,186
extraordinary,9
lorca,2
chengra,2
missy,6
washington,5
pilchitt,2
36-24-36,1
oi,84
poems,8
armoured,2
1961,1
elastic,3
t.v,10
observation,2
obligatory,1
hendrix,10
perm,2
inevitable,15
pinhole,2
nicotine,7
prop,4
gohills,1
vera,3
lynn,2
ooh-ma,4
ooh-pa,4
uniform,11
honour,31
plainly,4
schoolmaster,1
flayed,3
attic,15
fishing,5
marbles,2
m'lud,1
incontrovertible,2
retire,10
penalty,6
defecate,6
explosion,18
hurdle,2
starkness,2
uuuuuhhhh,1
a-came,2
a-come,5
expires,1
a-what,2
a-he,1
a-his,1
collects,1
a-just,2
five-thirty,1
punctuality,1
fails,26
respected,5
conservatively,4
meetings,5
maid,13
councilors,1
discussing,2
suave,1
backyard,30
pater,2
shares,5
regatta,1
adores,8
matrimonial,1
consideration,5
trash,62
salute,13
intentions,71
ridicule,5
starlings,2
moonbeams,5
dawnlight,1
contentment,1
diesels,2
consolation,9
tigers,7
crouched,3
jungles,6
chained,37
gained,14
ricky,8
tequila,47
courtship,2
bang-bang,1
accidents,5
six-shot,1
departed,12
broken-hearted,14
sprinkled,6
expanse,2
scaled,3
hosts,10
beautify,2
foothills,7
scan,6
greenland,1
guesses,2
include,4
sandman,8
gripping,9
never-never,10
liars,27
dragons,7
yeah-hah,1
beasts,12
grain,35
yo-oh,2
fantasize,27
suicidal,43
faceless,34
shying,11
needless,6
bang-bang-bang,2
buggin,5
go-go,37
yo-yo,14
doris,3
yo-yo-yo-yo-yo,1
boom-boom-boom-boom,4
somedayyour,1
a-hangin,6
a-knockin,1
sparkle,16
colored,20
gloom,39
bellhop,1
desk,14
clerk,2
6th,5
bidi,8
me'hen,1
bena,12
bohoi,4
gena,12
ehya,13
smuggling,2
ram,24
rope-gold,1
gidi,13
memdem,1
mohoi,3
mendem,9
iohoi,2
didi,8
geda,1
men-den,2
sufferation,7
dongm,1
stena,1
genamoi,1
bene,2
dang,10
spen,1
ben,8
gen,5
tribulation,3
deberen,1
waterloo,17
repeating,35
defeated,44
wa-wa-wa-wa-waterloo,4
jacket,33
sealing,3
usa,12
blondes,2
psychos,1
buzz,74
crude,4
cow,17
anyways,12
temptation,58
begged,27
a-window,1
a-but,1
a-changed,1
a-it,1
superman,46
a-nothing,1
you-you-you,14
a-thinking,1
rainbows,28
a-you,1
a-have,1
cobweb,1
emptiness,96
patiently,22
deathbed,21
pagan,18
wronged,20
amethyst,4
violet,12
defenses,19
ken,2
basketball,4
tack,3
total,65
eclipse,25
wondrous,9
redeemed,14
linger,47
thumpin,1
brown-eyed,9
transistor,1
waterfall,13
te,24
overcome,90
stadium,13
proved,12
simpler,5
pawned,2
beliefs,16
tongues,44
swallowing,20
sempiternal,6
woodwork,4
clawing,10
spill,48
leeches,5
coulda,59
soar,48
eagles,19
armour,14
vu,46
painfully,3
battered,28
deluded,3
ill-informed,1
self-serving,4
pricks,1
preach,52
comfy,9
glimpses,2
deathwish,5
hunt,59
unspoken,36
dares,8
ablaze,14
spoils,7
drawing,47
washes,8
taller,12
enthrall,1
engaged,14
sweethearts,3
wagged,1
earn,37
roller,34
unsightly,1
tuscaloosa,4
alabam,4
marie,30
pepper,12
meanest,15
unravel,17
downfall,39
columns,3
bleeds,54
crusade,10
charade,10
dine,7
bakery,3
tatty,1
settee,3
mutual,14
gathering,37
stalemate,6
rounders,2
canteen,4
invite,21
jammin,61
i'n,1
unite,26
wotcha-wa,2
wotcha-wa-wa-wa,1
jammed,3
yeah-eah-eah,1
eh-eh,13
a-bye-bye,2
stake,35
fickle,8
disfigure,1
recognizing,1
acknowledged,1
gnarled,1
treetop,2
plains,15
caging,1
go-o-o-oh,6
omens,6
souvenir,3
crunching,3
rooms,41
liner,1
said-ah,2
is-ah,6
unorthodox,4
invited,15
stewardess,1
ruler,20
oombayseeyou,5
oombaytellyou,5
omabadee,5
seemoobadeeyah,5
ribbon,6
firefly,9
blowtorch,1
runaway,60
worthwhile,9
jaded,19
parlor,3
rhinoceros,1
shaped,12
earrings,2
penetrating,5
sleazin,1
ditching,2
user,8
accuser,4
self-doubt,3
t.n.t,16
hillsides,4
wild-eyed,1
cribs,5
thirty-seven,1
cher,1
rockstars,3
hilltop,9
coolest,6
vip,8
diggers,3
bunny,17
blond,6
tassels,1
hire,16
bodyguards,1
assholes,15
autographs,2
quesadilla,1
latest,40
centerfold,23
dictionary,6
todays,6
censors,1
pez,3
dispenser,1
washed-up,1
peachtree,2
buzzing,10
tra,28
plum,22
johnny-cakes,4
beng-a-deng,4
eheu,32
devices,3
optimist,12
vices,14
rubble,12
gunfight,11
restaurant,13
doves,17
cheat,44
checkers,3
cellmate,1
push-ups,1
injection,13
satellites,18
anthem,38
decimated,1
defiant,9
widow,7
marches,12
unashamed,1
retard,2
motherfuc,3
ker,6
motherfuck,5
treble,16
badass,8
ma-ma-ma-money,2
forgetting,33
pathetic,45
console,11
absorb,6
honesty,44
laura,14
youngest,14
roared,5
over-turned,1
prays,7
fleeing,12
warms,10
clicking,4
drowns,11
jack-o-lanterns,1
linings,2
heart-attacked,2
crawls,13
remix,9
hitched,1
masks,23
razor-blade,2
heartbeats,12
disregard,12
handful,23
complaints,3
unconfident,2
pondered,6
stapled,2
claustrophobic,2
catastrophic,6
smeared,4
doused,5
sordid,6
insurrections,1
cattle,21
fray,6
ditch,26
stitch,28
indiscretions,1
justifies,9
attempt,32
evade,3
guests,4
concierge,2
neighbor,31
silhouette,47
queen-sized,1
hazy,29
evry,16
quickness,1
deceives,2
value,33
demanding,20
wendy,3
ripping,56
delinquent,2
wrecks,4
t.rex,1
nowwww,1
lucy,10
mule,11
snags,1
rebuilding,2
illusion,107
self-hate,3
confronts,1
hunting,41
pacing,14
unrest,7
attain,2
determination,13
glide,11
airs,4
psychological,1
w-o-r-d,3
daytime,16
julie,4
giveth,2
kisseth,2
afire,4
forsooth,2
pocahontas,6
affair,33
missus,5
fahrenheit,4
centigrade,2
sizzle,3
backsides,9
rockabilly,2
c'monnnnnnnnnnnnnn,1
rollllllllllllll,1
pathway,3
branches,25
ooh-aah,1
clouding,8
decode,1
yeah-heh,2
yeah-eh-heh-eh,1
yeah-eh,4
yeah-heh-heh-eh,1
interlock,3
recount,1
fend,2
reassemble,2
exception,22
mockingbird,3
deliverance,10
deliberate,3
suffocate,55
anticipate,5
treats,31
escaped,12
overcast,6
quietly,36
thankful,22
dived,1
marking,3
highs,72
squirrel,2
jailor,1
tilt-a-whirl,1
prompted,1
roadside,14
suffering,151
sorrowed,2
immaculate,6
wilder,8
deja,2
swan,35
ch-ch-ch-ch-ch-ch,8
dead-end,15
aries,2
treasons,4
renew,6
destruct,13
pusher,26
silencing,1
braving,1
libra,4
portalia,1
pluto,2
1930,1
adjusting,3
reduce,8
execute,7
lime,20
limpid,3
resounds,4
jupiter,7
oberon,1
miranda,8
titania,1
neptune,7
titan,8
frighten,15
flap,11
blam,4
freezing,47
pane,5
mystic,17
piercing,14
weaving,6
pizzicato,1
image,67
henrietta,2
cunts,11
tapping,9
cola,3
gondola,3
amongst,36
has-beens,5
costello,4
uh-uh-uh-uh,7
incredibly,1
terribly,5
wa-ha-ha-ha,1
get-back,2
blagger,1
belle,8
chelsea,3
stallion,9
young-yo-yo-young,1
rome,44
lions,29
colosseums,1
anti-venom,1
foxes,2
volcanoes,4
americana,11
exotica,5
amistad,2
petticoats,8
n-n-n-na-na-nail,1
coffin,40
softened,6
ducking,7
reload,8
explanations,3
le-l-l-let,1
composure,10
intimidate,2
di-di-disrespect,1
angie,20
coats,10
thorn,42
slowest,2
tracing,4
touchin,20
tummy,5
anxious,18
calms,4
entangle,1
could-a,1
increases,3
wheat,7
chaff,1
on-my-own,2
wantin,20
cancel,16
unwillingly,3
starlit,3
debris,14
chambers,7
blackened,27
ba-ba-ba-ba,21
ba-ba-ba,16
impending,6
shrine,14
unjust,6
unwhole,2
safeguard,1
philosophy,11
transfer,4
empathize,3
timings,2
riddles,6
fairytale,18
yummy,45
uh-huh-uh,6
bananas,7
grapes,7
apples,9
melons,2
bowls,3
pail,4
dropout,2
clinic,4
impulsive,5
boris,1
karloff,1
half-alive,3
restricted,2
remus,3
hose,6
squirt,2
froze,12
grindstone,4
redeem,10
fro,10
du-rag,1
beverly,19
jockeys,6
body-o,12
rodeo,19
bumpy,15
o-eyyy-o,5
yourre,2
buttons,14
unaware,25
camp,10
regretting,6
brake,6
uncontrolled,12
clasped,3
illuminate,20
embarks,3
bangkok,2
calgary,2
soles,8
blackest,19
thirties,2
polished,5
luminous,4
fundamental,4
unwilled,2
unbound,11
vine,22
ye,308
four-letter,2
preyed,1
underlined,4
wreath,7
mildenhall,1
carters,1
hereward,1
outer,64
summoning,9
emanations,1
flowed,6
vicksburg,5
cajun,9
sparkling,17
fireproof,5
boardwalk,26
fries,12
flatters,2
peach,11
rind,6
tropez,1
sedan,4
scratched,11
ho-ho-home,3
backward,5
tycoon,1
far-flung,1
stile,1
mown,1
childrens,2
eiderdown,2
softening,1
chiding,1
fearlessly,2
faced,24
merciless,10
magistrate,2
fear-lines,1
liverpool,3
fish-eyed,1
spiraling,14
negotiate,5
minefield,6
electronic,7
priesthole,1
yahoo,1
hallucination,4
reassurance,1
hahahaha,8
premonitions,2
suspicions,2
holocaust,6
hmph,2
brakes,37
recourse,4
evaporate,1
charcoal,6
4000,1
celsius,1
windswept,3
irresistible,22
earthbound,3
misfit,7
unheeded,1
navigator,5
unladen,1
condition,18
grubby,1
vapor,9
unthreatened,1
compare,41
animation,7
downtrodden,2
casting,13
shroud,14
stirring,14
speechless,16
accord,8
coldness,6
plumes,2
merge,8
leaden,3
precise,5
curdled,1
trembled,1
weakened,15
faltered,2
replies,4
swirl,6
oily,2
grim,25
intimation,1
unceasing,1
dim,39
stared,19
aground,4
remained,10
devalues,1
frontiers,2
bloodied,14
loyalty,10
streamed,1
residues,1
willow,15
julia,12
dreamboat,6
scaly,1
armadillo,1
unlock,14
overrun,2
curled,8
random,27
images,24
self-destructing,2
murmured,1
extinguished,2
awry,3
paler,1
threshold,9
hurled,3
furnace,21
spy,17
ring-a-ring,1
posies,2
a-tishoo,2
elses,6
pastime,1
doldrums,1
persecuted,1
paralysed,5
engulfed,10
knockout,17
blighted,1
ivy,3
surrounding,26
signals,14
entranced,14
blindness,20
clockworks,1
safest,8
automobile,4
boarding,2
schools,5
preppy,2
housemaids,1
bended,11
destinations,4
cages,18
indignation,2
orbiting,3
agreed,8
gladly,39
purify,15
righteousness,16
youthful,6
purgatory,5
object,34
awaiting,14
reprisal,8
acquittance,1
abolish,10
ornaments,3
raining,52
lacerated,3
creating,17
structure,22
shone,8
sorrily,1
oooooohhhhhhhhhhhhhhhh,1
noo,9
no-no,9
nooo,6
doze,1
soundly,3
postcard,9
repose,5
drenched,22
vanilla,10
waist-deep,2
bitching,6
scuse,2
drool,9
scorcho,1
cabrn,2
half-japanese,1
cello,1
jello,11
epitome,9
diary,11
grunge,1
cio-cio,1
fingernails,9
faking,30
turkey,14
bacon,9
oh-hoo,1
floral,1
arrangements,1
triangle,11
old-fashioned,4
queer,7
stricken,11
abyss,36
unanswered,14
abra-abra-cadabra,6
abracadabra,11
purposely,1
unkept,3
doorways,2
crafted,4
horrible,16
redefined,8
sobbing,8
deceit,43
pairing,1
properly,5
bashed,6
dashed,4
mates,3
la-la-la,77
haaaa,1
ay-ay-ay-ay-ay-ay,1
dropouts,1
heirs,4
inheriting,2
mentally,14
burdened,9
university,5
basis,5
cools,3
doubled,8
kuwait,2
karmacoma,19
deflowering,3
i.e,4
ros,3
italian,4
village,19
engineer,7
brenda,9
eddie,12
steadies,1
finer,15
parkway,1
diner,7
75,12
marriage,18
pile,36
carpets,2
paintings,6
sears,3
waterbed,1
parted,22
greasers,1
unfamiliar,9
stringing,2
ahh-ahh,6
ahh-ahh-ahh,2
bennington,1
paperwhite,1
overwrite,1
undefined,9
wade,8
gloria,40
seventh,23
1981,1
pancake,1
whiplash,2
starve,34
deer,16
overboard,15
scatter,18
hypnotised,4
ex-girlfriend,1
distressed,9
tare,1
petrified,12
gunnin,5
sangin,1
hangman,11
climber,2
rows,9
disasters,6
estranged,6
cutthroat,6
sunsets,16
mornings,20
dusty,31
dime-store,1
applauding,1
lotta,56
fuels,9
recalled,1
mountainside,13
moor,3
atom,31
combine,10
scaring,13
purge,23
hooded,3
vampires,18
undying,8
death-defying,1
sky-scraping,2
discriminate,2
anatomic,1
capitalism,1
fascism,5
retrace,14
report,11
preview,1
heatmiser,1
differently,20
avalanche,13
psychedelic,7
snowstorm,1
purified,6
transcend,9
c-comin,1
fantastical,1
glamorous,3
papa-paparazzi,9
eyeliner,3
lashes,7
heading,78
thumbing,2
a-hoping,3
southbound,28
a-getting,1
unturned,4
traveled,17
longest,44
donate,4
mending,6
summat,2
simmer,10
interrupt,3
cusp,8
chh,36
chh-chh,36
lay-by,2
fishin,20
dee,9
dee-dee,2
dah-dah,4
hap,4
dee-dah-do,4
dah-do-dah,2
dah-do-dah-dah-dah,2
dah-dah-dah,2
do-dah-dah,2
melted,9
closin,18
heals,14
loveliness,2
twig,4
puppy,13
embarrass,2
hugged,3
unexpectedly,2
flower,67
corridor,11
madmen,7
tasking,2
toy-like,4
boy-like,4
hoi-polloi,1
nicer,4
cheaper,1
chip,14
laptop,10
variations,1
tooth,53
bludgeoned,2
joan,4
arc,6
walkman,2
hoo-hoo-hoo,2
bigmouth,18
la-da-da-dada,4
la-da-da-da,15
aid,12
oh-ho-ho,2
ankles,6
weepin,13
indians,21
eggshell,1
downtime,2
sleepwalk,5
breakers,7
fall-back,1
crutch,11
diana,8
can-a,2
charms,24
prolonging,1
kindly,14
firmly,3
production,14
rejected,27
prefers,3
exclusive,6
flowery,2
frankness,1
straightforward,2
jerk,44
quarterback,2
cheerleading,2
attractive,7
propose,6
popularity,5
wide-eyed,4
ledge,17
you-hoo,12
you-hoohoohoo,5
he-ey,2
now-ow-ow,3
ye-eh-eh-eah,1
hindered,1
restlessness,4
submitting,1
prose,5
fantasizing,5
escapes,13
blissful,7
walkways,1
sweated,2
exceeded,2
reflective,1
cushion,5
sank,22
petal,4
shivered,3
dishonest,2
gums,6
stroking,9
flourishes,3
delilah,23
ho-oh,2
wiry,1
broke-down,2
floodwater,2
harmonies,4
contribute,3
finding,131
twin-size,1
graduating,2
whiz,3
inspired,18
lesser,19
intend,6
pleasing,9
moscow,4
ra-ra-rasputin,8
tsar,2
kazachok,1
wunderbar,1
wheeler-dealer,1
healer,30
lusting,2
declared,6
rasputin,1
brute,23
russians,2
sifting,7
wreckage,27
repaid,3
supplying,2
ohh-oh-ah,1
babylon,41
captivity,7
required,7
requiring,1
meditations,1
acceptable,7
meditation,18
handstand,3
craze,18
sapphires,1
hound,36
classed,6
condescending,6
courtesy,12
upper,33
stand-offs,2
eggshells,3
replacing,7
helplessness,4
misplaced,10
distract,15
settin,11
committin,1
sift,3
tiring,12
steadily,9
don'cha,18
suffocation,13
mutilation,24
searchin,24
findin,6
devils,27
contemplating,7
bearing,12
poplar,1
pastoral,1
gallant,1
bulging,5
crows,8
pluck,5
crop,9
evolution,44
androgynous,6
gender,14
kewpie,1
dolls,17
urine,7
stalls,12
unisex,1
janie,2
outcasts,2
jefferson,1
tormented,14
lighted,1
approaches,10
gilded,7
unlikely,3
ill-equipped,1
insufficient,1
tact,6
barriers,11
oneself,3
fascination,14
relation,7
underlying,5
fisheye,1
long-awaited,1
performers,2
portrayers,1
squirming,4
mashed,6
potatoes,2
ooh-ooh-ooh-ooh-ooh,30
da-yeah-nah,1
no-ooh-oh,1
oh-ho,5
yeah-aah,1
blindin,2
hidin,8
uncover-cover-cover,6
tons,15
alike,20
sincere,25
wooah,13
belial,4
behemoth,3
asmodeus,6
satanas,4
lucifer,28
lice,4
parasites,14
reckoning,16
penance,12
archangelo,5
crestfallen,2
comforting,21
unbeknownst,1
wraith,25
shalt,7
kingdoms,15
deceiver,17
masses,54
ascend,27
unfoolish,1
terrain,3
x7,4
restraint,10
tragedies,11
essential,4
appealed,1
guided,16
carrying,23
tr8ness,1
porty,2
hanover,2
slaving,3
bikini,19
wheelie,3
passports,1
customs,1
immigration,2
215,1
cairo,4
lagos,7
indifference,7
downstairs,6
sluts,20
sentences,6
asshole,21
accountable,2
controls,28
playstation,3
stacking,9
balling,4
hauling,13
aaugh,1
uuuugh,1
jimi,9
eeuuughh,1
euuugh,1
aaauugh,1
cropper,1
shopper,1
hopper,2
stopper,1
teeny,23
kurt,2
amp,2
michael,28
hutchence,1
wanking,2
loo,2
messy,12
painless,14
frost,20
pushchairs,1
unprepared,6
enhance,2
nailed,17
2000,11
yer,23
inxs,1
entwistle,1
snorting,3
arsenic,5
ici,2
flid,1
nuns,6
hip-hoppin,1
plunder,6
kampasey,1
daisies,12
wales,3
improve,8
morrison,1
overdosed,3
scarf,1
dangling,12
unable,17
shriek,4
if,2
autograph,6
thanked,1
petrol,5
suicyclebbbl,3
leppard,1
30,27
economics,1
coz,15
beechams,1
martin,9
eastenders,1
ghandi,1
staked,1
looming,7
robbery,5
stairwell,5
sasquatch,1
kublai,1
khan,1
dialect,3
cryptical,1
copies,2
pharisees,1
espressos,1
leary,1
timothy,1
mantra,11
knick,1
knack,2
paddy,1
handclap,2
twing,4
twang,5
walla,8
bing,77
eee,15
b-i-n-g-o,2
e-i-e-i-o,2
double-dutch,2
sapphire,18
sunburnt,5
lightest,1
deem,6
slightest,6
loathe,4
corrode,11
bender,10
deadliest,3
lather,1
5th,2
sinatra,2
glamour,11
throwback-ish,2
40s,1
50s,1
hippies,8
discotheque,2
80s,2
hepburn,2
beyonc,2
marilyn,11
timeless,18
ooh-woah,34
ooh-woah-oh,1
sole,10
twenty-one,36
wind-blown,1
radar,10
yeah-ah,14
sulfur,5
warfare,29
ambien,2
re-write,5
22,18
hit-and-run,3
hungover,10
blurry,21
coaster,21
lush,6
raising,32
ri-ri-right,1
buckles,5
reappear,3
dro,5
bokkle,11
vibes,141
everyman,7
inspector,4
lecture,9
drill,24
injector,2
infector,2
collector,9
friars,2
connivers,2
clyder,2
hider,2
watchie,4
spiderman,5
85,11
outcome,15
verdictless,2
superstitions,1
striving,9
dimension,58
chestnuts,11
roasting,9
reindeer,23
so-oh-oh,2
rates,1
ii,14
wily,1
moors,3
wuthering,6
heathcliff,11
cathy,9
in-a-your,6
episodes,5
breakup,7
statues,7
perfection,45
in-flight,2
temptress,4
unchained,16
tenderness,15
rimes,4
thereof,8
oblivion,62
cabinet,6
oh-so-frail,1
gotten,24
logical,4
phrases,4
so-cal,1
origami,3
motives,10
bedpost,2
leans,2
assuredly,2
initialized,1
describing,3
epidemic,2
mannequins,3
contaminating,2
biscuits,8
potato,2
patches,9
scuffin,1
oak,25
tobacco,14
snowing,6
bushels,7
chime,19
prancing,11
frosty,32
one-horse,20
giddy-up,21
a-mingle,7
jingling,10
coloring,4
dreamily,2
crowbar,1
burden,60
pry,5
encore,15
firsthand,3
encourage,3
contusion,1
jag,5
resignation,6
penitence,1
collapsed,3
elapsed,2
bitched,1
motorway,7
adolescent,2
resident,3
wrench,14
indecent,4
accident,17
snapping,3
comforts,8
nightgown,1
closure,36
generations,20
joyful,18
existing,8
strangling,5
ploughshares,1
wills,7
dearer,2
somethins,1
eyed,26
refilled,2
pasted,2
traced,9
erased,57
hopefully,13
toxic,66
gullible,5
tourist,14
safely,18
scrammed,1
spacy,1
crazed,4
coolness,2
servant,26
cooked,3
flake,3
psyche,14
clogged,1
leper,10
esteem,5
elbow,5
drips,15
ideal,23
repulsion,11
drags,15
glazed,7
degradation,8
retract,3
mining,2
lode,4
drilling,9
grizzly,10
hares,1
stew,8
handstands,5
headstands,2
you-ooh,12
blue-ooh,2
strawberries,10
unfreeze,1
lu,30
imperfections,13
intending,1
fulfillment,4
knee-high,1
mountaintop,8
stalled,2
swerved,1
lifted,56
ooh-ooh-ooh-ooh-ooh-ooh-ooh,19
atone,5
arrows,19
henchmen,3
cactus,6
feliz,1
navidad,1
leningrad,1
romania,1
pennsylvania,1
joyeux,1
nol,7
buon,1
natale,1
closes,19
diseases,6
invested,9
woah-oh-oh-ohh-oh,10
creaking,2
vultures,24
spills,15
repent,39
nigh,11
anchors,2
gliding,14
woaaah,8
juggling,3
supermarket,3
specials,1
peculiar,5
checkmate,2
hypocrite,21
devoted,20
abusers,3
scratching,18
itches,2
fade-out,1
transition,12
snapshot,1
cellphone,3
wayside,5
self-righteous,6
pin-eyed,1
quake,7
belly-ache,1
magician,4
latina,7
imported,1
designer,25
chiamami,6
appelle-moi,6
cheri,27
anyplace,9
fashions,3
1980,1
ah-ha-ha,4
ooh-ooh-ah-ha-ha,1
ooh-ooh-ha-ha-ha,1
ah-ah-ooh,1
sleek,2
designs,11
ooh-ooh-ooh-ooh-ah-ah-ah,1
neutralize,1
viaduct,4
looms,6
rekindle,2
shrinking,12
guru,16
self-respect,3
insect,4
barrows,3
microscopic,3
bluffs,1
unreliable,4
rational,10
unpredictable,8
gin-soaked,1
barroom,6
memphis,37
heave,5
divorcee,2
strollin,2
boulevards,2
sailors,8
stool,6
amid,3
distraction,14
longneck,1
peeling,39
refraction,1
messin,14
searing,4
gullveig,1
odin,18
vana-fyrd,1
horns,52
asgard,6
razed,3
vanir,3
hnir,7
mmir,10
truce,5
brittle,8
forged,13
njordr,1
freyr,1
vanaheim,1
tog,1
huvudet,1
och,2
smorde,1
det,4
med,6
rter,1
som,6
hindrar,1
frn,1
att,2
ruttna,1
han,2
kvad,1
sina,1
trollsnger,1
ver,5
mimer,1
ter,1
kunde,1
tala,1
honom,1
snow-covered,2
tighten,6
reins,12
achin,10
slowed,6
boondocks,12
creek,20
crawfish,7
carpenter,16
uses,6
carmen,3
jose,5
schooner,1
cooler,18
wrinkled,5
grinning,10
cerveza,1
gracias,1
senor,1
snapper,2
gathered,24
hatch,6
hudson,4
mmh-mmh,4
limousines,2
rockies,4
needing,41
riverside,10
who-oh,1
uh-oh-uh-oh,1
magnetizing,1
ki-ki-kiss,3
infect,11
ta-ta-take,3
abduction,3
supernatural,42
extraterrestrial,6
supersonic,17
transcendental,3
wavelength,3
vibrate,6
jolly,35
golly,8
claus,81
caf,8
clothing,12
unclench,2
unpack,5
paperback,4
freckles,2
budget,6
hollered,2
mover,7
cuter,5
crafty,2
dissing,6
ignition,8
switching,17
positions,5
bat,23
fifties,3
tickin,6
dammit,5
dja,1
bottled,8
inaudible,2
weeds,15
chong,1
taggin,4
tent,12
seedy,2
juke,3
crankin,7
ccr,1
suzy,3
wristwatch,2
depending,9
drumbeat,3
pin-up,1
queentex,1
latex,3
wondermaid,1
electra,3
le-let,1
lo-lo-lo-love,9
acquaintance,6
endeavor,9
loathing,6
self-assassination,1
sedated,4
medicate,14
complications,9
replaceable,1
granted,48
alter,7
details,15
re-run,3
rationalize,3
rabid,9
dementia,10
aborted,8
site,9
shocks,2
unabated,1
concealed,22
solid,77
slammed,11
knockin,16
inferno,6
awaits,32
feared,19
futures,19
invincible,92
urges,8
paralyze,10
scarring,7
wring,4
a-bless,1
fuzzy,5
volcano,4
buttercup,14
green-eyed,1
givest,1
daddy-o,1
alight,41
rock-a-hula,24
hula,8
lulu,3
honolulu,3
tonnes,2
i-i-i-i-i,1
postman,1
quarrel,3
spat,8
shake-a,2
no-sir-ee,1
yes-sir-ee,2
tiger,47
cleverly,2
bossa,17
fiddle-de-dink,1
revolver,8
mh-mh-mh-mh,4
loyal,16
bonfire,16
mmmh,6
marguerita,7
gypsy,29
moth,24
captivates,7
intoxicates,3
clickety,1
clack,2
a-ringing,1
doorbell,4
beckoning,18
buys,9
steals,8
gathers,1
facedown,6
suspicious,11
suspicion,10
aggravation,4
satisfactionin,2
procrastinate,2
articulate,1
satisfactioning,1
stirred,6
formed,19
ageless,6
produced,7
worshiped,2
manufactured,3
dreadful,19
jude,3
horseshoe,3
licking,17
a-heaving,1
hunk,27
charted,1
byway,1
kneels,1
brief,11
manage,30
unread,4
second-hand,1
pick-me-up,3
twine,4
spool,1
viva,22
las,20
bandits,2
towns,11
backroad,2
gray-bearded,1
explained,8
eyeful,1
mowed,2
slopes,2
pointed,19
unscarred,8
unity,20
impatient,7
submit,15
productive,5
traction,4
hone,2
disastrous,5
possessed,25
conquering,16
releasing,6
comprehension,7
punching,10
duration,1
persistence,7
standard,25
sympathize,7
violins,8
masturbate,7
nauseate,1
non-parent,1
arresting,2
vince,3
priesthood,2
trips,17
nada,6
skyscrapin,1
nighter,2
reaper,22
blarin,1
speaker,12
dreamer,52
screamer,2
flashes,19
loading,6
sweating,18
cravings,3
chosing,2
do-do-do-do,18
backstroking,1
a-changing,1
cheerleader,2
bleeder,2
see-saw,2
diddle-diddle,2
kitty,7
fooling,40
schoolgirl,3
classy,9
sassy,1
locker,11
joined,21
detached,11
irresponsible,12
self-important,1
self-chosen,4
limbs,48
luring,2
plunging,5
bereavement,3
devious,7
movements,11
filters,6
dismay,15
seeps,9
drains,7
ripples,16
ornated,1
tradition,16
expressions,2
waken,1
kiddin,6
curves,19
beginnin,9
breathin,17
risking,4
tricky,17
reflecting,14
session,9
docket,1
cluttering,1
shackled,11
ohhhhhhh,9
selfish,61
captive,19
roars,18
gabriel,5
confirms,2
primitive,18
friendship,16
eyeing,5
greasy,12
smearing,4
shabby,2
aqualung,13
frilly,2
spitting,16
streaking,2
dog-end,2
bog,3
uneasy,8
sod,6
clings,3
beard,17
rattling,7
breaths,13
deep-sea-diver,1
me-me-me-me-me,1
dee-dee-dee-dee,2
dee-dee-dee-dee-dee-dee-dee,1
dee-dee-dee-dee-dee-dee,1
rediscover,4
razorblade,3
extremely,3
street-smart,1
x-rated,2
heartbreaks,8
smolder,2
ev'rything,2
pleasin,3
foolin,8
possesses,4
eliminate,12
released,23
splitting,7
spewed,2
proceeded,2
unrelenting,7
disorder,18
tasks,2
infliction,3
excursions,2
scorn,13
diaspora,1
torrents,2
delusion,11
placid,5
wretched,40
depression,33
disarray,10
shrouded,8
malignancy,1
welcomes,2
retribution,15
evoking,3
resurgance,2
apathy,21
unshackle,2
builds,14
onward,10
defiance,11
banish,4
disdain,6
regression,9
permeate,1
glorified,5
despisal,1
dethrone,1
conception,4
sever,17
challenge,38
stalks,4
prey,126
lonelier,9
phoned,1
caressing,14
contents,9
bounced,5
strolling,11
queuing,2
rattle,20
mmmmh,3
twiddle,2
adobe,2
haciendas,1
plaintive,1
mexican,18
speedy,12
gonzales,10
tannery,1
floozy,2
strainer,1
roaches,7
rosita,2
tortillias,1
chilli,8
doggie,4
enchiladas,1
icebox,1
sweatshirt,9
a-here,1
cantina,1
stamps,3
vibrant,6
unmasked,1
affects,2
guiding,34
confided,2
constructing,2
perfecting,3
constrict,1
plague,61
steadfast,7
restraints,8
backlash,2
nothings,22
scented,6
hesitating,13
ov,49
offspring,10
stellar,1
balance,44
perdition,9
sheer,7
transgressed,1
pulse,39
undenied,3
heraclitus,1
iconoclast,2
injecting,2
accepted,11
resurrected,16
profound,17
nourished,1
karmic,2
fractured,3
naturally,18
unencumbered,1
moral,28
importantly,1
evolving,6
good-day,2
rooster,13
confined,21
pecking,1
curbside,17
ysee,1
nyc,2
63,1
nickel,15
account,7
amounts,9
nelson,6
gypsies,5
patrol,5
touring,1
elsa,1
exceeds,1
limitation,3
pup,4
filly,2
geared,2
flexibility,2
betties,1
m-r-a-z,1
he-he-he-hey,1
ketchup,2
analytical,1
wordplay,3
sized,6
cereal,2
stomachs,3
smaller,14
feast,53
calming,9
nightlight,8
farthest,10
reservation,2
bella,49
luna,9
illuminating,7
anchor,40
leagues,7
tiding,1
ebb,13
expose,17
imposing,2
combining,3
intertwining,7
swoon,6
overrated,35
keeper,34
crusher,7
astronaut,9
freddie,3
mercury,11
eulogy,9
vida,8
quatro,1
vente,1
pistos,1
botella,1
anointed,4
fiesta,9
vatos,2
jointed,1
ives,3
squintin,1
mucho,1
pedal,38
korn,1
rocka,1
placas,1
vavas,1
palabras,1
includes,2
sissy,1
rucca,1
huero,1
hun,9
manana,1
ondas,1
muchacho,1
gavacho,1
moreno,1
penetra,1
lacing,2
rolas,1
frente,2
rrrrrr,1
blacxican,1
esto,2
para,9
chanclaso,1
fregadaso,1
brasos,1
angle,15
pistollero,1
guerrero,2
fraction,10
fery,1
chronica,1
aire,1
quieren,1
baile,1
sty'le,1
caile,1
chueco,2
oye,2
muneca,1
mueve,2
cadera,1
sobre,1
ritmo,1
trompetas,1
como,8
escopeta,1
fresca,2
delincuentes,1
vengan,3
haste,20
atras,1
muy,2
desente,1
hierba,1
sera,26
cuando,2
vuelva,1
pupils,11
dodgin,4
hurra,1
mueva,1
thaw,5
throws,13
quotations,2
wishful,7
rightly,1
longed,4
wired,28
regain,15
skeptic,5
denver,8
lowering,1
formula,10
imitate,6
selection,18
breathes,31
motions,21
merit,2
shake-up,3
flyers,1
meaningless,38
symptoms,11
underweight,1
postmarked,1
23,5
caption,3
reads,10
speyside,4
littering,7
topsoil,6
picket,9
homesteads,1
modal,1
cities,49
shorelines,4
estuaries,3
travelled,15
northumberland,1
humber,1
thames,2
lingered,5
cotswolds,1
fells,1
rhine,2
freely,10
helps,45
canals,1
tryina,1
longevity,2
livity,2
harbor,7
hammering,8
awol,1
scythe,11
usher,7
lash,15
bane,7
regime,10
argument,21
tattered,15
razors,5
storybook,2
agent,36
arming,3
aiding,3
immerse,5
wrath,54
jolene,38
auburn,3
emerald,31
superheroes,6
cowboys,14
stillness,10
polaroid,27
astoria,1
earned,27
pedigree,4
victories,7
sanctuary,40
centre,8
vanquished,5
versailles,3
singalongs,1
savour,10
aay,1
delicious,7
handling,1
manute,1
bol,1
rubbers,1
vagina,12
dangalang,1
twenty-first,4
portable,6
smattering,4
heigh,3
colleagues,2
condescend,1
churned,3
lackluster,3
scenesters,1
shoreditch,1
extras,3
favours,7
fashionable,1
hipsters,2
barricades,8
unraveling,9
bony,8
happy-hearted,3
cinderella,10
headlight,8
independence,3
ugliness,5
goddess,22
helena,7
kryptonite,10
pacifier,1
spends,10
worship,159
fortunes,6
spiderwebs,12
intruding,2
communication,8
telephonic,1
invasion,10
recreate,5
musters,1
nostalgic,8
apology,20
farm,45
achy,8
breaky,8
louise,1
sandy,6
liberties,7
fellow,15
heezy,1
supper,10
keaton,1
batman,3
panicked,2
headphones,15
sheryl,1
rested,4
margarine,2
ghostbusters,22
huge,12
nicolas,1
lower-middle,1
hide-and-seek,4
firetruck,1
catalog,3
celine,2
dion,1
leonardo,1
dicaprio,2
peppers,1
dishwasher,1
relieve,20
aurora,12
blushing,3
intravenous,1
intertwined,8
considerate,7
clocks,11
7a,1
monkees,1
7-a,1
bluebird,6
shavin,1
homecoming,7
steed,4
arabella,6
interstellar-gator,1
barbarella,1
swimsuit,2
daydreams,21
picturesque,2
tapped,9
exploration,1
symmetry,12
adhesive,2
shooti,1
pun,5
intended,9
minda,1
fissure,1
grievances,5
catatonic,5
sacrilege,7
prima,2
donnas,1
privilege,12
reactit,1
premiums,1
delirium,9
wordit,1
inferred,1
zealot,1
cleaner,5
cortina,2
leccy,1
lotion,6
fireside,15
rigmarole,1
miniature,1
shoo-wop,18
sunglasses,11
indoors,2
indoor,2
monologues,1
gallic,1
shutterbugs,1
dodge,16
cubicles,1
piled,11
exceptionally,1
blocked,15
lacoste,4
cured,13
phonebook,1
scruff,1
narcissistic,5
good-looking,1
tightening,3
canceled,3
rendered,3
knowi,6
mei,3
knowdo,1
knowam,1
deserted,12
signshow,7
linemaybe,7
grieving,8
silvery,3
truthfulness,4
sincerity,8
reverend,4
conspiracy,12
abound,8
complex,15
spared,13
baptism,4
haunts,26
embarrassing,13
junkie,16
1983,5
grating,3
resonation,1
lasted,6
hospitality,4
partaken,1
overdone,1
demonstrate,9
uninspired,3
miseries,1
enchanted,10
obsessions,6
lament,10
meanings,10
incessant,4
lustral,1
unengaged,1
we,6
halves,3
overly,3
dramatic,13
heavier,18
ungodly,15
blasts,6
excel,1
deserved,12
exists,18
sandpit,2
praising,11
perish,24
adventures,8
bros,11
rv,4
leaping,2
surviving,6
zoned,5
critical,15
boarder,2
laser,6
font,6
norm,11
omaha,3
radios,2
dancehall,28
occasions,6
occur,3
endowed,1
behaving,2
awakens,13
dialatin,1
embedded,16
arise,80
grinding,35
grounds,16
farmer,13
outstanding,3
chisel,2
compass,20
chariots,7
fearing,15
mindin,10
sufferin,13
hoot,2
terminato,3
vacuous,1
ceilin,9
unwell,9
impaired,4
hobo,8
saginaw,10
hard-working,2
fisherman,2
alaska,7
klondike,2
father-in-law,1
serves,27
newlyweds,2
standby,9
ho-oh-oh,4
spiraled,1
mystify,1
verbose,2
fizzle,1
wo-ho,1
sooth,2
ye-yeah,9
heresy,7
fanatic,8
heretic,21
rumors,13
spying,3
vacations,1
persecute,1
household,5
oo,135
voice-it,2
is-cool,2
voices-warm,1
word-it,1
voices-your,1
recedes,2
pointless,18
clockout,1
summit,11
venus,56
soaring,24
untill,4
ethereal,5
cuckoo,6
shelves,4
post-traumatic,6
zoloft,1
welbutrin,1
paxil,1
unnamed,1
traumatic,3
....,5
recorded,3
outweigh,3
whoa-ah-oh,18
ah-ah-oh,17
boxes,11
emergencies,1
witnessed,5
c-catch,1
c-c-catch,2
blah,10
rue,2
carolina,7
unboyfriendable,1
undergo,2
newborn,7
fable,11
shh,16
self-righteousness,2
pompous,1
antagonized,1
reminding,14
actions,39
elections,2
contributed,1
depictions,1
admitting,2
pulses,4
instructions,8
stay-ay,5
away-ay,17
confidant,2
canes,2
perceived,7
impure,11
efforts,13
expenditured,3
soup,13
jourd,3
cross-tops,1
dulled,2
hearted,14
forgiving,19
caressed,2
blooms,9
mowing,5
unheard,22
accidental,1
uphill,7
wretch,7
relieved,7
dangers,8
toils,2
snares,6
dallas,3
frazer,1
schoolin,3
wildwood,8
hav'nt,1
linde,1
devaney,1
daniels,3
a-bone,1
ed,3
rowell,1
hen,3
haul,14
belongings,5
canned,2
remeber,1
honeymoon,8
tossing,6
gath'ring,1
belonged,12
limosine,3
a-running,2
a-wading,1
poverty,18
fam'ly,1
cleft,4
putman,2
hellard,2
bucky,3
taped,6
noack,1
calloused,15
grieve,20
a-sittin,2
laboring,5
toil,10
caloused,1
starvation,5
earl,1
ryder,1
v.l,1
haywood,1
roles,22
castles,13
charles,10
browder,1
leona,8
williams,5
springtime,11
blended,2
scenery,10
youir,1
theif,1
roving,4
wanders,4
cattin,2
sandbox,3
payday,7
believen,1
cuties,1
anothers,3
norro,1
wilson,1
carmol,1
taylor,7
siberia,2
tonking,2
preciate,1
knob,1
imitations,8
cheapest,1
copying,1
pleasures,18
tonks,5
nightlife,6
knutsen,1
answered,22
baggy,4
staggers,3
wino,4
crawled,10
stumbles,1
overbey,1
loudly,13
divisible,1
roger,4
loaned,2
babysitter,1
identical,8
rambles,2
used-to-be,7
lovelight,1
rescued,16
flirty,4
trifle,6
harlan,6
howard,1
hank,19
cochran,1
everynight,5
stammer,1
morining,1
booze,27
damaged,24
nursery,13
morenci,1
clifton,2
rosey,8
dined,1
two-time,16
hugging,9
a-waiting,1
teardops,1
lonliness,2
recitation,2
whereever,1
tribes,9
swirling,19
overstreet,1
withered,20
devastation,32
cataclysm,5
impossibly,3
tempered,3
failures,15
fabrics,2
darwin,3
proposal,2
serpents,11
slithering,4
pews,3
purity,15
slaked,1
gloveless,1
curvaceous,1
adam,17
procreate,2
strangled,6
sinning,3
sleight,3
invert,1
shuddering,1
anticipation,18
discern,8
kneeling,11
reprimand,1
heaving,5
immortal,30
coattails,3
insatiable,4
defunct,3
geek,6
hunchback,1
psyclone,1
hallucinating,3
goldfoot,1
creates,9
medieval,7
foresee,8
felonious,1
cruiser,11
bounty,18
eileen,25
johnnie,1
too-ra-loo-ra,3
too-ra-loo-rye,2
verge,9
smoke-dried,1
resigned,3
tah-loo-rye-ay,4
tooh,6
roo,4
tah-loo-rye-aye,2
too-ra-loo-rye-ay,1
fondly,2
squonk,1
mmm-mmm-mmm,8
sorrows,44
dims,2
skinned,9
relying,5
lore,6
germination,2
cryptic,8
unclosing,2
enthralled,1
enhancing,3
inis,8
mona,23
palmy,4
emulous,1
removing,6
seals,7
enigma,4
schizophrenic,8
bom,51
oh-uuh,1
umbrella,30
worsen,3
dweet,44
verbs,3
noun,2
superbly,2
renown,4
rebound,14
safer,32
padlocks,15
t-square,2
alarmingly,1
trophy,9
tic-toc,2
6:30,1
9:00,2
funding,1
dumpling,1
selector,2
lovin,12
8x,1
coldblooded,2
million-dollar,4
rap-bot,1
genes,4
half-cock,1
lewinsky,1
nutsack,1
skill-a-holic,1
flippity,1
dippity-hippity,1
rappity,1
backpack,7
yap-yap,1
yackety-yack,1
practicin,1
aftermath,14
f-bombs,1
period,14
maxi,5
disastrously,1
masterfully,1
masterpice,1
maintainin,1
truthful,10
exuberance,1
asteroid,1
pew,25
lakim,1
shabazz,1
n.w.a,1
ren,1
yella,1
rund.m.c,1
induct,1
inducted,1
plank,6
gay-lookin,1
witnessin,1
mass-occur,1
oy,2
vey,3
dale,1
earnhardt,1
zod,1
kryptonno,1
thor,10
rodent,1
omnipotent,3
reloadin,1
totin,6
woken,12
deep-throatin,1
ramen,5
noodle,2
poodle,8
doberman,2
homage,3
futile,15
utilize,1
doodle,1
punchlines,1
unsigned,1
lunchtime,3
censor,5
mathers,2
columbine,1
morphin,2
portal,5
warp,9
rapunzel,4
cornrows,3
raygun,1
fabolous,1
mayweather,1
summa-lumma,1
dooma-lumma,1
assumin,1
innovative,1
ricochetin,1
devastating,13
levitating,13
motivated,1
elevating,4
confuse,24
hella,49
occurs,1
inadvertently,2
flunky,1
accolades,1
brung,2
tongue-in-cheek,1
boyz,6
chunky,2
tugging,3
sympathetic,4
discrimination,3
handin,2
bake,24
retardbe,1
shouts,3
withdraw,2
superior,12
forth-right,1
portress,1
black-heart,1
liberals,1
finance,2
pageantry,1
destinies,1
imperialism,1
infidels,3
fabric,21
dictatorial,1
puppet-show,1
abominable,2
hemisphere,4
perpetuate,5
heart-whole,1
national,13
poor-sick,1
export,2
labor,17
monarchy,3
oligarchy,1
vanish,25
20/20,6
gulls,1
daffodils,3
over,2
whelmed,2
succeed,12
complexities,1
cyclones,1
raged,5
pernickety,1
speck,5
monsters,81
gravestone,2
medals,8
rearranged,11
say-so,1
bulk,4
befalls,2
a-while,1
a-walkin,4
wah-wah-wah-wah-wonder,2
a-where,2
a-run,4
yearn,19
tokyo-o,1
a-with,1
a-dancing,1
oohhhhhaaaawwww,1
rearranging,6
rubbed,4
teething,1
p.g,1
livid,11
limbless,4
bobs,1
crippling,6
meander,2
aroma,5
reflections,31
feeble,28
rotting,45
collapsing,20
kites,6
wrestle,11
cocooned,2
embracing,17
deities,3
overcomes,5
soars,2
blossoms,5
fermenting,2
roiling,1
rancid,15
nectar,3
traveler,26
surfing,35
youths,15
recruit,6
selassie-i,5
issuing,5
trod,9
ethiopia,4
caz,2
banton,1
chronixx,2
recruiting,4
executing,4
selassie,17
rastafari,4
banner,18
profficies,1
scrolls,2
truths,18
dentists,4
assistant,3
oh-o-oh,2
riptide,8
destined,24
pfeiffer,1
destroyer,31
vocation,2
incorruptible,4
unavoidable,9
opponent,7
uncovered,5
declaration,9
hesitation,30
commanded,4
untamed,8
sangria,1
weekenders,1
gameswhat,1
speeds,6
24,20
cynic,6
demonology,1
might-have-been,1
billing,2
sugarless,1
obliterated,1
medicated,19
abother,1
discussed,2
beatniks,3
foil,4
seduce,6
stussy,2
schisms,1
preference,3
reference,3
trudge,3
ensures,4
lobotomy,3
strum,2
passengers,2
remedies,12
bomb-like,1
collective,12
perspective,11
quaye,1
kray,1
crevice,4
precipice,4
passage,24
overground,4
cannonball,21
endures,5
outstretched,7
da-de-da-la-de-da,4
la-de-dei-dei-dei,6
tiniest,1
scab,4
doorway,19
long-ass,1
kickapoo,2
religious,12
jb,2
align,23
sliced,5
cockles,1
fuckali,1
fuckaloo,1
chode,1
disobeyed,1
mindless,14
dio,2
compadre,1
rad,4
jables,1
method,16
oppressive,5
awesome,63
journeyed,1
counterpart,1
yesterdays,19
seperation,2
sheltered,16
assured,17
strongest,14
flay,2
soothe,14
shuffling,7
felling,4
emerging,5
reindeers,3
rudolph,31
randolph,3
merry-go-round,9
longing,90
whizzing,3
saber,2
cheerless,1
analog,1
deafness,2
lazarus,1
windscreen,1
simplified,6
compromised,16
saves,26
ransom,19
ambush,3
barracuda,8
porpoise,2
wick,6
barra-barracuda,1
spokane,1
stung,11
aladdin,4
lousy,1
shun,10
nightime,1
discount,2
two-penny,1
vampire,16
representation,1
grit,3
is'on,1
tippler,1
stylophone,1
coasters,1
coastin,3
lout,1
niche,3
cruff-neck,1
scout,6
they'mouf,1
hither,2
furthermore,5
giddy,21
hippy,2
lizzy,2
hoorah,17
spike,10
moondust,1
yippe-yie-yeay,1
tiddly-whack,1
todger,1
wad,2
rums,4
brutish,1
ality,1
brutism,1
second-guess,1
pebble,2
ripple,5
marky,1
cherese,1
outlook,5
topic,6
facial,9
racist,7
sugary,7
auto,5
crashes,9
seye,1
s'elpoep,1
retho,1
hguorht,1
kool,2
uoy,8
woh,6
tsuj,5
wonk,4
reven,1
swohs,1
ti,28
segami,1
eht,5
semitemos,1
nus,1
dnim,1
t'nod,3
arguing,4
ever-present,2
rapist,2
soul-sucker,2
mascara,11
quivering,6
withering,10
misspent,1
sinnerman,4
plentiful,1
abundance,6
offering,36
homeroom,5
girly,1
baby-blues,1
sweaters,3
negligee,2
1-2-3-4,11
ooo,159
flamingo,1
deco,1
kink,5
ahhhhhh,6
yeahhhhhhhhhhhhh,1
crayon,2
motive,8
paved,19
headstrong,14
conclusions,11
intends,2
shimmers,6
lavender,10
christmastime,37
transpired,1
waged,5
idols,26
compensation,5
advantage,21
headbutt,2
outline,16
crypt,7
massachusetts,12
francisco,12
faithfulness,9
clothed,5
awestruck,5
nervously,1
cooling,6
pretentious,4
matches,12
do-do-do-do-do-do,13
battens,1
hatches,3
frantically,3
babyface,1
streak,11
runneth,2
ambiance,2
treachery,11
boxcar,2
chattanooga,1
irene,1
hoom,4
chaka,3
laka,2
sats,1
nevertheless,6
widely,1
moronic,2
annoying,3
pipsqueak,1
mademoiselles,1
magnifique,1
par-ee,1
chic-est,1
odor,3
toupee,2
stripey,2
beret,2
dway-doo,10
perrier,1
saint-tropez,1
s'il,2
vous,3
plait,4
hemenene,2
humenene,2
chlorine,3
gene,9
casserole,1
provence,1
croissants,3
bulb,4
bonjour,1
ze,4
oui,8
frenchies,3
frere,1
cannes,2
renoir,2
oir,1
ne,7
sais,3
quoi,13
oo-wee-oo,2
didi-di,1
taco,11
faint,27
snotty,1
unglued,1
bowm,7
gaulle,1
entre,2
iq,2
gerard,2
depardieu,1
quickest,3
tractor,8
improbable,3
circumstance,14
googly,1
moogly,1
frenchie,1
tout,4
pastries,5
dork,1
35,11
trek,2
convention,3
poupon,3
merci,1
beaucoup,2
lightyears,2
darkened,26
plume,3
wearier,1
greenness,1
seabed,1
searched,30
oh-ohh,10
guadalupe,1
guapo,1
crackers,10
actors,3
hickey,1
barbecue,4
woodpecker,1
boxed,6
gringo,1
doritos,3
burritos,2
vino,1
fuego,4
oakland,2
lowrider,1
mag,4
saucy,4
poncho,3
pomona,1
belfast,24
revelry,3
agency,5
spelling,2
raced,5
thunderstruck,20
yeah-yeah-yeah,23
lightbulb,3
schoolkid,1
cubes,3
coddle,2
amputate,1
effusive,1
sickening,27
packaging,3
subversion,1
pseudo-sacrosanct,1
perversion,5
graves,60
preservation,9
psychosocial,18
venomous,12
insipid,2
anti-fascist,1
bomp,15
yr,10
dik,2
vaseline,4
depoliticize,1
policy,10
bomp-a-lomp-a-lomp,4
rama-lama-ding-dong,4
entertained,3
linoleum,5
spoonful,10
littles,2
workshop,2
elves,6
gentile,2
disgruntled,2
yuletide,16
snapped,7
nowhe,1
helpers,3
hostage,15
sausage,1
prancer,1
luger,1
dasher,1
krueger,1
barbecued,3
blitzen,3
kris,2
kringle,1
eyewitness,1
circlin,7
federal,2
vixen,7
donner,1
postal,1
negotiating,2
nicholas,1
gypped,1
wo-oh,9
faithin,1
innocents,14
significant,5
significance,2
suspense,11
clothe,9
apron,3
remembrance,5
intoxicating,6
castaway,4
nitro,1
warhead,2
white-knuckle,2
churning,10
headlines,13
nineteen-fifty-five,1
schmaltz,1
tchaikovsky,3
fifteen-million,1
42,4
forty-two,4
thirty-nine,1
fifty-six,2
weighing,20
nineteen,37
rosie,24
woman-man-man-man-man,1
a-walking,5
medium,5
one-on-one,3
databank,1
dynamo,2
8-bit,1
tailored,2
chauffeured,1
hotels,3
furs,2
king-size,1
moneytalks,11
yeah-yow,1
b.s,1
howl,27
reform,2
ooohhhh,4
ricochet,8
uhhh-uhhh-uhhh,8
uhhh-uh-uh,4
uhhh-uhh,4
ahhh-ahhh-ahhh,4
ahhh-ah-ah,2
aaah-aaah-aaah,12
aaah-ah-ah,6
aaaaaahhhhh,3
searchlights,2
make-up,8
brushes,2
blonde,14
hymns,24
newfound,3
identify,5
digs,4
multiplies,4
persist,4
anna-molly,15
mutes,1
illuminated,5
de-fragmenting,2
feat,2
transcends,3
fettered,2
maybellene,12
motorvatin,1
a-rollin,4
v8,2
ninety-five,2
tooted,1
cooled,1
eden,65
portishead,3
grasped,3
condemn,16
fallacies,1
forbidden,19
courtesies,1
sinful,7
revolve,5
accuse,9
reserved,8
blackness,19
husk,3
fled,17
taunted,2
unholy,39
pedestal,5
ammunition,13
phantoms,12
scarecrows,1
un-explain,1
unforgivable,1
streetlight,4
sance,2
contrition,1
s-i-n,10
ambulance,9
chapped,2
soggy,5
chemo,2
lifelong,7
shoved,10
gravitay,4
meay,8
beay,3
hollow-point,1
getaway,9
jenny,8
cramped,1
destinay,1
highways,15
lip-gloss,1
scraped-up,5
arteries,8
casket,28
metro,6
malls,6
schoolgirls,1
capillaries,1
genuine,9
bereft,4
resolutions,1
flail,5
this,1
paralyzing,1
resides,12
woh-oh,6
woh-oh-oh,6
dire,3
exude,1
basements,2
upsets,1
orchid,7
teasing,11
wardrobe,3
topped,1
kevin,5
bernie,1
congressmen,1
billionaire,12
obama,5
tienanmen,1
iphones,2
a-dying,1
thursdays,2
saturdays,9
chestnut,1
canary,3
throated,1
sparrow,8
lacy,1
lilting,1
lyric,8
lamenting,2
recuerda,1
cuba,1
reina,1
mar,2
caribe,1
quiero,1
slo,1
visitarla,1
triste,1
puedo,1
vaya,1
stunning,8
fictionary,1
a-shake,19
tatters,1
aglow,13
snows,14
concentrating,1
truckin,7
cramp,7
hurried,2
pia,4
amphetamines,5
crucifixes,4
sampled,1
soulless,34
deader,8
protests,6
ersatz,2
nobodies,8
somebodies,7
puked,2
morbid,31
ratings,10
2005,1
pertinent,1
biding,8
edged,4
seeded,3
psychosis,1
hiss,4
trask,1
tally,3
successes,1
impressive,5
confesses,2
musk,3
reconsider,1
kathmandu,1
airborne,5
beginner,3
feathered,1
technofy,2
transport,10
plasticized,1
romantize,1
twenty-three,7
spontaneous,1
combustion,1
woe-is-me,1
ominous,12
landscape,15
calamity,9
combustication,1
welcomed,7
perils,1
strewn,6
backlit,1
punched,5
ufos,1
a-are,5
i-i-in,1
proving,5
nevermore,18
woah-ooh-oh,1
justifying,4
vanities,6
subsides,6
cimarron,1
takers,3
sousa,1
dsire,2
piccadilly,2
abbey,1
airplanes,25
me-e-e-e,2
hopelessly,13
thanksgiving,7
valentines,5
greeted,2
bureaucrat,2
foretold,10
chemically,2
marina,4
achiever,2
fraud,12
habits,53
intervention,14
staggered,5
punches,14
rin,1
hiccupped,1
wa,79
fling,26
1000,3
radical,25
slowing,14
dignitys,1
faithfully,10
rediscovering,1
sellers,1
certainty,9
understudy,1
understudies,1
rehearsals,1
x2,123
underwhelm,1
seething,16
animosity,8
morals,14
hollowness,4
creations,6
viciousness,3
l-losing,1
discipline,17
wrenching,2
stupid-eyed,1
stand-up,2
psych,4
sesame,9
rationale,5
backstreet,5
ah-ah-ah-ah-ah-ah-ah,3
cross-eyed,1
merle,1
allegiance,20
hag,13
haggard,3
westbound,2
fiday,1
4x4,1
peaky,1
lois,1
bundles,3
runaround,7
blooded,29
budapest,2
castillo,2
achieved,6
a-ooh,2
orgonon,1
glowed,2
yay-yo,5
cloudbusting,1
babooshka,23
pseudonym,1
babooshka-ya-ya,9
arranged,6
incognito,3
uncanny,6
capacity,3
freezed,1
disposition,7
regretless,2
concentration,6
clappin,3
tag,17
mules,1
oven,16
struggled,4
hannah,3
tubs,1
seventies,3
gains,4
moskva,2
gorky,2
mmmmmmm,3
balalaika,1
weekends,13
lifeline,16
nemo,9
m.c,3
nough,19
scouts,1
ragga,2
skindred,2
raucous,2
forty-three,5
scorpion,5
p-p-pow,4
p-p-p-pow,4
fueled,10
despicable,3
taillights,3
uuuh,2
spoonman,8
ohoh,6
sideways,15
indirect,1
unchecked,2
admission,4
readily,1
rightfully,4
levees,4
decays,2
wow-wow-wow-yeah,4
ah-ah-ah-ah-ah,7
sculptor,1
potions,3
traditional,1
lawnmowers,1
fluffy,12
layering,2
perpetually,5
igniting,10
stillborn,17
engage,5
rub-a-dub,1
bright-lit,2
limestone,1
southwest,1
appeals,1
assailant,1
paradigm,7
invoke,11
warrant,2
wrought,2
betrayer,3
result,12
mandate,1
registry,1
omerta,3
cheaply,1
venal,1
stupidly,5
marker,3
sanctity,11
blacken,13
accusations,4
colorless,3
tenants,1
futility,9
continuing,7
18,3
attract,9
throats,8
wines,2
godless,16
shhhh,1
indescribable,5
goblins,7
witches,30
roaming,12
goodies,11
musketeers,2
oooohhhhh,1
clamps,1
teaspoon,1
irony,12
jeff,3
tiresome,3
boones,1
adieu,2
sac,2
bleu,6
p.you,1
privy,2
envelope,8
nazi,12
heckled,1
prozac,1
talentless,1
bi-curious,1
crickets,3
beanz,1
enough-nough-nough,1
insomnia,31
doubting,7
never-fading,6
snow-white,7
amaranth,5
daybreak,14
aligned,9
stardust,10
moonbeam,1
dazzled,3
conspire,20
syndrome,7
awkwardly,2
thoughtful,2
meathead-themed,1
monologue,1
brad,2
meathead,1
pearly,21
jackknife,1
macheath,3
billows,3
oozing,8
eek,1
tugboat,1
a-drooping,1
mackie,4
miller,18
sailor,24
rash,8
suky,2
tawdry,2
lotte,2
lenya,2
unsteady,18
scarce,4
perched,4
naming,3
judgmental,1
symbols,6
paste,5
imprisoned,12
mocks,2
dissolution,4
solace,24
completion,8
torment,45
ode,17
cruelty,13
separating,9
vulnerable,13
rites,10
hydra,7
antichrist,11
ytilibarenluv,2
tniop,2
tsewol,2
ym,8
siht,2
plaything,1
prosthetic,1
synthesis,1
overpass,5
disposable,17
suffocates,7
oxygen,44
celebrated,6
coupons,1
statistic,2
forgiver,2
bluest,11
intoxicate,12
infiltrate,5
debts,22
travesty,7
experts,5
plead,24
beginnings,8
spaceway,1
betelgeuse,1
mapping,1
certainties,1
sub-atomic,1
individuals,3
dictators,3
squat,31
hey-o,10
awakened,24
fiddle,24
enforcement,2
agents,3
jumbled,1
merchandise,1
tossed,24
farting,2
underwear,8
derrire,2
lsd,7
sensimilla,1
guatemalan,2
aircraft,3
cockpit,2
runway,9
mammal,4
flatten,4
irresponsibly,3
clones,4
advanced,7
2010,1
toothaches,1
fret,5
lamplight,1
morality,13
impersonate,2
evenings,11
flask,9
relay,3
monitor,3
unlimited,7
elsewhere,9
indefinite,1
magnifies,1
deepens,1
peacefully,10
perished,5
contraband,2
martial,3
arts,5
advertised,3
reinforce,2
bolts,8
daydreaming,30
admiring,4
serene,13
strolled,4
half-floors,11
typical,34
8k,1
thuds,1
thickly,1
pans,4
gonn,3
ali,10
applauds,1
shantytown,2
tab,11
yankees,1
melodrama,2
inning,1
filtered,2
fraught,3
peril,2
bragging,3
flathead,1
thunderbird,1
ported,1
stroked,2
floored,1
purrs,1
lid,9
yankin,4
mm-mm,63
chandelier,14
masterpiece,23
dazzle,2
candy-colored,1
tiptoes,10
dreamers,39
experiment,10
materialize,3
blessin,8
bedshaped,2
cannabis,1
wallpaper,4
glistens,2
d-o-l-l-h-o-you-s-e,6
jewelry,6
forgets,6
infidelity,1
alex,4
alexandra,2
skyward,4
peanut,28
11,3
wisp,1
inhaled,7
praises,24
ghettos,2
slither,7
possessing,5
jai,18
om,28
deva,9
clara,4
blackish,2
blondish,2
encourages,1
scolds,1
patchwork,9
brownish,1
reddish,1
grayish,2
tying,9
utah,4
claws,22
ribs,12
follicles,1
standards,17
accomplish,5
convincing,9
qualities,5
traits,6
cleaners,3
mopping,1
butcher,12
oh-oh-o,3
gulag,1
winnings,4
hosed,3
inspect,1
expectation,6
idol,18
fernando,18
firelight,8
bugle,1
cannons,3
fateful,1
rio,7
grande,7
sandpaper,1
papercut,1
featherweight,2
curls,12
mountaintops,11
inspiring,1
intimate,16
whoo-oo-oo-oo,1
undivided,4
oooh-oooh-oooh-oo-oooooh,3
haired,3
cornfields,1
60,12
drive-in,4
backroom,2
trusty,4
wholesome,7
idealism,3
chivalry,7
slithered,3
picnic,5
fractal,3
terrifying,9
painkiller,63
devastated,4
chromium,3
plated,4
encaptured,2
returns,19
b.f.p.o,8
mammy,9
aerodrome,1
politician,5
pips,6
heros,4
machine-like,2
assembled,3
ception,1
disconnected,25
unfaithful,14
splendor,20
gasping,14
fakeness,3
dislocated,4
nikita,17
anythin,3
locate,4
swallows,10
misunderstandin,2
sensitivity,2
shudder,6
theater,8
woogie,3
invitat,9
out,2
await,17
lures,2
cussed,5
woooahhh,4
ever-changing,3
masts,1
battleships,8
ba-boom,24
painter,25
evident,12
entitled,11
delusional,7
caps,11
sheltering,1
bough,14
absent,5
underprepared,1
nightingale,2
x4,37
sidewalks,17
ring-a-ling,19
shoppers,7
treasures,12
bustle,3
pum,502
nodded,5
ox,10
tallest,3
choirs,11
coo,2
imaginings,2
principles,6
alwatta,1
shortcake,1
f,6
k,10
n,3
stages,12
sustains,2
luckless,3
m-o-n-e-y,1
beamers,1
afterparty,2
l-i-m-p,4
mistreated,4
nearer,7
spaceman,5
drained,32
stitches,35
vases,1
miscarry,1
harley,4
barney,2
andy,6
angeleyes,14
chiquitita,12
enchained,1
blown-out,1
teaser,2
empties,6
unfolds,19
anzio,3
derail,5
trouper,8
glasgow,2
sup-p-per,17
troup-p-per,17
lyses,1
lisa,29
seine,3
flower-power,1
notre,2
restaurants,4
schoolbag,2
absent-minded,3
surge,8
loses,11
obeyed,1
spectators,3
apologise,4
self-confidence,2
masters,24
voulez-vous,23
flashlights,8
soundness,3
victoria,6
hungers,3
spice,7
asteroids,1
stub,6
reddened,1
convalesce,1
silenced,15
sanctified,8
oppression,16
mutiny,4
forked,3
avenge,4
lacks,3
vengeful,5
consumes,29
judged,16
undermined,2
protecting,16
cyst,1
drawbridge,2
yelled,7
reunite,4
slings,2
peels,10
stunned,12
simmers,1
mewhich,1
eerily,1
rebuild,15
subtleties,1
unweaving,2
calmed,1
tailgate,31
dixie,34
scannin,1
fm,3
xm,1
youjust,12
itso,2
livenever,1
trynever,1
nosay,1
itwhat,1
understandnever,1
youno,1
withinhate,2
sinkeeps,2
youso,8
yououtdated,4
youca,4
youare,4
quitnever,1
dropnever,1
nowhatsay,1
understoodnever,1
offno,1
defending,11
grandest,1
withhold,1
moodiest,1
wisest,7
kindest,1
bravest,8
partaking,1
passive,20
aggressiveness,1
mistrusting,3
persists,1
funniest,1
dullest,2
cylinders,1
drifter,9
oh-uh-oh,2
conquers,7
flamin,5
shi,36
......,3
65,4
101,3
69,1
gooey,1
woozy,2
silky,7
pooh,9
topsy,3
slurs,6
willows,4
stumps,3
parliament,6
cubano,3
mic-check,1
icons,13
starlets,1
saigons,1
deseo,1
cario,1
lucille,10
destructive,15
pollute,5
fifty-thousand,1
clapping,6
mephistopheles,6
devout,3
destroyed,64
dissolve,16
seaside,5
motherfuckerburn,36
insure,1
messenger,8
processed,2
weaken,5
awaken,34
ditches,13
trabajo,1
madera,2
yeso,2
scams,3
lazaretto,1
rottin,1
illegitimate,1
feral,5
quarantined,1
acquainted,5
need-a,1
a-glowing,1
bawling,2
summer-time,1
vaults,4
obsessed,29
greeting,6
christmasing,1
logs,3
digest,3
yogurt,2
lactose,1
limitations,6
heartborne,9
seeker,19
wishmaster,9
elbereth,1
lorien,1
dreamy-eyed,1
storyteller,3
shalafi,1
havens,1
silvara,1
starbreeze,1
sla-mori,1
sorcery,4
arcane,5
elf,1
inn,5
dreamfinder,1
battlefield,40
ooh-la-la,50
matte,4
styling,2
kung-fu,1
jackie,27
chan,2
ooooooooooo,1
backing,13
sundays,6
exaggerate,4
postcards,7
postmark,3
schoolyard,7
l.o.v.e,11
5x,2
ferris,2
coney,2
prostitutes,4
thailand,2
saucer,2
landing,17
staggering,3
decor,1
entertainment,3
saccharin,1
consumer,5
unhappiness,6
principle,6
malpractice,1
gateways,9
attained,5
valid,5
reclaimed,3
secrecy,9
omen,23
submerged,3
breaker,14
undertaker,9
faker,4
evoked,2
wrathful,3
dormant,12
ferocity,4
pervades,2
reconcile,4
inject,5
replant,1
growth,13
perception,13
multiple,12
accordance,1
notoriously,1
fuelled,5
prosperity,5
cloaked,10
thunders,13
tolerance,6
issued,3
conceive,10
sovereignty,3
invigoration,1
liberation,12
solemn,15
aspire,5
mediocrity,3
diminish,3
sub-principle,1
assemble,2
summoned,7
dimmu,5
borgir,5
compulsively,1
inconsistently,1
restoration,4
invocation,1
deviants,1
trickery,1
lava,5
consecutive,1
merging,4
excercised,1
invoked,2
beholds,1
sable,5
broadway,5
daddys,7
prescribe,5
anesthesia,4
paramedic,1
respirator,1
generator,11
bosom,2
cascaded,1
writer,3
gaia,4
child-man,1
snowflake,1
unframed,1
chimney,54
imaginarium,1
emporium,1
a-ah-a,2
sampling,1
undo,48
lunar,7
spewing,3
vanishing,10
abusing,9
bigotry,4
pasture,2
bases,4
casey,4
ninja-moves,1
ninja,6
ownership,2
outerspace,13
bastardly,1
black-belt,1
lightsabers,1
pistols,4
waaa,1
kenji,1
neutron,1
ornament,3
upraised,1
camaro,3
depended,2
uncharted,1
brunt,2
stretches,3
salvage,5
floated,10
receives,5
squeezing,9
decadence,14
ensemble,2
burial,21
corpses,38
blood-laced,2
scorched,9
siege,8
strafing,2
infiltration,6
reserves,1
encircle,1
bombard,2
submission,11
indication,2
massacre,29
spearhead,1
flanked,3
attrition,2
prophetic,3
scored,2
campaign,7
psychology,4
snowball,5
twirl,7
driveway,20
angelic,5
stuffs,2
pairs,3
shootout,2
tagged,4
pillage,2
primal,16
sledge,8
retirements,1
domination,27
manipulates,2
befall,7
blacked,16
birthed,2
deflating,2
godsize,5
belittle,1
unlord,1
executed,6
tuning,8
one-sidedly,3
grenades,2
pentagram,7
extinguishing,1
exterminatin,1
stranglin,1
dragula,9
convulsing,4
agether,2
violently,9
pre-chorus,35
superbeast,6
stir,71
roaring,22
swarming,6
adoring,2
lovesick,9
diagnose,3
advise,3
convertible,10
duplex,4
tiffany,11
guarded,6
shortcut,5
gracefully,6
calluses,1
unsturdy,2
riddance,1
iii,10
perfectso,1
strongly,3
martyrmore,1
comin'so,1
kindyou,1
re,11
shitdo,2
mannot,3
trendit,1
feeders,2
downthis,1
memo,1
twistedi,1
buildingbreaking,1
suffocatingtill,1
sedation,3
nausea,6
shorten,3
heroine,5
deserters,1
elderly,1
griefs,2
conditions,15
cashed,2
cleaned,8
bocephus,1
whew,5
do-si-do,1
scooting,1
kix,1
honking,1
shhheww,1
evenfall,1
glimpsing,1
blackhearted,2
chants,5
fetter,3
depraved,11
unsacred,1
inswathed,1
modi,1
nabokov,1
expectations,27
humankind,11
cent,5
egyptian,21
international,4
10th,4
brazilian,4
exterminate,13
hind,3
civilizations,2
realizations,1
oyster,6
lobster,1
hallucinated,1
liberated,2
fascinated,1
vibrated,1
tolerated,3
dictate,6
borne,5
god-forsaken,1
stucked,4
puddle,6
unwise,4
doings,3
falseness,3
ohhhouhhh,5
apologising,1
malice,22
disused,1
housewives,4
ye-eh-eah,3
bah-bah-bah-ba-baba-bah,4
uhuh-yeah,3
roast,2
uhuhuh,1
billie,12
m-mm,1
mm-mmm,2
m-mmm,2
o-oh,5
m-mmm-mm,1
o-oh-oh,2
centrifugal,5
pivotal,4
unthinkable,4
unsinkable,1
whet,3
ronnie,8
overalls,4
sandals,2
twenty-seven,5
hesitated,2
hesitatehesitate,1
bygolly,2
humour,2
encounter,5
self-seeking,1
nauseous,5
spires,3
hackney,1
judah,10
reduced,11
dissolved,3
snuffed,1
trumpets,9
beheld,2
bewilderment,2
crumb,3
leviathan,10
hosanna,8
decimate,4
eradicate,6
sodom,2
gomorrah,2
aeon,1
angelus,1
satani,4
ora,1
nobis,3
smite,2
elohim,4
feculence,1
conjure,5
concord,1
thine,14
scholar,4
unlight,1
excrement,2
rippling,5
re-constellate,1
firmament,1
megalinga,1
throbbing,3
zeal,4
raptor,1
cosmos,8
implore,2
ungod,1
implode,1
wronging,1
stabs,5
sinai,2
tablets,2
covenant,11
tempest,5
rasp,1
azazel,3
apolyon,1
habemus,1
petition,1
sede,1
phallus,1
dei,21
blasfemia,1
coitus,3
infinitus,1
mourns,9
descended,4
scoundrel,2
messianic,1
pulp,4
salome,1
beckon,6
heinous,4
decompose,7
hells,10
disintegrate,15
faintest,3
whim,6
impale,6
ark,22
whoring,1
compelled,7
liberate,17
gush,9
perditions,1
profane,6
condemned,23
aflame,9
rebellion,18
miltons,1
fetus,2
agnus,10
hearken,2
prescribes,1
exalt,8
celestial,28
nazarene,7
peters,4
partake,1
boreal,1
blistering,23
bequeathed,2
values,16
dissect,9
shatters,10
blameless,6
mhhh-hm-hmm,1
mhhh-hmmm-hmmm,1
boogie-woogie,1
peg,3
soundtrack,20
vines,6
shackles,28
ooo-ooo-ooo-ooo-ooo-ooo-ooo-ooo-ooo-ooo-ooo-ooo-ooo,4
dishonestly,1
hee-hee-hee-hee,1
frisco,2
spellbound,19
nazareth,1
grinned,1
annie,70
m'friend,1
moses,34
luke,14
anna,18
carolyn,1
aretha,3
unattached,2
exposure,4
anhilation,1
yoko,10
delayed,3
wastelands,24
credits,6
integrity,21
negotiation,1
hesitates,1
stampede,13
slender,1
floundering,1
recognise,12
beethoven,13
beatin,11
a-singin,1
pneumonia,1
arthritis,1
revue,6
warnin,8
diddle,2
wiggle,16
66,8
joplin,7
missouri,10
oklahoma,7
amarillo,3
gallup,2
flagstaff,2
winona,2
kingsman,2
barstow,2
bernardino,2
da-da-da-da-da-da-da,11
novels,3
da-da-da-da-da-da,32
da-da-da-da-da-ya-da,1
pa-da-da-da-da-da-da,2
newer,3
hydroponic,2
pa-da-pa-pa,1
pa-de-da,1
te-de-de,1
da-da-ah,1
woah-ah,2
ah-ta-da-da-da-da,1
da-da-da-da,22
pa-da-da-da-da-da,1
pa-pa-da-pa-da,1
explaining,5
dimensions,8
lobotomies,3
families,10
surrealistic,1
bland,7
restitution,2
abusion,2
pessimist,4
conservative,7
communist,1
privileged,5
masterbating,1
downer,1
joyfully,5
playfully,5
dependable,2
cynical,31
liberal,4
fanatical,2
respectable,31
presentable,1
vegetable,8
illogical,2
d-d-d-d-d-d-digital,1
unbelievable,16
b-b-bloody,1
falter,20
forsake,16
infirmary,2
crap-shootin,1
pallbearers,1
1966,1
horsepower,1
momentum,17
indianapolis,1
terre,1
haute,1
windbreaker,1
parachute,12
flux,18
capacitor,1
3000,9
granddaughter,7
breasted,1
multi-platinum,2
outsold,1
oooooooohhhhhhhhh,1
premise,1
interlude,7
protrude,1
convexed,1
semi-sweet,1
semicide,1
molt,1
empathy,48
chrysalis,6
self-controlled,1
imminent,13
benefit,6
concaved,1
encouraged,2
kyrie,30
eleison,29
gemlike,1
who-o-oa,4
valerie,14
thickening,1
shoveled,1
pressured,2
overturned,1
limiting,1
darkens,2
internal,11
path-way,1
contention,2
atrophy,3
sedate,4
semblance,4
augustino,1
stardog,5
bracelet,11
x8,3
adhere,4
extracted,2
enfolds,2
crescent,8
gnawing,6
castrated,2
abstaining,1
pleasantries,1
owes,5
bipolar,4
quicksand,7
humor,4
tombstone,10
self-fulfilling,2
prophecy,34
shimmer,11
meadow,17
parson,8
eskimo,5
winterland,1
deliverer,8
defender,6
unfailing,20
unending,4
fortress,19
refuge,16
calvary,7
fatherless,1
uphold,8
swapping,4
red-haired,1
ohio,16
millionaire-y,1
rages,10
rightful,6
sovereign,25
pumped,15
manger,5
shepherds,12
mhh,1
anglo,1
half-fried,1
panko,1
prime-time,2
rhymer,1
lames,3
aiming,13
carelessness,1
intimidation,5
stretching,19
etching,1
mummified,3
chimera,1
filming,2
visits,3
ouh,11
amnesia,12
abductee,2
sucky,3
sensory,3
barreled,1
jheri,3
herzog,1
solitaire,2
taire,1
savoir,2
shaka,1
glare,9
somnambulist,2
lair,7
awhoo,2
lix,2
shriveled,1
jaundice,3
vox,2
limbo,20
obese,1
sharpie,1
falsetto,2
carrion,8
volumes,1
reset,12
chests,3
crater,2
gladiators,3
defiled,10
hysterical,8
uniquely,2
styled,1
chancy,2
idly,1
wastes,7
defrost,1
steaming,11
a-buying,1
atrocity,8
awake-ake-ake,1
thi-ing,1
confounds,1
lamppost,1
unstable,9
posters,8
finland,1
loosely,8
overprotect,1
radiates,9
rivals,3
empowers,2
convenient,5
allergic,3
unfortunately,6
staple-gunned,2
woahooo,2
moons,11
breezes,6
brighten,15
straighten,8
lucretia,1
auld,31
lang,27
syne,26
pint,41
stoup,1
braes,4
gowans,2
paddled,1
braid,3
waught,2
ultrasex,8
molest,2
1-2-3,2
wineglass,1
subways,4
disarrayed,1
stephanie,11
alison,15
wrapper,1
dapper,1
sweeps,8
doffs,1
palaces,5
crucifixion,13
phosphorescent,1
soap,10
matchbox,2
plasterboard,1
william,35
dangle,28
doo-doot,16
doo-doo-doot,32
sidney,3
prosecution,1
wed,32
gallows,13
wandsworth,1
calculate,5
flagstone,1
roustabouts,1
fiberglass,1
tumbleweed,4
tiger-skin,1
trunks,2
flatter,4
splattered,12
stripping,3
woohoo,24
coping,7
self-destructive,9
separation,10
what,3
it,5
responsibility,40
resonates,2
streamer,4
incisor,3
instigates,2
yawning,2
fors,1
revelations,17
tolerate,13
slow-motion,1
tranquil,3
aha,9
famine,6
wherefore,3
souvenirs,7
undressed,13
unblessed,1
yon,4
infant,16
glories,9
al-le-lu-ia,1
radiant,6
redeeming,3
eases,2
tear-stained,2
windowpane,6
lymph,4
decayed,14
putrid,9
genital,4
cavity,7
unbearable,7
unburied,2
erection,5
glassy,6
tonguing,1
rotted,3
anus,7
mutilate,6
exceptional,2
clot,2
gushing,7
gel,4
undetected,2
climax,5
surging,3
serum,2
spew,9
putrefaction,4
la-la-la-la-la-la-la-la,11
la-la-la-la-la-la-la-la-la-la,4
boyfriends,7
bi-polar,1
congregate,4
geronimo,33
thriving,3
thumps,2
i-i-i-i,12
b-b-buckin,1
vessel,21
godspeed,6
houseguests,1
reverie,17
composed,2
unintentionally,2
chemical,79
backless,1
sneaks,1
discothque,1
pretenders,4
ba-dee-ya,21
ba-du-da,7
ba-du,4
dee-ya,31
rooted,8
cortex,3
bidding,5
brutality,9
sockets,7
mallet,2
seep,7
slop,12
slouching,1
lecherous,1
abscess,3
avoiding,15
cranial,2
incised,3
involuntarily,2
pulpifying,1
regions,1
pulverized,2
carnage,20
reshaping,1
elders,5
shirk,2
hopscotch,3
pigtails,1
sierra,11
jog,1
nevermind,10
paw,14
meck,25
verset,3
seized,8
panty,12
figare,1
jox,1
cuck,1
brook,4
juck,1
iky,1
medobrook,1
macdonald,1
e-i-e-i-oh,1
fashioned,11
cymbal,1
impractical,4
declined,4
rollercoaster,21
superhero,31
ever-worrying,1
shameful,4
lowlands,3
gloomily,1
shiney,1
heinie,1
vise,2
sonofabitch,1
leisure,2
promo,2
homo,6
spindle,1
spastic,1
sashay,2
casing,1
barracks,1
harness,4
vita,8
fussing,5
cussing,2
uniting,1
fishy,3
headache,27
decent,12
implication,1
insinuation,2
cape,11
misbehavior,1
dazzling,3
starless,10
yearns,3
whipped,14
desires,25
snowy,11
doreen,21
sours,2
galloped,1
boroughs,1
thoroughbreds,2
cleveland,5
seven-seater,1
fina,2
hocus,9
pocus,9
shazam,5
settles,16
hyper-communication,1
progression,5
reclaim,15
traversing,1
ever-flowing,1
ever-echoing,1
branching,1
contrived,9
inception,8
rectify,1
captivated,5
mounted,8
ponderin,1
a-wanderin,1
measured,7
dunes,3
wayfarin,1
a-ready,1
kylie,13
banged,1
ofworld,1
rave,114
fats,2
domino,22
smiley,4
huey,1
52,5
anxiety,47
cauterize,1
leeching,6
tortures,7
coffincriticized,1
shouldered,1
ba-dah-dah,2
mast,1
197666,5
g.i,3
76,4
activist,3
scabs,9
losses,16
hex,3
howls,16
s-h,2
orbital,1
pawns,14
jacob,5
siblings,4
forsakes,2
slurred,1
prejudice,9
outshines,2
projected,2
no-no-no-no,1
infested,4
born-again,1
s.t.d,1
middle-finger,1
double-fisted,1
drug-induced,2
cheers,22
paranormal,2
genderbending,1
sci-fi,2
exorcism,1
circumcision,1
horrifying,6
gruesome,5
bloodsuckers,4
basketcase,1
stitched-up,1
radiation,5
masturbation,6
k.i.l.l.i.n.g,2
hollows,5
crane,6
residue,2
revealing,16
rgf,2
productions,4
remy,7
yah-ah,3
1738,2
introduced,9
remixin,2
bando,13
matchin,2
lambos,2
56,4
gram,7
cookin,11
rari,8
zoowap,6
fetty,4
wap,4
fasho,8
re-re-remy,1
soundin,6
zillion,1
nitt,1
gritt,1
drifters,1
huckleberry,5
denim,5
unbuttoned,1
crushes,3
pees,1
dries,8
deceased,19
displeasure,1
werewolf,31
axl,2
julianne,6
sh,21
overturn,3
syria,1
mariner,1
wounder,1
dividing,11
thistle,2
burr,6
usual,16
happyland,23
temporarily,1
preying,6
animals-mals,10
deny-ny-ny-ny,4
si-si-side,4
oww,1
shipping,1
marketplace,3
8:00am,1
sacrament,6
outlived,2
insatiates,1
leverage,1
depravation,2
scratches,8
mortgage,2
clears,12
vacuum-sealed,1
organs,34
squirm,3
eels,1
adventurous,1
employ,4
masse,2
manky,1
dipping,2
rehearsed,3
crazier,1
medicating,1
enslave,10
enslaved,19
hijacks,1
foaming,2
blush,15
cursive,8
redefining,1
theories,8
scandals,1
fluke,4
chilean,1
pinto,1
snort,7
resolved,3
twitch,11
governors,1
zipping,2
backstabbing,2
recreant,4
gutless,7
upturned,1
jetsam,2
suspends,1
dialed,3
blackbird,16
self-loathing,5
extend,5
harlot,4
downstream,2
disinterest,4
holdfast,8
photos,29
deleting,2
half-lit,1
paces,2
spelled,2
now-forgotten,1
despised,7
bret,7
you-you-ultranumb,2
ultranumb,8
frontal,6
overstimulation,1
benediction,6
voyeuristic,1
degraded,4
dominated,4
manipulation,13
oversaturation,1
repression,6
malevolence,11
mariachi,1
est,8
listo,1
seor,1
empower,4
higher-er,1
reveals,13
theoretically,1
transformed,13
normality,3
reckoned,5
brah,4
twix,1
snapple,2
shampoos,1
bathrooms,4
peeking,2
wi-fi,2
torrent,2
five-inch,1
twerps,3
burd,3
spout,9
duffle,2
shuffle,21
dave,12
jaywalking,5
egging,1
yolk,2
sixty-five,3
seventy-five,2
texting,23
tennis,7
hoop,4
obtaining,1
cinemas,1
malicious,10
statutory,1
aaaaaaah,2
ah-aaaaaah,2
ah-aaaaaaaaaaaah,1
electing,1
perfections,1
scraping,7
cringe,4
phonograph,4
watery,4
hoarding,2
du-du,2
storys,1
poisoned,31
giants,32
armies,16
restart,14
reboot,5
depart,3
opponents,2
groanin,1
wakin,13
thorned,4
testify,6
gto,1
blacktop,3
7.5,1
bakersfield,1
baracuda,1
don'ts,7
lo-o-ove,12
aaaah,7
aaaaah,6
fume,5
grains,4
mm-mm-mm-mm,1
confound,2
mosquitoes,2
thrift,2
benny,8
goodman,2
corset,1
coltrane,1
comics,18
hunch,5
far-away,2
devours,7
nonetheless,5
writings,5
cutthroats,2
philosophies,3
halos,19
browned,1
stead,7
youtube,6
y-o-you,1
mobily,1
patrn,4
alri,1
obviously,2
doughnuts,1
athletic,1
rec,1
mvp,2
pizza,21
goddammit,4
behaved,7
adele,2
pandora,3
smooch,1
boobs,6
email,5
context,8
hands-on,1
dynamic,3
cardigan,1
supportive,1
reward,31
16th,1
20-74,1
ld,3
terse,1
tinfoil,1
hard-boiled,1
57,1
excessive,14
comprehending,4
acknowledge,11
thunderclouds,2
oooh-ooh-ooh-ooh,18
yeah-hey-yeah,1
applaud,3
kyle,2
gass,1
underdogs,10
snoopin,6
wag,4
lows,61
graze,2
appease,5
provoking,1
fragrance,14
hallowed,24
elude,3
declines,4
pageants,2
pacifies,1
adulating,1
gein,9
equation,2
intension,1
exchanging,3
embraced,12
transmutation,6
homunculi,6
gluttony,6
sloth,3
humans,52
weaknesses,6
delete,13
sighing,2
mudshovel,16
spartan,7
spartans,2
profession,2
sparta,10
bower,1
braveheart,6
pree,47
gully,24
sprartans,1
de-da-dat,4
de-da-dat-dat-dat,2
stark-raving,1
maligned,1
encroaching,3
commercial-free,1
interruption,1
prolific,2
statement,8
listener,1
advised,2
evils,1
collections,5
irreverence,2
formalize,1
former,8
androgyny,1
monogamy,3
eeeee,1
uuuuuuuu,1
uuuuuuuuuu,2
eeeeeeeee,2
maggie,6
first-class,3
notebook,2
drawings,1
cocks,6
freshly,5
swastikas,2
slap-chop,1
kool-aid,5
cody,2
juice-box,1
arby,1
buffet,3
xbox,2
hologram,3
tanning,1
dominic,1
trevor,17
lieutenant,1
sarcophagus,1
swastika,1
deathlessness,1
breathlessness,1
waterpark,1
museum,3
installation,2
ronstadt,8
astounding,4
inconsolably,1
sticker,9
ban,4
insult,6
curve,16
stifle,6
ascension,14
fabricate,6
thieving,1
sellouts,1
cradled,7
speared,3
fourteenth,3
leaned,3
huh-huh,2
watcher,6
immortals,12
immorimmortals,10
payoff,2
comparing,5
sutures,1
minus,7
stuffing,1
brooks,1
babble,5
umbrellas,2
apologetic,1
passport,9
ex-lovers,12
battlegrounds,1
clueless,14
bandstand,2
drunks,9
conspires,4
lain,2
aesop,1
carcass,12
wasteful,1
aimless,6
a-stray,1
loveless,16
self-induced,1
inflicting,4
cross-turned,2
commandments,4
confine,8
inflicts,1
patio,3
heatwave,18
d-d-d-day,2
slowin,5
whisperin,3
mayflower,1
wailing,8
matrimony,2
kaleidoscope,32
trivial,9
anvil,5
dissonance,10
insignificance,1
cliches,4
tipping,1
breached,10
conrad,6
stooped,1
thoughtless,4
paupers,1
mommie,1
quarrels,1
strengthened,1
sociable,1
sals,1
sterned,1
pettin,1
streaks,3
saxophones,1
testimony,2
prevalent,1
pout,6
calaboose,4
confounded,2
unhurt,1
lilacs,3
grope,2
buoy,1
toiling,2
scroll,3
lessening,2
droll,2
parting,7
sprinklers,1
treatment,9
adrift,7
every-time,1
angst,5
brigade,6
shortness,2
buffaloes,11
auntie,3
jambo,2
buffaloland,1
flip-flops,1
flip-cup,1
jagger,2
extermination,15
governs,2
neutralized,1
emerged,7
sadist,14
mercenary,3
realm,26
messengers,3
sickless,1
evolutions,1
alignment,2
terrorizing,4
sickle,4
demigods,1
rift,8
flourish,6
erasing,14
frees,4
welcoming,6
hindsight,11
knotted,3
magnetic,6
threads,3
hinges,1
solstice,5
brushin,5
junk-yard,2
junk-goods,2
half-smoked,1
half-filled,1
fussin,2
nosiest,1
high-toned,2
easter,2
whirl,9
firecracker,1
october,19
possum,6
einstein,2
snuck,8
implies,2
galilee,1
rootin,1
flop-eared,1
chapman,1
swearin,5
oxens,1
load'er,1
nurture,8
quakes,4
conquered,26
utech,1
batty,29
gi,58
cocky,76
nyam,29
ackee,4
manny,2
propa,1
scamma,1
zj,1
baba,10
robba,1
deeven,2
weevil,1
siddung,20
k-n-o-t,4
b-l-o-w-j-o-b,4
l-g,4
nibble,2
mobay,4
lighta,2
supm,3
ceo,5
oh-oh-oh-oh-oh-oh-oh-oh-oh-oh-oh,16
probable,2
bead,1
margins,2
romanticised,1
mortgages,2
low-interest,1
loans,2
income,2
percentages,2
self-imposed,3
nine-to-five,4
zest,3
knockign,1
mayday,3
kay,9
twenty-two,13
twenty-eight,3
thirty-one,1
thirty-two,2
thirty-three,3
thirty-four,1
sixty-eight,1
fifty-eight,1
sixty-three,1
eighty-five,1
seventy-four,1
sixty-seven,1
sixty-six,1
fifty-one,1
seventy-nine,1
sixty-ten,1
fifty-three,2
faux,1
nihilist,3
males,6
eightfold,7
glossolalia,1
chirping,2
soften,3
hereby,1
unimaginable,2
thro,2
trends,7
treetops,15
brides,4
abcs,1
recommended,1
oh-uh-uh-oh,6
introductions,2
ma-ma-ma-ma,15
angriest,1
jackal,5
anubis,3
appointed,1
baudelaire,1
la-la-la-la-la-la,30
ooh-la-la-la-la,10
coils,7
astounds,3
heidi,3
heido,3
heida,3
witnessing,6
quantum,4
fluctuations,1
passerby,1
ranting,1
graduation,3
grauman,1
southlands,1
or-leans,3
cincinnati,4
nashville,15
louisina,1
louiville,1
cap'tal,1
ala-bam,1
rita,5
smelling,6
pursuadin,1
degradin,1
jezebel,4
play-pretending,2
hidy-tidy,1
handcuff,2
buk,3
mune,3
ga,4
hachikire-sde,2
tree-lined,1
gents,3
tingling,4
learnt,25
ballrooms,1
script,11
rehearse,11
hand-me-downs,2
hostel,1
smokily,1
terrace,3
chainlink,1
backpacks,1
repetition,7
jonah,4
fetched,2
stubby,1
a-hold,1
cashier,2
yawn,1
a-movin,1
yearnin,3
lakes,17
nevada,3
moanin,3
nauts,1
travels,17
understandin,3
mem'ry,4
bloomin,3
exhibition,5
lighthouse,36
fruitful,1
poring,1
ballet,5
shallower,12
fainter,6
voluntarily,3
tocks,4
weathering,4
frocks,3
noticing,5
crescendo,4
outway,1
salutation,1
oohh-ho,12
oohh-ho-whoa,6
oohhh-hoohh,1
whoaaaa,1
adagio,3
insurmountable,1
constructive,5
development,5
surrey,2
foundations,10
puffing,4
specific,4
la-da-da-da-da-da,12
phil,1
prophecies,6
ville,9
luther,3
dreamville,1
neighborhoods,3
spoiled,29
defensive,3
b-list,1
heavily,10
plaque,8
dark-skinned,1
viv,1
jada,1
out-of-touch-with-reality,1
tennesseei,1
tennesseethat,1
meca,1
chopper,10
bonet,1
nia,3
sade,1
adu,1
aaliyah,1
greystone,1
reservations,7
inhabit,2
configuration,1
mater,40
gypsum,1
tumbleweeds,1
miners,5
callused,2
bv,1
meager,2
luster,4
untying,4
folding,5
accepting,8
restrain,8
spares,1
unfurl,3
locomotive,3
headlong,2
piston,1
stations,10
gideon,1
eliminating,1
nurtured,4
unruly,16
bluebonnets,1
ooh-ooh-oh,11
entwine,3
defenceless,1
errors,5
weakening,2
bygone,6
scavengers,5
bringer,15
successfully,1
satisfying,4
carts,3
brilliant,13
examine,1
periods,1
dials,2
calculation,1
astronomer,1
measurements,1
astronomy,4
appraisal,1
auction,4
exonerate,3
familys,1
equator,5
wildfires,4
patched,1
brokenness,10
fixer,1
repaint,3
hahahahahahahaha,2
overused,3
dilate,5
mesh,6
pilgrimage,2
selecting,2
disconnecting,1
zeus,6
narcissus,6
eros,4
tremolo,3
mandy,10
rhyming,2
derived,1
homogenised,1
discontented,1
gild,1
realised,7
woo-oo,1
sun-shining,1
smallest,10
candlelights,2
tailbacks,2
branch,12
tumbled,9
nicki,3
rihanna,10
elizabeth,2
kanye,4
pentagrams,1
witchcraft,5
triangles,1
prada,24
calf,6
all-seeing,5
illuminati,14
enlightenment,4
founding,2
encrypted,1
isis,3
google,4
bieber,2
lebron,4
trenches,13
muffled,2
distances,3
satanic,9
vulture,6
ruhr,3
pecan,4
praline,3
demolition,4
bloodsoaked,2
deafening,24
contributing,4
shuttin,8
kidney,9
fraid,31
a-want,1
afloat,13
bedclothes,2
godness,1
ingredients,4
respectfully,10
discard,5
frosting,4
calories,3
binky,1
plaster,1
fiyero,5
eleka,9
nahmen,11
tum,8
unpunished,5
unresented,1
nessa,1
dillamond,1
ice-cold,2
helpful,4
circumvented,1
well-meant,1
oz,6
bloodshed,18
sere,6
nemeton,4
epo,2
hast,3
commend,3
9:15,1
hoo-ooh-ooh-ooh,11
hoo-ooh-yeah,1
unveil,11
wildfire,23
revive,7
unannounced,2
seattle,2
fixation,4
inflation,5
rounds,16
f-f-four,1
chri,1
uma,6
thurman,6
ck,6
v-v-v-venom,1
gem,6
la-la-love,10
ta-ta-touch,5
questioned,4
beefin,6
ziploc,3
m80s,1
trillionaires,1
hunned,1
zoovie,2
seclusion,4
leaks,1
criteria,2
demanded,2
shrewd,5
ushered,1
preparations,3
ordeal,3
confessor,1
encounters,1
lepers,1
soliloquies,1
perversions,1
waning,13
wielding,1
stealth,4
spectator,6
advocate,4
documenting,1
fluttering,5
conceit,6
knell,5
taunting,5
probing,2
unbridled,3
flakes,5
pandemonium,9
plucked,2
parched,2
liaisons,1
monumental,3
blackwater,1
billiard,1
musical,9
amanda,24
stony,2
witching,4
mysteria,4
troubling,8
trappings,1
outlines,1
showplace,1
willed,2
lure,2
stereotype,8
frothy,1
disengage,3
deeps,7
encumbrance,1
thousandfold,1
bereave,2
ensign,1
legions,12
whilst,9
crucial,2
pilum,1
penned,3
tall-tales,1
altering,5
spectral,4
barring,1
conscript,1
perseverance,3
majesty,38
compels,2
persevere,4
warring,3
forbearance,1
thrall,5
forbid,3
gehenna,1
sculpting,2
landscapes,10
bastardizing,2
transfixing,2
diminished,7
unhinging,1
separates,5
dimensional,1
planetary,5
exile,9
sequence,9
decodes,1
ruptures,1
epicenter,1
complexity,5
transcending,4
nemesis,19
thirsting,2
construct,2
spans,1
oculus,1
malibu,14
destroys,9
buds,6
lilies,2
bloomed,4
blossomed,1
bleecker,1
waster,7
writes,10
beano,1
unabridged,2
divvy,1
div,1
moron,4
spiv,1
lent,3
tommorow,2
citys,6
withdrawn,4
thousands,23
revved,1
sparking,4
equals,7
confrontation,13
segregation,4
scientific,5
innovation,3
biologic,1
hazard,5
deterioration,6
polution,1
environmental,3
collapses,3
throe,1
enflamed,2
onwards,7
bubi,3
robert,14
rob-o,1
bob-o,1
kiddo,2
cancun,1
croquet,1
surf,12
margaritas,4
waterproof,9
pokemon,5
pika-girl,13
trainer,2
pokeball,5
pikachu,3
pi-pikachu,2
pika,9
piiika,2
sweets,11
candies,1
tm,1
effective,1
evermore,19
automation,2
vantage,3
diabolic,3
tombs,9
transylvania,8
elder,7
woeful,2
heic,2
noenum,2
pax,2
grandae,1
vus,1
antiquus,1
mulum,1
tristis,1
arcanas,1
scriptum,1
invoco,1
crentus,1
domini,1
daemonium,1
ceremonial,2
proceeding,1
rex,5
sacriticulus,1
mortifer,1
coffins,7
psychomantum,1
precr,1
exito,1
annos,1
ferus,1
netandus,1
sacerdos,1
magus,1
mortem,3
animalium,1
quenching,2
thirsts,1
unlocking,2
earthly,12
demonic,2
cremation,3
deathcrush,7
barbeque,2
slimy,5
motioned,1
fuzzy-wuzzy,1
year-end,1
astounded,7
drones,13
targeting,1
self-abuse,1
man-made,7
self-destruct,10
undetectable,2
importance,12
vivid,15
exhaustion,4
debonair,3
perplex,2
s.e.x,1
jamboo,21
colombo,1
e-yo,5
pee,6
hellish,10
ridiculed,2
pasts,4
crumbled,9
focal,1
makeshift,2
folklore,2
force-fed,4
untruths,4
weakest,6
indulgence,4
lifewish,2
lifeknow,1
atrocities,10
lifewith,1
deathyou,1
schemin,5
believin,3
migratory,1
blizzard,8
murdering,9
satta,1
uprise,1
superficial,10
beneficial,1
sonic,9
hyper,2
quitter,11
regretter,1
forgetter,1
hanger,4
unforgiving,11
scurry,1
woa,4
yey,1
topsy-turvy,1
collided,8
rumbling,19
regained,3
jerusalem,11
oh-woah-oh,1
gorgon,6
medusa,14
axes,3
adonai,17
tetragrammaton,1
slaughtering,2
pets,2
shinning,1
floorboard,3
mm-ooh,1
endavours,1
crotch,9
pungent,5
wafts,1
nostrils,3
sources,5
captures,2
footstep,2
ambushed,1
mandatory,5
raked,2
shears,1
amputation,2
swatter,1
crest,5
misfortune,9
bated,3
vile,26
litter,3
corrosive,11
hallowing,1
stiffened,2
explosive,11
mortality,7
bloodline,12
bloodfest,1
defying,12
infamy,3
enslavement,2
lettre,3
marque,3
overstayed,3
emissary,2
reticent,2
collides,1
enamored,3
life-sucking,2
misanthropical,2
utterly,3
luscious,2
frauds,2
daffodil,2
meadows,8
cliffs,5
unjumped,1
noughts,3
sedulous,1
sandcastle,1
fellowship,1
poise,1
orthodox,1
lan,2
jig,1
cynics,2
christ-like,2
undeniably,5
offensive,1
flattered,1
stilts,1
icarus,6
unyielding,3
starved,8
inflatable,1
toned,1
exterior,3
multi-love,7
uchiko,2
stalker,6
vicodin,2
expired,7
valhalla,21
neediness,1
zoovier,7
tats,5
bimmer,2
lambo,10
ooooo,13
whoooo,1
ahhhh,18
oooooooo,1
lickle,6
2001,1
sneak/asleep,1
vaga,1
caw,10
gallis,1
duss,2
cus,15
filament,1
poolside,6
chainsmoking,1
lab,12
he-he-he-he-he-he-he,1
badu,2
ba-da-ba,2
rong,1
cho,10
rubbish,12
anyweh,19
grumble,10
sim-sim,1
simma,1
wuk,51
stagalee,1
eeh,31
queenie,2
anne,2
gyalfriend,6
savlamar,1
portmore,12
stripe,7
brutie,1
betsy,1
me,4
denise,2
hauled,2
bobbie,1
jo,30
gentry,1
flagged,4
eight-foot,3
tailgates,4
jams,14
chaise,2
lounge,3
cargo,5
popcorn,7
flashlight,3
twigs,2
teal,1
dissolving,15
niches,2
clichs,3
borstal,1
deluxe,2
sweeten,3
studs,5
grease,8
slaying,4
coil,11
boeing,1
bopopopopopopop,3
itsy,6
bitsy,6
teenie,6
weenie,6
badadup,4
bonds,13
carnal,9
anagram,1
incise,1
reformed,4
pre-present,1
elevate,15
characters,10
self-inflicted,3
fractures,4
aluminum,4
oxide,1
induced,5
prevent,6
implanted,2
inhalation,1
staples,1
non-receptive,1
disable,1
audio-generators,1
hexagonal,2
sharpened,9
deplete,2
vitriolic,1
smoothing,1
godly,11
congenital,1
incandescent,1
cleansing,14
millennium,9
soarin,3
awaitin,2
connectin,1
catchy,2
boon,2
noses,6
fins,4
aluminous,2
clam,5
boulders,3
acre,9
mare,4
cedar,5
searchlight,1
apparition,6
hens,2
oregon,3
go-getter,7
illumination,6
aarons,1
cantilever,1
tillamook,2
prediction,4
cloth,20
rife,1
half-light,1
perseus,1
pegasus,1
impart,10
transquility,1
braindead,7
reasoning,10
sexually,3
headline,7
cking,2
experimental,5
pathogens,3
altered,4
disabled,3
erratic,6
evisceration,5
stabbing,16
compulsion,3
overwhelms,6
terrorized,3
entrails,14
visible,2
virulent,2
outbreaks,2
offal,3
viscera,4
abdomen,6
intestines,10
surgical,16
incisions,2
frenzied,2
carving,10
disembowelment,1
extinction,26
pitted,1
blurred,16
indelible,1
bedlam,4
untangle,2
uproar,3
drywall,2
buckshot,1
la-di-da,13
horsehead,1
bic,3
bramble,1
there,2
vigil,2
overtake,2
regenerates,1
eyelids,11
harden,6
self-involved,1
distracted,5
eyebrow,3
pencils,4
ideals,8
arrogance,33
bonded,5
pitfalls,2
resent,7
two-man,1
masked,6
cowardly,3
naysayer,3
spoonfuls,2
paving,3
downtowns,1
experienced,5
heightened,2
coasts,1
huff,5
dismantle,5
doomsday,13
growling,2
racking,1
figuring,7
derulo,5
tipped,2
snacking,1
snack,4
raskolnikovian,1
cerberean,1
slathering,1
thomas,25
citywide,1
scavenging,1
boards,6
beards,2
kiddies,3
ireland,3
belgium,2
persuaded,3
officially,20
alll,1
concoct,1
swirls,2
occult,1
3:30,3
discretion,2
stefan,1
bae,26
chant,14
gp,4
barcelona,9
europe,3
spitfire,12
ridge,9
ramshackle,2
puke,9
mutant,3
admirable,2
paddle,6
mitigate,1
tranquilize,4
modify,4
stately,1
arises,11
firebird,3
regenerate,5
introspect,1
self-consuming,1
revolving,6
oroborus,1
impatience,2
peaks,8
designing,1
icon,7
lured,2
saturated,7
overflowin,2
devoid,12
lilac,12
groaned,2
meaner,6
paced,4
woah-oah-oh-ohhhh-oh-oh,4
woah-oah-oh-oaahhhh,4
mindset,12
compromises,6
low-low,15
residential,1
half-past,8
decaf,2
ewedihalehu,4
yene,4
konjo,2
fikir,8
liza,2
bonnet,5
cleanses,3
unrehearsed,2
numbs,1
rok-rok-rok,18
rok-weiler,8
alleyway,6
roadblox,14
tyres,6
noise-making,4
tyrants,24
sara,1
pop-up,1
admitted,3
belive,5
terrors,5
tux,1
ballcap,1
ids,1
balenciaga,15
viral,24
self-made,6
rockefellers,1
richest,9
monaco,2
hamptons,2
nirvana,11
vowed,4
dunked,1
migrate,3
ducks,21
arctic,5
waddling,2
quack,48
creepy,10
beady,5
cloaca,1
revolting,2
freeloading,1
poultry,1
miscreant,1
fowl,6
drake,3
descends,10
anatidaephobia,1
recommend,6
loaves,1
recycle,36
backups,1
repairless,1
fuckless,1
e-mail,1
formatted,3
partitioned,3
functions,2
disk,1
utilities,2
access,13
recover,18
gparted,1
revived,9
alt,1
formatting,1
colon,6
sub,7
grandparents,4
eastabuchie,1
booger,2
grinders,1
plow,7
hightail,1
necked,4
pluckin,1
clutchin,2
c.o.you.n.t.r.y,6
buckle,25
wrangler,2
barbecutie,1
tannin,1
shoppin,6
beech-nut,1
nutz,1
scoot,1
fridays,8
hillbilly,17
charlottes,1
ruttin,1
cuttin,21
deere,14
politically,1
x3,26
self-medicating,1
pitter,4
patter,4
dogging,1
ehn,2
habokoto,1
bokoto,1
selebobo,4
yemi,2
alade,2
effyzzie,1
cynthia,8
uche,4
nene,4
nwokem,4
ke,19
neme,4
johnnyquestion,4
fefe,4
geme,4
conny,2
jo-johnny,1
canada,4
morocco,2
awilo,2
pinocchio,2
gobeayakata,1
gobe,6
wahala,13
johnny.ah,1
ayakata,2
palmi,1
sokoto,1
sokotoha,1
eyehayakata,1
johnnyah,1
gobeah,1
boil,14
crank,14
suppressed,3
kooks,2
unmatched,3
5160146,1
eroded,2
mightiest,3
powerful,35
yeah-hey-hey-hey-hey,1
yeah-hey-hey-hey,13
slats,4
whiffin,1
unrealized,1
uncertainly,1
hacked,10
giblets,1
spleen,3
loin,1
groin,2
retching,1
pus,17
slash,5
stenching,1
gash,3
mortuary,10
slab,8
visceral,7
seizure,3
discharge,6
oozes,3
boils,12
suppurated,1
pyosisified,1
pustulated,1
cataleptic,1
incite,3
suppuration,1
anal,7
emanation,2
repulsive,9
concoction,4
viscous,3
enzymes,1
cauterized,1
a-ha-ha,2
vilely,1
defile,8
humiliate,2
writhing,7
agonised,1
impregnate,1
lathering,1
soaps,1
suds,2
enemize,1
innards,11
gurgulate,1
sickly,6
rectum,7
detergents,1
rupturing,1
gall-blader,1
bleached,6
bicarbonates,1
orifices,1
rectal,4
evaporating,9
grime,10
slush,1
pulverising,1
nates,1
brillo,1
pads,2
scour,5
plasters,1
abrased,2
abrase,3
tract,3
acidically,1
stools,1
disembowelling,2
colostomy,4
sadistically,1
sodomizing,1
force-feeding,1
talc,1
gored,1
ano-obliteration,1
sardonically,1
gloat,1
dislocation,2
tubing,1
enthrust,1
distraught,3
scald,3
orifice,3
sanitised,1
brutally,7
impaling,2
evaporates,2
overfloating,1
heating,8
flue,1
equipment,2
digesting,1
anonymous,5
aaaaaaaaaaaaaaaaaaaw,1
offa,30
yeeeah,3
huh-ha,1
sho-nuff,1
clive,1
jbs,1
donnie,11
gary,2
clause,2
ballard,1
ooo-oo-oo-oo-oo,3
oo-hoo-hah,1
responses,1
disordered,1
disorted,1
dismal,4
polar,2
climes,2
lease,4
miscarried,2
irrevocable,2
spawned,8
dehumanized,2
ostracized,2
emetic,2
demoralized,1
nullified,1
psychose,1
larvae,3
propagate,2
forlorn,12
abomination,6
snowin,3
festive,1
corresponding,1
interfere,5
imperfect,7
aeons,7
dogmas,2
paradigms,2
vitality,3
beckons,9
settling,9
infernal,20
awareness,8
horrific,2
sphere,15
behing,1
entangles,1
monotonous,2
ebony,3
agonny,1
furiously,3
smoke-filled,2
deconstruction,1
casts,6
pioneer,4
enless,1
ans,1
shivery,1
spirituality,2
anti-christ,7
jehova,1
reaping,9
mandkind,1
tormenting,6
survivors,6
horseman,5
shedding,17
chasms,5
solving,2
cenobite,3
spasms,4
orgasms,3
serrated,4
serpentine,6
deaths,17
cenobites,4
explorers,1
emissaries,1
practitioners,1
bar-code,1
bankcard,1
sim,1
profits,5
fads,1
schedule,5
desktop,1
pension,4
haircut,9
lottery,10
toot,22
shrinks,2
checkbook,1
sobriety,5
mackers,1
commercials,3
milkshakes,2
padded,4
armpit,3
talk-shows,1
cola-lite,1
filter-tips,1
collagen,1
all-night,1
pituitary,1
retards,1
congratulate,4
drop-outs,1
gays,5
lefties,1
thinkers,1
skaters,1
tweekers,1
infomercials,1
unquestioning,1
undaunting,1
slogan,14
span,5
regurgitated,2
prisms,1
competing,3
galore,5
whao,2
molly,42
sled,3
regard,9
yule,2
re-repeat,1
1-1-2029,4
overland,4
planemakers,1
outturn,1
outmaneuver,1
intruders,2
backbone,20
defence,5
tools,13
silicon,2
advisers,1
scanning,3
taping,3
filing,2
survey,21
bash,7
conforms,1
asunder,14
scoreboard,13
pre,8
disclosure,1
ssmg,1
b-b-b-busy,1
tic,116
toc,104
sisqo,1
kisco,2
guiness,4
tatoo,3
nyamin,1
quint,3
d-d-d-d-drop,1
grabber,1
gyall,1
shards,14
chokes,5
weighs,16
harshness,1
ashen-faced,1
contempt,14
vampira,1
mournful,8
unlocks,6
batters,1
leant,1
nametag,1
freshest,2
practise,4
uranium,3
deposits,4
lest,5
filed,3
ch,26
cheque,13
tram,2
cripple,8
invent,3
tantalising,1
laboured,2
promising,3
looser,2
muttering,3
patronising,1
conforming,1
whirlpool,5
trample,6
cain,8
missiles,7
grandmothers,2
grandfathers,1
unlit,1
unscalable,1
cornered,5
bared,1
clench,11
laurel,3
nearby,4
islands,3
ratrace,1
britain,1
blinkers,5
tidings,8
bolted,6
smalltown,3
trances,2
possessions,9
muddled,1
m6,1
flats,6
teeming,2
escalators,1
surroundings,3
clan,5
two-lane,7
trophies,6
hale,4
bopp,1
jealousies,1
perch,5
reclaims,2
luddite,1
martyrs,9
finishing,3
jonestown,1
blunders,1
yards,4
incrowd,1
ventured,3
takeaway,1
lorry,1
outa,2
w.a.s.p,1
51st,9
flutters,1
pillows,3
wo-ho-ho-ho-ho,5
hellfires,1
christian,23
inquisition,3
razzmatazz,1
right-wing,1
clampdown,1
christians,14
worshipping,2
darkening,10
thundering,7
towering,2
damnation,34
prices,5
lovesongs,2
yule-tide,3
olden,18
yore,9
fates,19
decapitation,5
invidious,1
insidious,3
headless,13
abscission,1
tainting,2
obliterate,4
inhumanity,6
decolate,2
preparing,6
make-shift,1
enters,7
dwelling,16
spews,2
convulsions,4
ironically,1
procession,4
hades,7
scourge,22
rending,6
sadists,2
strips,8
torments,2
skinless,1
immense,6
gore,30
abnormal,2
engrossed,2
penchant,2
ordure,2
pervading,3
vicera,1
gristly,2
exorbitant,2
compiled,2
ecstacy,5
exuberant,1
castigation,1
bile,10
fetid,3
cadaverous,3
squelched,1
swamped,1
necrotic,4
incarnate,4
metropolis,5
obfuscated,1
ossuary,2
moping,2
complaining,11
guh-o,1
crust,11
flier,1
zinc,4
talls,1
collars,6
stomps,11
seam,8
sunbeam,6
keyrange,1
fuggery,1
hasj,1
irritate,1
needful,5
booked,3
stook,1
flook,1
pints,4
re-ring,1
probabely,1
comply,6
specialised,1
franky,1
hanky,2
holloway,1
dandelions,11
indies,5
pixie,2
tiles,5
erases,4
yoooooou,1
niiiiiiiiiiiiiiiiiiiiiiiiiiiiight,2
insiiiiiiiiiiiiiiide,1
leah,18
baghdad,3
moustache,2
dads,9
arabian,2
abducted,1
stormtroopers,6
garlic,3
entrapped,1
voracious,1
wolfing,1
adoration,7
valiant,2
faultless,3
fatuous,1
epiphany,5
sendor,3
cruelest,8
dodges,1
disillusion,3
cold-bloodedly,1
blindest,2
lids,2
disgusts,1
adios,4
falses,1
suncross,1
amon,1
amarth,1
gray-clouded,1
vaporizes,1
fimbul,1
whirls,1
pierces,1
oden,1
spear-god,1
ygg,1
salutes,2
arose,3
bloodletting,4
charging,9
descendant,1
vermin,9
war-field,1
annihilate,12
deathqueen,1
conductor,3
onboard,1
chucked,3
toolbox,1
billycart,1
cuppa,1
bex,2
powders,2
ckin,23
builder,11
nts,6
bricky,5
chippy,5
builders,1
will-shocked,1
wanker,1
whisker,1
nt,2
scoffin,1
serepax,1
propped,1
dribbled,1
unions,1
exploded,5
c'n,1
electrician,1
sparky,1
cked,3
cranky,3
unfolding,21
balances,2
risked,1
obeys,1
species,17
undiscovered,8
sentient,5
flaunted,1
machinist,1
superiority,1
millennia,2
ancestry,2
plowed,3
habitats,1
euthanasia,3
crimeless,1
voiceless,2
bi-pedal,2
tyrant,15
applicable,1
followers,15
rusts,1
err,2
intently,2
destitute,3
defection,1
reeled,2
freight-car,1
long-necked,1
spree,11
hoo-hoo,1
sadly,7
liitle,1
bu,6
ramona,2
sage,16
coma,17
schema,2
b'mer,2
affi,31
steamer,2
dilly,11
charlene,9
pansy,1
chance-y,1
romance-ay,1
haughty,1
la-di-da-di,1
aunty,6
loony,2
insulation,1
junction,4
dere,1
miriam,1
seriam,1
harriet,5
polce,5
friending,5
colie,5
leggings,3
g-string,7
waterlogged,1
orphaned,1
pruning,1
soldiered,1
deathscape,1
greying,1
virga,1
erupts,6
downpour,4
mildewed,2
driftwood,12
fastened,3
submerge,1
current,25
stagnancee,1
insurrection,8
subconscious,6
savannah,3
tonics,1
curses,4
warmness,3
bonfires,2
droves,4
leafed,1
skeletal,5
razorblades,2
downhearted,1
asleepin,1
fondest,3
gazes,2
phases,10
assimilation,1
terminate,9
disconnect,33
infused,4
disintegrating,3
initiate,2
procedure,2
constrains,1
humane,3
circuitry,2
a-pourin,1
a-creepin,1
tossin,7
saddened,5
alleluia,22
reigns,50
but,4
commensal,1
nests,1
finite,4
nary,1
cyclical,1
exponential,2
etc,4
erects,1
gigantic,5
dictates,3
prone,9
transplant,4
complacently,2
erodes,1
shakespearean,2
duals,1
parent,3
chronos,1
outlive,7
humiliation,3
selflessly,1
fragrant,2
high-octane,1
spatula,12
warehouse,2
spatulas,7
liquidation,4
sy,1
greenblum,1
locations,1
gabardine,3
fortrel,1
polyester,10
wool,9
mastercard,2
ev'ry,12
located,1
willy,29
portly,1
extra-long,1
tailors,1
sweatshirts,1
flashdance,1
staff,8
tuxedo,2
elbows,3
factory-direct,1
two-for-one,1
three-piece,2
suede-covered,1
double-knit,1
slacks,1
jelly,6
squash,5
factorytown,1
preconceived,2
resource,2
pleasingly,4
salutations,7
contours,3
amaranthine,8
glorify,14
glamorize,1
kleenex,3
sceptic,1
whoa-whoa,61
treating,10
foxhounds,1
existentialism,1
plagues,9
leprosy,4
strived,1
daylights,8
frightful,6
good-bying,2
anxiously,3
displayed,3
mindsets,1
ink-droplets,1
muses,2
micro-cosm,1
balzac,1
hardy,2
profess,1
detestation,1
assiduous,1
targeted,1
eviscerating,1
raking,2
molten,8
ire,1
ultramarine,1
expansive,1
lending,2
accables,1
misre,1
dcembre,1
les,6
baignent,1
flammes,1
noyes,1
dans,6
l'ombre,1
elles,1
disparaissent,1
attendant,2
le,32
divin,5
peintre,1
l'univers,1
soleil,2
reacts,3
bethlehem,13
abhors,1
exultation,3
highes,1
116,1
shepards,1
cradel,1
flocks,4
thither,1
hend,1
appearing,6
regulations,4
elevation,7
seperate,1
e-e-e-el-el-elevation,1
hungered,6
dishonor,5
resilient,3
l.a.p,12
nap,7
screechin,3
beachin,1
intellect,5
everyting,7
rema,12
bim,1
netball,2
abroad,1
figot,1
coolie,1
soloman,1
wickedest,1
maga,1
fraser,1
bowy,1
voter,1
minister,2
westmorland,1
bawn,2
unnuh,4
louw,6
shotta,8
surive,1
authority,13
"10,000",2
unda,8
poora,1
bada,1
guan,1
navel,7
shortwood,1
patra,1
ouch,2
xrated,1
cyan,77
waa-aa-aste,1
franklin,3
bulldog,3
cayn,1
mother-in-law,1
roun,5
sensual,20
eruption,4
lively-cate,1
shottas,1
zagga,10
zow,3
beenie,6
zen,3
z3,1
twenty-inch,2
chatting,7
cartier,13
pushy,4
jamaican,7
five-star,7
tracey,1
zay,1
mil,18
cherrywood,1
ex,58
unno,25
zeh,2
otha,9
boogaman,4
flees,2
vamps,1
sodomite,7
mareen,1
eediat,2
finga,2
category,8
beenieman,1
dats,14
skibby-dibby,1
doob-ooh-doo,1
no-no-no,2
skibby-doo-ba,1
doo-ba,1
da-ba,1
nanga-nanga,2
nighy-nighy,12
sih,2
rowe,2
benbow,2
shaft,3
ningy-nanga,1
bah,33
skah,1
yaah,5
yaga,2
yaw,3
rpt,2
threeee,1
pickini,2
xgirl,1
fren,3
garveymeade,1
teed,1
youthman,1
xnews,1
woooosh,1
matie,5
kaaakaaaa,1
su,2
robbie,2
tg,1
bangle,3
bobo,5
bachanal,1
yaso,2
albashan,1
rastaman,16
farming,3
fadda,5
oonu,23
raggamuffin,8
originate,1
urkel,2
zip,10
nicest,2
.....,7
part-time,5
scape,4
haulin,4
celina,4
mae,2
southbank,1
carthage,2
sorghum,1
earning,7
manmade,5
son-of-a-gun,1
14,5
carrie,17
steaks,1
cave-in,1
strudel,2
sleighbells,2
spherical,1
spattered,1
tomatoes,3
hummus,2
44th,1
bryant,3
marshmallows,3
carte,1
frankenstein,21
synthetic,30
cutie-pie,1
a-home,2
a-way,6
neighbourhood,7
badness,31
beca,5
looting,1
backbiting,1
courageous,4
jullunder,3
soorni,5
curi,4
buchular,1
match-maker,1
raja,1
rani,2
sari,2
logthi,2
jelebee,3
marga,1
puthlee,1
mampee,1
mortee,1
punjabi,1
surma,1
chunee,1
kurtha,1
pyjama,1
patwa,1
engagement,2
kurmi,1
milni,1
sugun,1
bortee,1
roti,2
meri,3
serva,1
curee,1
doli,1
in-laws,1
sorea,1
buthai,1
ludoo,1
beson,1
burfee,1
arrange,6
ragamuffin,1
numah,6
shivaya,6
sickens,5
permeates,1
writhes,4
onset,4
fearful,4
sapiens,3
jehovah,3
horrifically,1
borged,1
god-killing,1
cleansed,3
wreak,13
outshadows,1
senile,1
communion,2
surgically,2
atoned,2
dashing,7
bobtails,2
sleighing,5
posess,1
dawns,8
shimmering,9
pretense,15
ca-ca-ca-ca-because,2
allied,2
intercede,2
enlighten,7
mindlessness,1
reside,13
bestowed,6
principal,4
continuum,1
amah-ushumgal-anna,1
habsu,1
zamanu,2
muh,3
lal-li,2
zi-pa-gurud-zuneme-e,2
igi-nu-du-a-hul,1
igi-se-zid-gin,2
gnashing,5
translation,9
igi-nu,1
do-a-hul,1
ju-h,2
writhe,9
ever-pounding,1
graced,6
uncompromising,2
bastions,2
slumbering,2
beacon,18
rouges,1
subjugates,1
concentrated,3
scattering,2
re-sculpt,1
lalala,11
bassdrum,3
world-class,1
appearance,10
intoxication,7
delusions,5
meow,12
owooooo,1
wheeewww,1
lanterns,3
slurp,1
splat,1
ooze,3
hiccup,1
yucky,1
slut-butt,2
schiavo,1
beta,2
gamma,3
infa-red,5
ha-hahaha,1
decipher,5
31st,1
porcupine,4
uuuupppp,1
occultation,1
agonizing,2
sceneries,1
whorish,3
sentenced,11
hr,3
mir,1
zu,1
dein,1
fleisch,1
ist,2
meiner,1
welt,1
verboten,1
sollst,1
tanzen,1
schattenreich,2
der,4
toten,1
dunkelheit,3
finsternis,4
und,4
einsamkeit,2
grausamkeit,1
1951,1
warmly,3
whoa-whoa-whoa,4
siam,1
merciful,2
redeemer,26
counselor,2
comforter,2
conqueror,7
journal,3
try'na,6
wa'n't,1
try'n,2
sewage,6
burrowing,3
slicing,14
infectious,2
clotted,3
shrill,4
mouldering,1
mindmelting,1
reproductives,1
parasitic,5
veinous,1
cannibalize,1
sawn,1
arsenic-filled,1
crusading,3
tightens,1
defecation,2
strangulation,1
squeal,5
hateful,11
snuff,5
carcasses,3
enduring,12
epidermis,1
punctured,4
deadened,3
cadaver,14
deteriorate,1
embalmment,1
formaldehyde,1
rigor,4
mortis,5
philistine,2
discharged,2
to-do,2
shortchanged,1
thanking,1
encrusted,1
incisors,1
captives,4
captors,2
leering,3
breeders,1
selected,3
poised,4
fornication,3
clawed,3
spitted,1
impregnated,1
starring,9
vase,5
cozy,15
gems,4
secich,1
hideous,9
plottin,4
enticing,11
sinting,5
develop,7
habla,1
ingles,1
ere,2
gamboled,1
stepbrother,1
godforsaken,7
herbs,2
monk,1
roused,1
cloud-cuckoo-land,1
hummed,1
quickens,1
god-machine,1
assolo,1
beauties,3
rounded,4
plunge,12
stalked,1
celebrations,6
delved,1
fawn,3
cranston,13
knightsville,2
olneyville,1
pawtucket,1
woonsocket,1
womanly,1
overkill,6
boxing,4
westwood,1
overgrown,5
unveils,1
gilds,2
feller,2
barks,2
swarms,1
ruts,1
framed,7
disbelief,11
debuts,1
shortcomings,1
elysium,3
"2,000",1
muting,1
catalyst,5
godhate,2
decomposed,6
sirius,2
relatives,2
rickenbacker,1
fender,1
bassmans,1
songbooks,1
xylophone,1
splendored,1
threr,1
legacy,28
eerie,4
manwalter,1
hartright,8
easel,2
hallo,3
lightening,5
limmeridge,3
telegraph,1
20s,2
sorrowful,2
insistent,1
startled,3
sharper,1
threati,1
hartrights,1
lome,1
jug,4
sheaths,1
invading,5
stills,3
hovel,1
disguising,4
warping,2
leapt,3
degrading,4
shielded,2
puckering,2
avenues,7
soliciting,1
brogues,1
entries,20
gyrating,1
pinpointing,1
sleekly,1
services,1
exploitation,3
suffices,1
gothenburg,1
stockholm,4
included,2
ilove,1
earring,1
macho,28
sexes,2
savage,31
brutalized,3
undress,31
fels,1
hoarse,1
insde,1
shoo,9
sweaty,21
hbo,1
prizes,2
pest,3
murmur,3
carefree,5
ice-blue,1
lustre,1
oval,10
skanking,3
pumpy,14
warder,2
backfire,1
dilapidated,2
ozone,2
outcropping,1
pcbs,1
b-obey,20
shush-hush,6
printers,1
amputated,1
asbestos,1
flushes,2
fonts,1
typeface,1
template,2
disposal,5
protocols,2
typo,2
reminiscence,3
arkham,1
tumults,1
dante,1
watership,1
sullened,1
departure,7
arrays,1
beseeches,1
breach,9
reassure,3
column,1
headers,1
appraisals,1
averages,1
dutifully,2
regularly,1
confiscated,1
forfeited,1
ordained,2
gouged,1
antipathy,1
legible,1
certificate,2
displacement,1
triage,1
cataracts,2
coded,4
dialects,1
diverging,1
vernacular,2
duality,4
intrinsic,1
stalemated,1
emulsion,1
burgundy,2
ochre,1
relived,1
swabs,1
gait,2
gloss,17
caleb,1
blackthorne,1
continued,4
1893,1
inscriptions,3
tablet,1
fragmentary,1
apocryphal,2
evidently,3
lexicon,1
description,2
undoubtedly,1
antediluvian,2
origin,6
civilisations,1
apparently,15
atlantis,18
foremost,1
spanned,1
circumference,2
initial,2
seemingly,1
ascendant,5
renowned,4
chronicler,3
thusly,1
antediluvia,2
reshaped,1
azure,2
pax-antediluvia,2
winged,3
counsel,3
z'xulth,2
ravening,1
disgorges,1
horrors,8
atlantean,2
quorum,1
atlanteans,1
sigil,1
astride,2
disturbingly,1
wholly,8
malevolent,5
prophesizes,1
ruination,5
unfathomable,4
besiege,1
ultimately,1
compelling,2
continent,4
passages,2
deliberately,1
obscured,8
lamentably,1
prevents,1
translating,1
fragment,5
saviors,3
deconstructing,1
respite,1
ascending,8
immobile,4
breathtaking,3
omniscient,1
capturing,1
breakthrough,6
thren,1
choruses,4
managed,12
sadder,6
cr-cr-cr-cr-cr-cr-cry,2
cr-cr-cr-cr-cr-cr-crying,2
ella,2
necessitava,1
una,13
quieres,9
marshmallow,9
ever-green-trees,2
yum,8
allotted,1
summons,1
earnest,3
ooh-oh-oh,4
noxious,2
volcanic,4
outpour,1
angered,1
oxidizing,1
reclamation,4
bringers,2
embody,4
obscure,19
carnivorous,2
monstrous,6
cthulhu,1
impious,1
galaxies,9
congratulations,7
jubilations,4
contented,1
cherished,4
anathema,1
energized,2
thrusting,2
squares,2
agnostics,1
scorch,2
internally,14
saturates,2
engulf,2
halping,1
turquoise,2
dead-time,4
contribution,3
attentions,1
shhhhaaaadddeee,1
warica,1
gunman,6
tun=turn,1
so=how,1
bere,14
translation-that,1
trans.,1
uprighting,1
trans,4
buil,3
texaco,1
nu,5
yesuh,1
picnee,1
british,3
exploited,3
lollipop,4
dessuh,3
noboby,1
ping,4
pong,3
an'star,1
enquire,1
ting=things,1
unda'=under,1
conceited,8
a'the,1
meditate,8
bondage,5
gauze,2
begets,10
self-existence,1
ridiculousness,1
ironing,1
multiplied,3
roams,2
hasting,1
eldest,9
guards,11
raises,7
withers,2
mortals,10
brawn,2
swelling,3
mysteriousness,1
researches,1
descendants,5
weddings,2
ravine,1
free-thinking,1
slipstream,1
ghostman,4
farce,10
sexuality,3
repeats,14
sophomore,1
jinxes,1
drape,5
panel,2
frustrations,3
ungrateful,3
royalties,2
pharaohs,2
misappropriation,1
phrigian,1
tutankhamen,1
bellies,3
sizable,1
chunk,2
flipside,1
stern,4
wistful,2
mongoloid,1
ourself,1
f.you.s,1
taters,3
fatty,4
scrambled,1
strenght,3
chores,2
holday,1
apetite,1
predictable,5
bloodless,8
coverings,1
cut-rate,1
renewal,1
stability,4
overflows,2
zonk,1
pulsing,9
heart-rending,1
recallin,2
representatives,1
ballroom,13
thrive,17
mistreats,2
signify,1
baying,3
devouring,26
pest-ridden,1
jackals,3
diabolical,7
protectors,1
feasting,8
vortex,8
reeking,2
death-burden,1
receptive,2
inflict,9
devote,1
vibrating,3
inhumane,8
demigod,5
cluster,3
blasphemers,4
limited,13
decrystallize,1
undependable,1
alibies,1
inpractical,1
holiness,1
maculate,1
armless,1
amnesty,5
halvetia,1
dictated,2
supported,3
yuor,1
christianity,6
explains,4
overtones,1
aroused,4
fascinate,3
sweepin,1
waltzers,1
wimps,3
brutalise,2
exodus,16
dunce,6
runt,1
endurance,2
athlete,6
harassed,1
assaults,1
pitched,3
diaries,1
renfield,1
dracula,4
rko,2
matinee,1
worthlessness,2
uttermost,2
preachings,1
reeks,3
whets,1
orchestrate,1
scenario,2
requiem,18
crystalize,1
demonstration,3
molding,2
lustful,4
villainess,1
necrophiliac,1
baddies,4
bloated,4
laxative,1
donor,2
volts,2
harnessed,1
happier,44
ve,9
pyrokinesis,1
canadian,6
whimsical,2
sinew,3
brightly,20
pining,9
rejoices,4
serenely,1
noel,29
claps,2
suites,1
gum,10
exclude,2
expectant,1
fiending,5
sacrilegious,2
ceremony,4
raptured,3
magenta,3
cemetary,2
camouflaged,2
bozos,1
bonehead,9
a-wah-ah-oo,3
williamson,1
bunyip,1
bluegum,1
blinky,2
nutsie,1
koalas,1
snugglepot,1
cuddlepie,1
wombat,1
eucalypts,1
australia,2
augustly,1
sanctuaries,2
covert,4
nemetons,1
blest,3
invictus,3
nertom,15
woloutom,15
etsi,15
snis,39
karamos-e,9
emmos,24
riyi,12
widomor-e,3
andometi,3
kingly,1
primordial,3
horde,12
untameables,1
armada,1
venturous,1
fearnaughts,1
dwelt,1
claw-controe,1
neverending,1
bleakness,1
clouded,9
flesheating,1
thrones,13
timebomb,12
ohhhhhh,9
oohhhh,2
immune,8
claymore,1
celeste,9
extract,8
stick-legged,2
inquire,2
reapers,4
handsomest,1
selflessness,1
la-ra,1
de-la-la,2
de-la,1
headmaster,1
gouge,3
torsos,2
hacksaw,1
loosin,2
chevrolet,11
blinders,7
high-paid,1
perpetuatin,1
locking,11
oiled,1
welds,1
decaying,4
din,4
unpretty,5
outsides,3
aahh,4
m.a.c,3
deathlike,2
veiled,3
mountainous,4
increasing,5
chupa,6
chupacabra,8
torturing,9
dimmest,2
sycamore,5
ies,1
panthomime,1
pasty,1
charmed,1
caffeine,8
sludge,4
downside,3
piles,5
toxins,6
seductive,2
lymphandetitis,2
delectable,1
septic,6
metritis,1
glanders,1
consumption,8
unfit,12
palatable,1
melanosis,1
aromatic,2
mastitis,2
saporous,1
brucellosis,1
salivating,5
straining,5
appetizing,3
diseased,11
gastric,5
dining,7
indulging,1
sarcocysts,1
epicurean,2
pericarditis,1
cariosus,1
bovine,1
manifesto,1
manifests,2
dereliction,1
cruror,1
seethe,2
canine,2
ulunating,1
feverishly,2
inhaling,2
indulgent,2
larva,2
pestilence,6
ravaged,20
damages,2
operators,3
restrictions,3
apply,16
regress,7
repress,5
shave,9
pta,1
predator,6
oblige,3
bewilderedness,1
scarborough,4
parsley,9
rosemary,12
thyme,13
cambric,2
embraces,8
thirty-second,1
bly,2
mumphy,4
slaughty,2
fourty,2
venu,6
fassy,5
fettah,1
arised,1
complained,1
hurray,2
infatuation,6
depressing,9
precession,3
founds,1
prowling,3
maverick,2
detriment,2
desultory,1
vulgarism,4
incombustible,3
abstinence,4
protruberant,2
exhilerated,2
dinginess,2
defigured,2
scrag,2
rancerously,1
snappy,3
coach,6
radically,2
carin,4
mommys,1
whem,1
slitting,2
unchanging,15
drear,3
can'st,6
afforded,2
glee,11
richly,6
decked,6
bidst,3
unchangingly,2
smitten,2
t-t-to,1
rosana,11
apaches,2
festered,2
unforgettable,27
dukes,8
bikinis,5
sun-kissed,4
popsicle,5
peek,6
undeniable,5
____,1
stilletos,1
baseballs,1
entity,14
geography,5
trigonometry,2
algebra,2
buckled,1
railings,1
nekrofelia,10
greatness,19
oneday,1
botswana,1
setswana,1
bama,4
koba,2
naong,4
tsp,4
jesu,5
lorato,2
legolo,2
boitshepo,18
kwana,3
rend,2
seance,1
aesthetic,1
brotherhood,3
fortitude,5
ikea,1
investing,5
temp,1
groth,1
residing,2
economy,9
opiate,1
l-o-s-e-r,1
tohu,6
tehom,6
theli,6
tanin'iver,6
taninsam,6
evoke,2
aeonic,2
lotan,1
apep,1
jormungand,1
poisonous,14
tiamat,1
formless,3
eleventh,4
hark,2
invocations,1
tortuous,2
typhon,1
smokeless,1
thyself,3
pityful,1
nightsky,2
goathorns,2
impaled,6
vermins,1
behorned,2
desecration,5
jewish,3
a-going,8
cinemascope,1
bloodlust,10
twitching,3
grabbing,9
poking,2
tinkled,1
groaning,3
yowl,1
flogging,1
shoving,2
handbrake,1
colliding,5
upfront,4
sprees,2
chute,1
uproot,1
francs,1
accountability,5
lectric,2
disgraced,3
boiled,11
steeped,2
alternate,6
overwhelm,7
redress,1
discriminations,1
institutions,3
meekly,1
racial,6
victimisation,1
traditionalist,3
dominion,15
rubbishing,1
preferential,1
ingrained,9
dismays,5
factions,5
prevention,6
ethnic,1
oppose,9
hierarchical,1
dominance,3
protest,14
punishments,1
ideology,4
departing,5
confinement,4
threading,2
mcdill,1
notches,1
desperado,2
reignite,8
fumbled,1
ugliest,1
rambling,8
tendency,5
happi-ness,1
in-truding,1
two-faced,3
fart,3
overweight,3
trendy,6
killercrush,1
supersized,1
scans,2
anekatips,1
unnecessary,14
flickered,2
roost,1
weeny,5
e-everyday,7
a'headin,6
suwanee,2
perpetuating,2
destitution,2
cancers,3
attacks,18
all-cleansing,3
pesticide,5
oppressed,3
ethics,2
x5,7
evrything,5
barnacle,3
plastics,2
youngies,4
druggies,4
pretties,4
uglies,4
oldies,4
kazoos,1
kangaroos,1
flute,1
notte,6
side-by-side,4
enchantment,4
addin,3
blacklist,7
deride,2
mudslinging,1
shadowed,7
iced,23
bestial,9
wintercall,2
noctambulance,2
snowtombed,1
nebular,6
uplifting,2
borealis,4
uphead,2
glacial,6
uttermess,2
northerly,2
noctambulant,1
frozened,1
wintergate,1
stagnating,1
shrink-wrap,1
dissected,2
technician,1
depleting,1
gristle,4
bactericidal,1
discissed,1
disarticulation,1
bludgeon,5
ablate,1
diluted,1
spittle,1
congealing,2
grotesquely,1
dismembered,10
cavities,4
harshly,1
trachea,1
puncture,3
malacia,1
livor,1
joints,4
cerebrum,1
pulped,2
bodily,6
embalmed,1
maceration,1
unwrap,17
fragments,13
stinking,14
spread-eagled,1
hastily,2
pyarthrosis,1
autodigestion,2
mutation,5
crudely,1
disfigured,5
pathological,1
crusts,1
festering,7
dismember,4
shabbily,1
histolycis,1
cadaveric,2
eructated,1
gases,2
gurgling,1
congested,2
autodigested,1
corrodes,1
gnaws,1
sponge,1
gleams,1
chunks,4
leftover,4
dispose,7
pyathrosis,1
gestation,1
foetal,5
abortive,1
secretions,1
embryonic,3
fermentation,1
sprog,1
basted,1
palpitations,1
foetus,3
sprawling,3
lochial,1
copious,2
mutilated,23
still-born,1
mangled,13
whiplashing,1
mixing,16
post-natal,2
slurping,3
horrendous,2
cervical,2
lading,2
derbis,2
chomped,2
maw,2
caesating,2
post-partum,2
gnaw,6
rashes,3
munch,18
expelled,4
testicles,1
liquidized,1
whick,1
gross,5
stagnant,7
placenta,1
smelly,28
stiffening,1
gutting,2
pulverised,1
dismemberment,2
paturient,1
broth,3
piquance,1
gruel,1
gulp,6
mucus,1
clots,7
pasteurised,1
goulash,1
rhythym,1
summercamp,4
agin,1
deaming,1
skii,1
instinctively,9
papillae,1
pores,3
carbuncles,1
sores,4
growths,2
blackhead,1
pustular,3
cysts,2
commodones,1
perspiring,1
zits,1
blane,1
tumours,1
ulcerated,1
warts,4
hackne,1
vulgaris,1
spluttering,1
bubos,2
canker,1
clustered,1
bullae,1
pimples,2
curdling,1
smarting,1
squeezed,2
sebum,3
pox,1
weals,1
decrepit,11
improperly,2
specially,3
fleet,7
motorcade,1
monorail,1
armored,4
juju,4
genie,2
supremacy,19
lifter,2
high-heeled,1
tribute,6
antone,12
alamo,6
vrooom,1
vroom,35
varami,1
vrami,1
blaster,2
truuuuuck,1
sideshow,2
flosses,1
striped,7
twos,4
howlin,8
hera,2
morale,3
improves,5
unbreakable,8
heaven-sent,12
overran,10
helplessly,5
elegible,2
conk,1
rump,3
slipper,2
cripples,4
circular,1
flattery,2
passers,1
pankies,1
vinue,1
laay,1
gardener,1
consoling,2
deserttemple,1
luminary,1
shineth,1
ignites,7
corpselike,1
cacaphony,1
eminent,1
stainless,2
ar,15
firmanent,1
birdlike,1
carrions,1
proclaim,16
horned,1
ominious,1
sulphur,3
luciferion,1
gelignite,1
subsidize,2
nightclubs,1
assembly,3
jeopardize,4
orwellian,1
pacified,1
smuggle,3
enamel,1
correl,2
daseca,2
creams,2
intimidating,2
voids,2
verily,3
beseech,2
doth,6
muff,2
1470s,1
zounds,1
prickly,1
curlies,1
twixt,1
sayeth,2
hirsute,1
lookest,1
buckwheat,1
girdle,3
beastly,1
smelleth,1
patchouli,3
offends,1
resemble,6
fidel,2
broil,1
tra-la-la-la-la-la-la-la-la-la-la-la-la,1
tra-la-la-la-la-la-la-la-la,1
glimmer,6
peeks,1
sacrificing,4
comic,7
laughable,1
unphotographable,1
greek,4
countermand,2
synchronous,1
instill,2
massager,1
daiso,3
cart,9
debit,3
cherishment,1
unmeant,1
misguided,12
devastate,12
sacraments,1
pleasuring,2
assumption,2
papyrus,1
poisen,1
torn-up,1
postcode,1
trashin,2
timepiece,2
royals,7
luxe,4
iwe,1
entrusted,1
presented,3
relinquish,5
bequeath,1
profusely,1
trolls,4
behelden,1
mouthful,2
phillies,1
nosebleeds,8
antman,2
clash,8
titans,10
lowest,16
democrat,1
conversationalist,1
sickie,1
disemboweled,5
nipples,3
gutted,3
energy-gy-gise,1
enforcer,1
junky,1
swag,10
skibadee,1
skibadee-gy-gise,1
diggedy,3
stoneface,6
sneaky,1
godess,1
shortsheet,1
glidin,2
trampled,9
triumphant,12
inspires,2
bethroded,1
wote,1
consume-mated,1
intensity,5
earthboy,1
factor,1
cravin,7
na-ah-ah-ah,12
hangmen,1
parades,4
longings,1
unpopular,1
festers,5
unrecognizable,1
corrupting,3
disown,3
refusal,2
sabotage,14
disobey,9
demolish,5
disinform,2
redirect,5
highborn,1
thrusts,2
increasingly,2
receptors,2
succumb,6
mutinous,1
regurgitation,3
micro,2
prospect,1
malfunction,1
ascent,4
stringent,1
resisting,4
death-induced,1
mechanics,7
propel,1
implement,2
terminating,2
clockwork,3
gleeful,2
definitive,1
mockery,7
end-art,1
lethality,2
undoing,2
scornful,1
haggle,1
flickers,3
vellicates,1
accompany,2
deletion,2
sneering,2
depletion,2
emergence,6
dominate,21
hellyeah,2
steeds,3
whites,4
memoria,16
out-of-space,1
amend,2
ringo,1
corncob,2
thumpetty,4
thumpety,8
broomstick,1
paused,3
shoelaces,2
forte,2
remarkably,1
mid-july,1
opposites,3
mutter,1
bap,51
stigma,2
mow,10
fixes,1
birdie,6
tootsies,2
toasting,5
mistreatin,1
altogether,15
icicle,4
rulin,3
teasin,1
botherin,1
destroyin,3
taker,10
preyin,1
tyrannosaurus,1
iraq,6
iran,2
repeatedly,1
alleged,2
iranians,2
opportunity,5
iranian,2
iraqis,1
bombed,2
civilians,5
vx,1
pro-independence,1
karbala,3
plight,11
produce,5
efficient,3
scalding,1
blisters,5
district,4
demonstrated,1
leaflets,1
programmes,5
analyzing,2
samples,2
revere,3
enraptured,2
irrational,7
stiffly,1
palestine,1
iraqi,1
civilian,3
these,1
fedayeen,1
perimeter,1
eradication,5
marine,2
corps,2
monroe,6
tikrit,1
beijing,1
worshipped,4
afghanistan,2
suv,5
handguns,12
carb,2
diets,2
cuisine,2
despots,1
abu,2
ghraib,1
swindling,1
ceos,1
amphetamine,1
nc-17,1
fema,3
levies,1
katrine,1
intolerance,4
compassionate,3
nampalm,1
mauled,1
warheads,2
drage,1
re-arrange,1
servants,12
solidarity,4
doomlord,3
blood-painted,1
hellbent,1
adopt,3
secondhand,3
subjects,2
brouh,1
freako,1
nosaj,2
morcheeba,8
te-te-te-te-terrible,10
sighted,3
carniwhore,1
tomato,11
frailty,2
bienvenue,2
brillant,1
il,4
gris,1
dehors,1
t'in,1
qui,1
ete,1
couleur,1
coeur,1
demarco,5
guh,75
forensics,5
mumma,14
sitten,1
manufacturer,1
mavoli,1
vybe,1
tripe,5
hothead,4
plaza,4
reactor,1
grater,1
reverberation,1
intake,4
discord,2
melter,1
turbine,12
shackle,1
cheerleaders,4
decency,6
neo-nazi,2
catholics,1
desecrating,1
desecrator,1
agnostic,2
maternity,3
blitzkrieg,4
grievance,1
lacerate,4
pacifist,2
exhorted,1
desecrated,7
diffusing,1
re-arranging,1
exept,1
buick,5
telephones,1
yeahiyeahiyeahiyeah,2
skywalker,10
wowowowow,1
laalaalaala,1
habitual,2
cluttered,3
distaste,1
pedestrian,27
pedestree,9
interpret,3
engraved,12
incentive,1
disappoint,4
randomly,5
radomly,1
dance-dance-dance-dance,2
dance-dance-dance-dance-dance-dance,1
ditty,4
grapevine,15
graceful,7
perfected,1
technologies,1
aerodynamic,1
streamline,4
simplicity,7
renaissance,10
regimes,1
ideologies,1
figurehead,1
photons,1
alchemists,1
practicality,1
retrofitted,1
remnant,2
baa,30
chancers,1
wallflower,1
terrorists,2
deported,1
interrogated,1
fundamentalist,1
undermining,1
democratic,2
political,10
structures,3
anarchists,1
fascists,7
societies,4
sensationalism,1
hand-cuffs,1
prod,2
electrical,2
tyranny,11
affected,3
fadin,14
unravelled,1
unexplained,1
unveiled,6
detail,8
duped,1
sensed,1
bombshell,1
spliced,1
spouted,1
contagion,3
protective,2
flouted,1
untimely,1
clicked,1
cut-out,1
spoiling,1
demonize,1
mingling,1
enthuse,1
packaged,2
tinsel,7
townsville,2
greenvale,2
ranges,2
gorges,2
thiess,1
fam'lies,1
bosses,5
maintenance,3
bragged,1
ashed,1
young'n,1
reveries,2
taunt,5
ev'rywhere,2
ardent,2
caresses,2
night-time,4
desired,4
swansong,2
littlest,1
mistrust,4
apathetic,6
compulsive,2
skin-deep,2
bridging,6
anneke,1
giersbergen,1
desolates,1
rambled,1
dixieland,12
emaciated,3
relases,1
abbys,1
beset,4
honoured,1
9:20,1
yeaa,1
slayer,4
scaffold,1
nears,2
moans,9
visualize,1
dysfunction,7
podiums,1
prostitution,5
hibernate,2
behaviour,16
self-mutilation,3
methadone,3
recreational,3
narcotics,5
yeah-oh,6
go-yeah,1
go-oh,5
warlords,2
bloodstained,7
trucido,3
christianese,1
attacked,4
attacking,3
archers,2
christianize,2
blasphemous,10
bays,1
cabby,1
hoof,1
creeeping,2
scray,2
murk,2
graverobber,2
a-playing,1
clarinet,1
criticise,1
honey-ee,1
yeeeeah,1
aaaaahh,2
psychosomatic,8
rapes,1
lounges,5
tounges,1
refuses,2
positioned,2
preys,7
bale,1
forecast,6
blake,1
highlands,5
cilivization,1
enormous,2
eagerness,1
masticate,2
insuline,1
impulses,1
goofballs,1
examined,2
overloaded,1
cheater,2
hills/eric,1
rima/laurent,1
destressed,3
destress,1
stickin,14
hilt,3
defied,2
revolves,6
crowed,5
pontiff,1
veiling,2
fakes,8
nearness,2
strongholds,4
integrated,1
congruency,1
depicts,1
codes,9
freedoms,2
fascist,8
election,3
reminiscent,1
governments,5
toppling,2
soul-less,1
stemming,1
partisan,1
informants,1
jailed,3
persecution,4
wholesale,1
unopened,1
alternative,8
marooned,1
namei,1
upped,2
occasionally,5
condescension,3
conform,13
conventions,3
fornicate,4
bratty,3
pretenses,2
trenchfoot,1
sydney,1
attics,2
manson,1
1-2-3-5,1
6-7-9-10,1
re-incarnate,1
will-shock,7
mindfields,10
9/11,1
pyres,3
valor,3
twitches,1
slicker,3
caller,3
cud,3
sty,1
mmmmmm,12
memorized,3
mislead,4
reliefs,1
interval,2
forthcoming,1
emi,4
fireplug,1
maul,5
guage,4
distantly,1
gravest,1
loneliest,9
sunspots,1
feverish,3
glares,1
isolated,8
maintaining,1
supressing,3
misanthropic,5
doctrines,1
concealing,7
infallible,1
profiteering,1
power-hungry,1
dotards,1
archaic,1
swayer,1
cassocks,1
beringed,1
traditions,1
suppressors,1
awash,2
stupidty,1
cyborg,2
wasteoid,1
tre,3
exhibit,3
ch-check,2
kippo,1
affa,1
arrite,1
alrite,1
paypa,8
psssh,1
letta,9
greata,7
chuh,1
keisha,3
caws,3
shawna-k,1
reminiscing,17
nikeasha,1
tamika,1
summin,1
gimmi,15
patty,1
dressy,2
hotty,2
ital,1
natty,20
katty,1
arite,1
norma,1
helpa,1
fiyah,2
sella,1
cassandra,3
bax,1
durex,1
cyant,2
eva,9
tamed,8
specialist,2
subservient,3
motivates,1
hand-chosen,1
splashes,1
region,6
muster,3
undeserving,3
low-cut,1
sensuality,3
banquet,4
traitors,10
ceased,8
dripped,6
fearfully,1
paling,1
portrayed,2
dune,1
halftracks,1
blaring,2
westerners,1
lifeboat,3
thundered,1
solomon,6
browne,2
voyage,4
moreton,1
penlee,1
quarled,2
shuffled,2
you.v.m,2
kicker,2
julep,1
julys,1
overfed,1
useful,13
consistency,4
producing,2
sustenance,1
parallels,10
upkeep,3
judicial,2
two-timing,13
sprays,2
asphyxiated,1
ensnaring,3
lynched,1
retraction,4
volatile,9
paradox,7
plucking,2
staunton,4
fretted,3
you-ooh-ooh-ooh-ooh,2
ooooooooooohhhhhhhhh,3
pitty,2
radicals,1
protagonist,2
dentures,1
hots,9
baking,3
creamy,4
vicar,1
bulbs,1
hake,1
skips,4
lady-like,1
salvaged,1
involvement,1
lightness,7
dotted,5
rhode,1
villanova,1
pull-out,1
revving,3
unassisted,1
confiding,2
groom,3
undecided,6
upsetting,1
tumbles,3
shaken,14
mis-sighted,1
nagging,1
callous,10
mara,11
rabharta,2
guth,2
dtonnta,2
leanadh,1
leanfad,1
lom,2
tr,4
ghainimh,2
laoch,6
ghile,13
mear,21
shasar,6
gile,8
suan,6
gan,22
bhfuair,6
chuaigh,7
gcin,7
amhrn,3
farraige,5
seolta,2
ag,4
seoladh,2
bhfonnta,2
sails,15
seinm,2
seinn,1
husbands,2
hailed,1
obeying,3
comrades,7
exciting,19
baseline,4
ravers,12
violets,13
splashed,1
oooh-ooh,24
heeeey,1
hammered,2
heathens,6
beggars,9
sways,1
leer,2
candle-lit,1
backfired,7
woo-ooh,26
chat-up,1
remark,1
shite,3
putrifaction,1
pustulous,1
glans,1
munching,4
tush,1
strives,1
expanses,1
good-byes,1
hinder,5
unintentional,2
incensed,1
doop,8
glisten,13
christmases,20
west-berlin,1
country-western,1
doubles,1
beaks,2
saviours,4
musick,5
lyrixxx,5
matt,6
harvey,6
1998,2
deadest,4
graveside,1
disservice,1
disinhuming,1
rigorous,1
trashing,1
exhumed,2
abruptly,1
compunction,2
feriocity,1
welter,3
shredded,5
dessciated,1
firt,1
caskets,2
uprooted,4
mausoleums,1
mute,13
necro-attrocities,1
maimed,9
pick-axe,1
halved,1
quartered,2
gravesite,1
culled,3
reams,1
obituaries,1
entombed,8
wary,2
grudges,2
plunderm,1
epitaph,3
dead-letter,1
necrophile,1
beguiles,1
torso,8
sepulchural,3
interred,2
dead-line,1
cull,3
derelict,2
tock,12
wanderin,6
twenty-fourth,3
runaways,8
mastering,1
reinforcement,1
uneducated,3
incompetent,2
wife-beater,1
represents,1
discontentment,1
unison,7
lighten,7
outlasting,1
davidian,16
no,5
now,1
to,2
delivers,2
unshakable,6
apollo,12
nipping,6
eskimos,5
tots,5
ninety-two,13
chrismas,1
sill,6
lingering,12
strands,8
contour,3
channeling,1
hemlock,3
soiled,5
unstained,1
incoherent,3
premonition,4
hordes,9
stress-induced,1
reasonings,1
outrage,8
xeroxed,2
redundant,3
regurgitate,5
x13,1
pressures,5
satisfactions,1
exalted,7
wield,2
slake,2
assembling,3
rider,14
scorching,4
conjuration,3
injected,7
usurper,2
securing,3
obtained,3
evasive,1
abstruse,1
non-compliance,1
non-aggressive,1
non-contagious,1
non-involvement,1
non-productive,1
non-religious,1
non-resistant,1
non-subjective,1
hummingbirds,4
harmonize,4
windowsills,1
randezvous,4
togetherness,2
beggar,5
machine-gun,1
molded,5
twister,1
tina,2
calorie,3
joggin,1
treatin,3
decomposing,6
lifeform,1
embodied,2
fullness,2
matchless,6
humbling,2
wayfarers,3
impetus,4
reforms,1
incoherence,3
rears,2
integration,1
discourage,3
minuscule,3
aims,5
strengthens,4
resolve,13
shittier,1
lakeview,1
sparkly,4
alpha,8
compeer,1
pasess,1
persistance,4
switchboard,4
susan,10
999,2
romancer,4
extension,3
graham,2
invention,6
38-27-38,1
friendships,6
proclaimed,2
redeemers,1
announces,1
eulogizing,2
evangelizing,2
sophisticate,1
one-two-three,4
looped,2
deprivation,6
mk,2
ultra,10
ca-ca-candy,6
ca-cannibal,6
co-co-come,3
a-animal,3
t-t-tasty,3
t-t-t-treat,3
d-d-down,6
e-edible,3
t-t-tenderizing,3
m-m-meat,3
meaty,4
wordless,5
mysins,1
refined,15
sensei,2
crippy,2
192,2
cranked,3
oranje,1
adds,4
crackrock,1
herbal,1
ratty,20
take-take,5
t-t-take,6
occupation,12
interrogation,3
recreation,1
hellfire,14
spatial,2
resonating,4
feud,1
seizes,1
unworthy,3
chambermaid,5
bellboy,5
chamois,1
creased,1
rejuvenated,2
vinci,10
audrey,4
boomerang,5
billionaires,1
supplies,5
two-tone,4
orgy,20
spose,1
lotsa,1
regulately,1
two-toned,2
mmmhhhmmm,1
mmhhhmm,1
mhhhmm,1
absorbant,1
undergarments,1
disspelling,1
retrospection,1
unresolved,1
thicken,2
synthesized,3
conjectured,2
degenerate,5
speculate,4
victors,1
tundra,3
la-la-la-la-la-la-la-la-la-la-la-la,1
la-la-la-la-la-la-la,32
la-la-la-la-la-la-la-la-la-la-la-la-la-la,1
softest,2
bounces,1
four-leaf,5
ladders,4
splish,7
relaxing,1
a-splishing,4
a-splashing,6
a-grooving,4
a-rolling,3
with-a,1
was-a,1
a-well-a,1
a-strolling,3
splishing,2
a-moving,3
a-reeling,1
membership,2
panamas,1
tropicana,5
suntan,7
castaways,21
lagoon,4
intercepted,1
precision,12
reveled,1
gratification,4
loathsome,5
selkie,1
mmmhmmhmm,1
adventurer,4
battle-axe,1
wields,1
orcish,1
olog-hai,1
glaciers,1
evolve,7
negotiations,1
enwrapping,1
soling,1
anthems,5
myrrh,2
peasant,2
enthrone,2
laud,5
rousing,1
unrealistic,5
forsaking,5
atmospheric,2
barrier,4
pentagon,3
singled,4
profiled,1
absurdity,1
bombing,2
maiming,1
physically,6
sarcastically,1
caledonia,3
caledonias,3
provin,2
y-y-yeah,1
wormwood,1
dependent,11
catastrophy,1
yourve,1
threnodes,1
bloodlike,1
losts,1
deavel,1
clarksdale,1
yrs,1
natchez,4
gulf,6
semo,1
walmart,2
skylark,1
catfish,4
hayworth,1
pirogue,1
seasonal,3
bodys,8
lifes,15
frostbitten,2
opression,1
s.p.g,2
provision,2
glass-eyed,1
slack-jaws,1
swooning,1
inventory,1
quips,3
outright,6
enrages,3
cows,8
wetting,1
repulsed,2
lemming,1
chokehold,5
steamrolled,1
inspectors,1
toni-i-ight,2
tarragon,1
mortar,1
ira,1
incensus,1
choosed,1
tonky,1
arround,2
deceptive,2
towin,8
cussin,3
faire,1
ro-o-o-bot,3
kirk,2
lizard,13
ohoho,5
oho,1
ooohooohooohooohooo,1
appreciation,3
orally,1
cirmosis,1
renal,2
sluice,2
gallbladder,1
extrudes,1
poisoning,6
lobules,1
diffluence,1
coughting,1
critically,3
neural,2
fatally,2
quenched,3
spilt,5
retention,3
hepatic,2
ferments,2
inflamed,4
nephrons,1
chronically,1
diffused,1
distillation,1
urinally,1
appendix,1
ablution,1
bilary,1
dehydration,1
bladder,2
contamination,8
circulation,3
fused,2
stupor,1
lobes,1
kilt,1
scottish,2
wails,1
gove,1
forgotton,2
agenocide,1
permissible,1
mythical,1
endorse,4
obliged,5
irreversible,1
inscrutable,1
kissable,1
indivisible,3
misdirect,1
stag,1
a-please,1
handyman,1
candy-man,1
transvestite,6
sensational,5
visual,4
abysmal,6
reeves,1
relieving,2
antici-pation,1
symptom,1
your-last,4
deadbeat,9
freak-out,1
reich,6
brimstone,7
unify,1
priority,3
ecologically,1
numbness,3
culls,1
casings,1
restlessly,1
alienated,1
marginalized,1
throw-away,1
repaired,2
compound,5
undeserved,1
gratitude,12
bide,4
valentino,1
ooh-oh,17
naamah,7
emanates,1
babylons,2
babalon,2
lilith,5
lepaca,2
ama,4
ruach,2
maskim,2
rosaran,2
garb,1
bestow,2
spacecraft,1
contradict,4
sponji,4
pounce,2
reflex,8
zooky,1
winchester,1
relives,1
diversity,3
right-winged,1
folly,11
stonewall,1
jasmine,5
wolfman,1
wolfe,1
bourbon,6
a-a-a-ah,6
chirpin,2
slackers,1
over-achievers,1
incarnation,5
eastbound,3
cobblestones,1
unfocused,3
hideaway,6
whacked,3
overgrowth,4
tokens,2
farther,17
moshing,1
laminate,1
dates,11
turtledove,2
fueling,9
revocation,2
termination,4
cougar,2
hong,2
slider,2
otis,3
redding,3
majestic,6
1997,2
uncreated,1
effervesces,1
torpid,1
cremated,2
inert,2
expedient,1
unmake,1
ensuring,4
anonymity,1
untraced,1
bellows,1
belch,1
roasted,1
torrid,1
kindling,4
urns,2
whims,4
expunged,1
truncated,2
torpor,1
eradicated,2
sweltering,1
incandescence,1
liquefacted,2
charbroiled,1
remans,1
smelted,1
scalded,1
singed,1
broiler,1
whittle,1
horrified,4
aftershock,2
rampage,3
whory,1
tethers,2
oh-way-oh,7
bazaar,1
nile,3
crocodiles,2
way-oh-way-oh,3
ooh-way-oh-way-oh,3
waitresses,1
buzzer,1
donut,4
japanese,9
yen,2
kremlin,1
ranch,2
assault,7
suppress,1
memorials,1
unlawfully,1
deformity,3
births,1
grieved,3
newborns,1
reparations,3
partly,2
tailights,1
imprisonment,1
survie,1
deathcamp,1
mariners,1
trackless,1
rwady,1
ressurection,1
appaling,1
companions,3
frightens,1
venerate,3
torches,9
adherence,1
chala,12
joyousness,1
exuding,1
longanimity,1
degeneration,3
annihilating,2
testament,15
pits,8
leftovers,3
desquamate,1
grotesque,2
massacred,4
emasculate,1
debauchery,2
ravenous,7
morbidity,1
monthly,1
thrillin,1
romancin,4
madonna,9
waterhole,2
germ,2
precipitate,1
genetic,2
malignant,10
plutonium,4
anthropology,1
expurgicate,2
cytoplast,2
nomination,2
thermonuclear,3
malformed,4
strangulate,2
chromosomal,1
executioners,2
recessive,1
facilitate,1
deformed,2
taint,2
subhuman,1
faeces,3
ancestors,10
o.k,6
sterilise,1
imperfection,4
impede,1
detest,3
depress,4
lever,4
courting,1
ensure,2
lipped,2
parachutes,3
dichotomy,1
neons,3
yeaah,6
fork,20
self-directed,1
dreading,7
homemade,13
barlow,1
gleamin,3
galen,1
maxed,2
eliminent,1
seger,7
rocker,10
turner,2
traitor,14
defect,6
veracity,2
stoke,3
subjected,4
uttered,9
decapitate,2
fasiq,1
praiseworthy,1
imam,1
heathenist,1
dar,1
al-harb,1
dystopia,16
dajjal,1
chariot,3
raised-juxtaposing,3
dyad,4
rage-the,2
jihadist,3
scimitar,1
blade-black,1
jihad,2
infidel,2
feudal,1
herald,1
extant,1
rasual,1
malahim,1
raise-juxtaposing,1
relish,4
age-black,1
pester,4
ramble,7
barley,6
contorted,3
unworldly,1
spaceflight,1
dwarf,1
overtaking,1
experiments,3
hacking,3
vat,2
bizzare,1
forcefield,1
sensors,1
x-ray,11
ticked,3
blanc,1
skyscraper,4
jalopy,2
lashy,1
daliyah,1
poze,1
shane,2
ba-ba-ba-pa-rap-ba,1
ba-pa-ba-pa,2
ba-pa-ba-pa-ra-ba-pa-ba-ra-ba-pa-pa,2
doo-doo-doo-doo-doo-doo,1
bab,5
reduction,2
unreached,3
ev'rybody,3
fright'ning,1
interview,9
shaded,4
mantle,9
requital,1
atonement,3
displays,4
en-light,1
harbinger,6
raven,11
kalamazoo,1
grinds,2
handsworth,12
bredren,2
crowning,4
taiklng,1
unrevealed,1
convicted,1
labour,5
prospers,1
wlththe,1
revo,10
african,27
gree,1
gulps,1
butchered,2
shinging,1
acrash,1
nannannaana,6
nannannanaana,6
yeeh,10
suggested,2
hardstyle,38
noooo,3
vaginal,2
gestures,2
arousal,4
clit,8
depucelate,1
pornography,2
flog,1
soil-covered,1
abundantly,1
churn,2
encunt,1
glittering,6
rainchild,2
redsky,1
deadsky,1
morpheous,1
ishy,6
drawer,5
gibberish,3
shrieking,4
drivel,2
repetitously,1
striking,14
terminated,2
predictions,1
self-proclaimed,2
novice,3
roberta,1
sanctifying,1
prosper,6
unimagined,1
reigning,11
leprous,1
delinquents,1
lofty,2
tedious,3
fiber,4
chattering,2
unwashed,1
miscreation,2
rivaled,2
mercies,6
disappointments,1
d.e.a,2
guam,1
flintstone,1
anarchism,1
satanism,1
socialism,1
disconcerting,4
contort,5
severance,8
inside-out,3
enternity,2
brightman,1
morni,4
utli,2
alanti,2
trademark,3
registraition,2
contradicted,2
ejaculation,2
votary,1
sterility,3
viewing,2
unearthly,2
molesting,2
excruciating,4
lave,6
cenotaph,2
jelly-beans,2
musings,1
assessment,1
omittance,1
sterile,3
stereotypical,2
perpetuation,1
inebriate,1
meatrack,1
penile,2
infests,1
markets,2
promiscuous,9
assess,3
union-made,1
candid,1
intermixed,1
backdoor,5
whistler,1
figureheads,1
mascot,1
tilted,3
asphole,7
lightshow,1
outlet,1
wringin,1
wang,7
glanced,4
10x,1
sabbath,2
flung,2
insincerity,5
innuendos,1
wavy,12
orangy,3
substitution,2
energies,11
visited,3
illustrious,2
love-ov-ov-ove,1
fogging,2
aged,11
foreseen,1
hatchet,3
mutilating,1
decapitated,4
contaminate,5
sallow,4
abate,1
resounding,5
calculated,4
prodding,2
blueberry,8
outshine,3
fabled,4
trump,19
piety,3
snob,2
trait,13
ronald,1
wifes,1
pondering,4
accidentally,3
swervin,10
yappin,1
off-road,1
appointment,1
whaddya,2
macs,1
jugglin,1
styrofoam,33
presently,1
odour,2
outdoors,1
burgers,1
predicament,1
confederate,5
wreaks,3
lucia,1
incendiary,4
supervision,2
decisons,1
blitz-media,1
hits-we,1
rapers,1
convicts,1
out-that,1
start-we,1
truth-accept,1
fabrications,5
smokescreens,3
manacles,1
rein,2
fronal,1
spurn,1
awating,1
dissent,2
patriot,6
obstruction,2
blocking,7
assets,5
setback,1
unamused,3
vitro,1
fertilization,1
go-go-go-go,1
hollers,1
disagrees,1
quacks,1
otter,1
honeybee,9
brays,1
neighs,1
badger,4
bullfrog,1
croaks,2
hippopotamus,1
groans,2
t'do,1
moo,16
dopey,1
alligator,5
weasel,4
1994,2
fainted,3
bloodlustmord,5
zealous,2
wargasm,26
deranged-bloodlustmord,1
engaged-bloodlustmord,1
bunting,1
repatriate,1
insufflate,2
picador,1
intolerable,3
concupiscent,1
machinations,3
progeny,3
pouch,5
cortege,2
pitiless,4
enmity,3
pouch-plastic,1
mixologist,1
necrologist,1
militarist,1
wanton,4
paternal,1
depressive,2
murky,2
swamp,12
hooting,1
countess,1
cachtice,1
incantations,4
reincarnation,5
indecisive,6
tongue-dried,1
loosened,2
corresponds,1
bores,3
improving,1
lifelike,1
vapid,2
swill,3
underline,1
coiling,3
night-heavens,1
penetrates,1
diminishes,1
depleted,5
stronghold,7
capacities,1
ward,6
violating,4
cease-fire,2
parish,3
transcended,1
traverse,2
immobilized,1
authoritarian,1
colony,6
outweighed,1
policed,1
rationed,1
vc,1
asia,2
c.i.a,2
mercs,2
initiated,1
progressive,2
vomitorium,1
homovorous,1
human-haters,1
systemic,2
vomiting,3
fenestral,1
spewage,1
lateral,1
hemorrhage,3
disgorge,1
expulsion,1
laryngeal,1
foramen,1
unmitigated,1
auto-erotic,1
digestive,4
excretes,1
expel,5
deflates,1
dispersed,2
heaved,1
exposition,2
regurgitant,1
knee-deep,4
liquified,1
chunkage,1
gastral,1
spunk,2
expulsive,1
acids,2
intestine,4
bathtub,6
shitter,1
integumentary,1
expectorate,1
ref,4
unzip,1
zipper,3
"1,2,3,4,5,6,7,8",1
1999,6
timebombs,1
unplugged,3
feely,2
spilly,1
dawta,1
grindin,2
alot,2
himnuh,1
virtuous,3
herat,1
giggle,10
ravin,1
gorillas,1
ruffest,2
reared,2
honed,1
tongued,1
mince,2
publicity,1
axegrinder,12
fairyland,3
mannequin,9
switched,13
splatters,1
gore-filled,1
piling,3
coin,20
mm-mm-mm,18
lovey,2
dovey,2
everbody,2
online,44
1-800-suicide,6
pretext,1
civilized,6
rearmament,1
disarmament,1
non-member,1
activists,1
subsidies,1
grazes,1
mandibles,1
shrouds,3
locusts,5
converge,5
locust,5
marionettes,1
beget,1
nifty,2
shipped,4
salvador,1
mickies,1
grouse,1
dredd,1
snoopy,1
tweetie,1
smurf,1
boop,1
babar,1
kumbayahs,1
utopia,12
"6,5,4,3,2,1",1
straying,2
charcoaled,1
nocturne,2
stoking,2
fanning,3
otherworldly,1
repetitious,2
psyching,1
empowered,3
trades,1
shiv,12
warming,8
belmont,5
thawing,2
midwest,10
pumpkins,1
title,10
cushions,2
rushy,1
happenings,1
payton,1
plexi,1
clad,3
perimeters,1
limiters,1
integers,1
query,1
sandra,1
athropy,1
shockwaves,1
recieve,1
erected,1
loungs,1
1996,1
secured,2
scalpels,2
cutlery,1
aesthetics,2
afflictive,1
solacing,1
anasthetic,1
forcibly,5
palpebra,1
ciliary,1
severing,4
dissatisfied,2
incision,6
enucleation,2
apendectomy,1
excised,1
artery,1
gastro-intestinal-otomy,1
monocular,1
constituents,1
depurating,1
thorax,1
beautifully,8
fracturing,1
raspatory,1
gullet,2
gorged,1
sanguineous,1
muco-sputter,1
curtailing,1
delve,1
exhuming,1
ventricle,1
my-my-my,4
reliant,3
punarny,1
gul,2
mavado,3
saps,2
chops,11
assigned,4
cheered,1
a-ridin,1
stud,11
nags,1
whoop,18
redskin,1
a-riding,3
spaniard,1
foal,1
jerked,2
thud,2
a-dreamin,1
loped,1
whupped,4
stirrup,2
forded,1
colt,2
replenish,1
ever-y-bod-y,1
tongue-fuckin,1
freeing,3
speedboat,1
snooters,1
nosebleed,3
skybar,1
crystals,2
tampon,2
ragweed,1
couples,3
brogain,1
caped,1
crusader,1
wipes,6
unlearned,3
tactile,1
imaginative,2
proposed,2
alluring,2
flavour,7
explorations,1
lovemaking,1
activities,1
distinctly,1
overhaul,1
prudish,1
appalachian,18
shielding,2
marched,7
surprising,1
egged,1
strengthening,2
lovable,1
besieged,3
handout,3
enforcers,1
policing,1
dictatorship,1
entrapment,1
sickened,11
squalor,1
bacteria,4
cancerous,3
marauding,1
overcrowded,5
ever-spinning,1
laborious,1
subsistence,2
lacunas,1
tranquillity,1
frilling,1
seamless,4
annihilated,1
promotes,2
comedy,8
withdrawal,7
anguishes,2
blood-soaked,3
wadding,2
enchanting,1
genealogical,1
inheritance,5
pitifully,1
faulter,1
swayed,6
unwavering,2
frayed,3
wilts,2
wanes,1
earth-red,1
coursing,4
noble,15
self-deceit,1
fearsome,5
sin-loving,1
v.1,1
splintered,6
nutrition,1
seduced,6
v.2,1
shiva,1
v.3,1
rosebud,1
appetites,2
eveything,1
defeats,1
bewitchment,5
conjured,2
intertness,2
vampyres,1
interior,3
mists,4
populated,1
augmentation,1
viola,1
well-placed,1
eight-by-tens,1
perignon,3
a-team,2
barrymore,1
defeating,3
slavin,3
settlin,2
leaps,6
gouging,2
tocas,2
abrases,1
llamas,4
pero,7
siento,2
solamente,1
solas,1
relaxes,1
diz,3
surrenders,8
chrous,4
ghostly,9
persecuting,1
entities,2
unanimated,1
englobing,1
warlord,4
ghotsly,1
incubus,5
revival,22
digged,1
cascading,2
kness,1
rejecting,6
ducked,1
misunderstand,5
farmlands,1
serani,2
eehh,3
needa,13
uhhh,6
massage,9
collage,3
mirage,3
meeee,1
squeez,1
shyyyyy,1
prism,10
morphing,3
nips,1
flinching,1
reunion,9
iniquity,6
gladness,11
ohhhhhhhh,1
mmmmmmmmmm,3
mmmmmmmmmmmmmmmmmmmmmmmm,1
duper,5
hemorrhaging,1
capsules,4
inherited,6
unweave,1
do-do-do-doh,1
do-do-do-do-do-doh,1
part-time-love,1
ahhhhhhh,4
jujekox,1
mem'ries,10
wtote,1
overheard,5
grebo,2
lasting,10
wooh,23
herein,1
shoddy,1
simulation,9
leopard,1
tights,5
budding,1
hookers,1
decadent,2
jackhammer,2
lilith/eve,2
overwrought,1
suburbanite,1
balding,2
hovels,1
continentals,1
humbly,10
worldly,3
consent,5
excelsis,24
cabals,1
walketh,1
liveth,1
dirtsman,2
boogerman,2
clashing,8
slackness,3
grudgefull,1
pnp,2
pickiney,1
icepick,1
emanuel,1
nuffer,1
seashore,2
pretension,1
crossbred,1
scalps,6
worshippers,1
come-silent,1
mind-blinding,1
anaesthesize-senses,1
you-grievous,1
infest,2
you-with,1
soon-chaos,1
dream-sinful,1
seen-passion,1
fearlessly-chainless,1
neverworld,2
chimaria,1
predacious,1
tribeca,1
niro,2
dominicanos,1
mcdonald,1
560,1
off-white,2
ty,2
tais,1
courtside,6
knicks,2
nets,1
spiked,3
referee,2
meltin,1
afrika,1
bambaataa,1
foreigners,4
jeezy,1
dwayne,1
cee,1
rachel,7
casualties,5
casually,1
gradually,9
in-crowd,1
vogue,1
graduated,3
mhs,1
monasteries,1
blasphemies,5
urn,5
sodomy,5
bobcat,8
battin,1
limping,1
sustained,5
flacid,1
flitter,1
homeboy,7
manifestoes,1
tracts,2
grok,1
racecar,6
whirling,4
a-losing,1
horoscope,4
dines,1
regurgitating,1
flores,2
sheen,3
paychecks,1
violin,15
adolescence,3
dictator,4
faints,1
mortify,1
streetwalker,1
paraded,2
casanova,4
panamanian,1
excitable,5
raring,1
recklessness,1
open-eyed,8
reassures,2
deliberated,1
sailless,1
glower,4
witless,3
knower,2
seedless,2
sower,2
changeling,1
based,11
numbed,3
exploring,2
loopless,1
priced,2
lavish,3
glitzy,1
modeling,1
debonaire,1
firestorms,1
indifferent,8
thunderous,2
hissings,2
fertile,6
masterplan,4
gusting,1
negligence,6
incy,7
wincy,6
soooo,3
feathersword,10
anthony,13
ahoy,16
finger-play,2
realistic,2
veils,5
enfants,13
nuit,13
oooohhh,7
minuite,1
aquarian,1
origionally,1
performed,2
winslow,1
protected,15
virtual,7
gesu,1
wretchedness,2
glimmering,1
remians,1
firstborn,2
abel,5
he-goat,1
deset,1
qualify,4
transcendent,1
"4,000",2
tacos,4
shameless,13
biringham,1
ashlike,1
hardship,3
fairweather,1
aways,1
sunroof,1
eah,2
v.i.p,2
argh,2
whiskey-soaked,1
knuckled,1
politic,1
unbowed,5
bunkhouse,1
sell-by,1
25th,1
after-taste,1
shhh,4
robe,4
chalice,10
guilts,2
document,1
clenching,3
demonstrates,1
non-events,1
unwish,1
declining,3
reviving,2
trough,5
fucked-up,6
skinnyman,3
x18,1
inclination,1
consequently,1
y'hear,1
malt,1
swig,2
fondle,3
affliction,12
anchored,3
waterdrums,1
shading,4
bloodlet,1
earthsong,1
corroded,6
we=b9ll,1
linkage,1
b3hello,1
gutters,4
b2,2
b3,1
berkowitz,1
carnovore,1
externally,1
brainwashing,2
predetermine,1
befit,1
substandard,2
discouraging,1
creativity,1
assiduity,1
invariable,1
contentness,1
re-create,1
collectively,2
nail-scarred,2
bodaration,1
iration,3
jah-jah,1
spiritually,3
analyzed,1
sanitize,2
turbulence,7
hellbender,6
wheeling,2
unconventional,1
springing,2
massacres,1
executions,1
ancestral,3
secular,1
institution,3
malefic,1
oaths,1
conspirations,1
infame,1
rituals,4
heralds,2
quintessence,3
harmageddon,1
abominate,1
tempter,2
shadowside,1
boundless,5
sappy,1
hassles,2
leech,9
googly-eyed,1
aftershave,1
reassured,1
prowess,1
broadcasting,3
furthest,4
weatherman,5
nearin,1
jealously,3
enchantments,1
pestilent,5
opet,2
speeches,2
priests,9
welcum,2
bion,2
paper-pushing,1
dystopian,1
cellphone-sporting,1
cosmetics,1
bashing,3
headbanging,2
pistons,2
headbangers,1
noone,2
slashes,4
shackleford,1
chaw,1
grandkid,1
spankin,3
retrospect,2
cyborgs,1
cybernetic,3
organisms,3
programmed,3
threatens,2
mesmerised,4
ocp,1
capabilities,5
software,2
launch,6
bwahahaha,1
.......,2
antoher,1
steepy,2
madd,4
stulla,26
bullah,3
mi-mi-mi,3
couldah,2
wok,1
babydoll,4
sitt'in,2
chassy,1
bruck,3
cyattie,1
mundane,5
ripcord,8
denyin,1
thongs,1
quad,2
christine,1
everythings,16
ailing,1
jake,11
beehives,1
mischance,2
treading,12
neighbours,10
predetermined,5
outbreak,3
lusaka,2
passer,2
agonize,2
dusts,5
comets,2
birthing,3
russin,1
soh,5
liking,10
gimmie,3
numba,5
fone,1
ochi,1
waistline,15
rotates,2
sista,1
rvssian,4
rescues,5
ah-ah-ah-ah-ah-ah-i,14
lowdown,2
blanks,2
reprise,1
peret,1
vespa,2
penetration,4
crackdown,4
compute,1
sixer,1
freak-zone,1
avenging,1
generate,4
racer,1
derry,1
culmore,4
loch,1
foyle,1
pilgrim,3
shekels,1
shenks,1
lambs,8
informers,1
dreadlocks,6
batons,2
outivation,1
walkie,1
talkies,1
reinforcements,2
retaliate,7
tweeter,1
ishenks,1
turntable,2
carned,1
so000000,1
whenva,1
wouldda,1
wheneva,1
polyps,8
spurt,3
tulips,5
pulsating,16
pappular,1
protuberance,1
sessile,1
villous,1
adenoma,1
colonoscopy,1
stalactitical,1
adipose,1
formations,2
polypular,1
anemia,1
hystilogical,1
tests,3
avoided,3
atypial,1
polypectomy,1
obstructing,1
colorectal,1
tapeworms,1
enema,2
pig-worms,1
nutrients,1
solids,1
flexible,7
sigmoidoscopy,1
rectus,1
cavernosa,1
finger-like,1
stalactyte,1
poopshoot,1
re-route,1
excement,1
mites,2
realy,1
patna,1
re-re,1
yooo,1
sucka,3
upper-class,1
crossfader,1
filter,3
scramble,4
halt,14
trusts,3
primed,4
bonding,4
infertile,1
reparation,3
arsenics,1
detectives,1
detecting,1
lifesblood,1
department,2
fund,2
untouchable,12
struts,1
cay,1
lethargy,3
prometheus,1
shadowless,1
lylusay,2
tateros,2
volt,2
sids,2
third-string,2
lino,2
coffees,4
billfold,1
crouches,1
binoculars,2
mobilize,1
volunteers,1
eyesore,1
ads,1
benches,2
vocations,1
misfortunes,3
synchronize,19
distilled,2
d.n.a,1
reproduction,1
devolution,2
copulation,10
sekkle,18
a-a-and,2
tarrus,3
riley,3
mongrel,2
trippy,5
prevailed,2
ibm,1
itt,1
carbide,1
exxon,1
coffers,3
a-singing,2
rinsing,2
drenching,1
diverse,1
selfishness,14
numerous,5
controversies,1
exhausting,9
comparison,5
cradling,1
denies,6
objective,4
good-lookin,1
yesteryear,3
sun-god,1
smacking,1
symphany,1
mccoy,1
blending,2
farewells,2
layed,2
doo-doo-doo-doo-doo-doo-doo,4
hoo-hoo-hoo-hoo-hoo-hoo,1
lov,15
tint,5
dignified,1
wond'rin,3
procreation,5
domains,5
malign,9
copulate,11
penetrated,2
extatic,1
grunts,1
goathead,1
avatar,4
inferiors,1
cm,1
posterior,1
bagpipes,1
voluptuously,1
rapturous,1
scapegoats,3
expurse,1
perfumes,2
orison,1
ptomaine,1
excrements,3
ordeals,1
deads,2
congealed,1
stature,1
crapulous,1
joyous,8
bowlers,1
taiking,1
sa,5
pumas,1
slickin,1
a-house,1
unflappable,1
conceptions,1
moralistic,3
criticism,3
overpowering,1
ruse,5
farse,1
substantial,1
aggressive,6
deceitful,2
wands,1
thrashers,3
resurgence,2
providence,2
undertakings,1
sixties,1
ten-foot,1
three-foot-high,4
dryer,1
cupcakes,1
jumper,2
worrying,2
relays,1
fiver,1
fancies,2
impressing,1
engagements,2
taj,1
mahal,1
napkin,1
trini,1
lopez,1
tarnish,3
harps,1
cloven,5
goodwill,3
all-gracious,1
tenderized,1
bereaved,5
varying,2
coronary,1
cardiology,1
purulence,2
metallic,4
annealed,2
soulmate,4
maims,1
wittols,1
myocardium,1
depletes,1
detestible,1
pathology,1
desist,1
exiled,4
laurels,2
redbud,1
coon,13
philosopher,2
verbally,3
stimulating,1
skilled,2
dependency,2
commonplace,5
targets,2
hairy,8
rraaaahhh,1
pornograph,1
tramples,1
intestinal,5
lobotomized,2
shredding,2
spurting,1
resists,6
exasperation,1
submersion,1
apt,2
inadequate,4
begat,1
preparatory,1
sulphuric,1
fermented,3
hulks,2
disjoined,2
mucilaginous,2
appropriate,4
misconducts,1
resilience,2
virtually,1
non-existent,1
free-flowing,1
liquescent,1
uncomplicatedly,1
problematics,1
haigh,1
inherent,2
effortlessly,2
loom,2
afterwards,2
fari,1
bluebirds,5
scrambling,1
eccentric,1
decease,4
each-other,1
streetlights,11
prideful,3
preventing,3
adapted,1
self-awareness,2
pandemic,2
war-torn,1
inversion,2
manipulated,9
censored,1
gallagher,1
brigtest,1
shaitan,1
devilish,3
contrasts,4
mammoths,4
opposition,12
warlocks,5
half-drenched,4
procrastinating,3
deliberation,1
term,14
divert,3
unidentified,2
research,8
hunted,15
advancement,3
rampant,1
sterilizing,1
f-l-y,2
becuz,2
bzz,3
unzipped,1
bzzzzzzz,3
chromed,1
frequently,3
annually,1
lieu,1
depiction,2
dissintegration,1
deformation,3
wellin,1
wager,1
backstretch,2
suspecting,1
blood-red,5
purest,10
discarding,1
cameos,1
spotlights,3
improvised,1
impressions,7
half-truths,1
exhumation,2
catacomb,3
necrophilia,2
molestation,3
cut-off,3
erosion,5
increased,4
ravage,2
feebles,1
remnants,8
unpure,2
cerecloth,6
sepuchral,4
unspeakable,2
inclinations,1
adelaide,9
bogans,1
hill-smith,1
fixture,1
rundle,1
locals,2
spanning,2
littered,4
purification,8
cupboard,10
anti-magnetic,1
swaddling,1
herdsmen,1
begrudge,1
intensely,2
obligation,2
intercept,1
barbaria,1
spectacle,1
neglect,10
systematic,9
mid-term,1
yeahhhhhhhhhhhhhhh,2
hmmmm,1
spooky,10
a-winkin,1
a-dyin,1
a-hauntin,1
cleaving,1
sawed,2
bereaving,1
sarcophagi,1
expertise,7
adept,1
deadstock,1
fromaldehyde,1
sawing,2
morsels,1
conatins,1
graven,3
orchard,12
12:10,1
schoolboy,1
overruled,1
re-abuse,1
pick-up,1
cleared,9
fluorescent,6
fifteen-hundred,1
soaks,1
back-roads,1
timed,1
eno,1
owt,1
eerht,1
ekoms,3
deew,3
pihsrow,3
natas,3
lla,1
liah,1
krad,1
drol,1
fabricates,1
triflin,6
thems,1
cinnabon,1
ramone,2
adversities,3
suffice,2
dickey-bow,2
blackpool,1
review,2
telegrams,1
persuade,1
strychnine,2
upstream,2
practically,2
revolutionary,1
spivs,1
litre,1
mistakenly,6
forgetfulness,6
alleviate,2
nat,7
cole,3
womanised,1
cruisin'up,1
thoug,1
therapist,6
eeeeeeeeeeeee,1
eeeeeeeeeeeeeee,1
skewers,1
womens,2
eeeeeeeeeee,1
pubic,2
hubey,1
thirteen-year-old,1
sprout,1
ursula,16
tampons,1
clanned-up,1
abrupt,3
tentative,2
cumbered,1
clusterfuck,1
batter-batter,3
specimen,1
obtain,1
somersault,4
womanize,1
morti,1
irrequieti,1
somnum,1
reperirat,1
lux,1
memorandi,1
nostri,1
eum,1
porteat,1
pacem,2
aeternam,1
oh-oh-oh-oh-oooh,3
oh-oh-oh-oh-oooh-oh-oh-oh-oooh-oh-oh-oh,2
oh-oh-oh-oh-oooh-oh-oh-oh-oooh-oh-oh,4
writers,2
moran,1
glenn,2
tubb,2
taxes,10
challenges,4
virtues,6
cranium,10
hyperspace,2
woollen,1
geranium,2
widened,1
mealing,2
battering,13
grimness,1
organized,14
amoral,1
suppression,3
indoctrinated,2
oils,2
historical,1
misfits,3
immortalised,1
totalitarian,1
self-filled,1
untasted,1
ninety-four,1
zibbidi,12
doo-dah,8
uhoouho,19
fatman,3
scoop,15
scooter,5
haouse,1
scooters,1
pease,1
yeeeeeah,1
ohohuhoouho,1
redwood,2
labs,1
negroes,1
dueling,3
banjos,2
kkk,1
lovingly,3
juked,1
suppressing,1
incinerators,1
apc,1
prety,1
manually,2
lobe,1
syncopate,1
dadadadada,10
yeaaah,3
kinetics,1
rotterdam,1
dimitri,1
joah,1
rotter,16
embitterment,3
retrieve,2
oncoming,4
compensate,3
mosh,9
fistful,3
bangers,2
moshpit,22
bluesman,1
operatin,1
potter,7
double-dealed,2
afflictions,1
hyaline,2
creaky,3
tern,1
stagnation,1
dissapointed,1
costume,6
rendition,1
reincarnate,1
newspapers,10
fruited,1
dispursing,3
blurs,6
truer,1
transmutate,1
38,41
slung,1
missunderstood,1
underestimated,3
suspected,2
cheapness,1
bolton,3
84,3
o'hare,1
loosest,1
carbonic,1
meteorites,1
unwrought,1
amphoras,1
mineral,2
relightened,1
stars/alchemy,1
fumes/alchemy,1
diastric,1
custom-made,2
wild-molten,6
discoveries,1
thanx,1
preventable,2
bastardization,1
modernization,1
unfeeling,3
outgunned,1
outmanned,1
foreground,2
merged,3
volition,1
fictitious,2
illusive,2
warmed,2
clipped,4
magnitude,3
creaping,3
powwow,1
teepee,2
squaw,1
inuit,2
adahi,2
navajo,2
sioux,2
apachee,2
seminole,2
hano,2
tomahawk,2
wolfpack,2
rawhide,2
knapsack,2
arrowhead,2
mohawk,3
mommas,2
industries,2
halleloo,1
store-bought,1
sugar-coated,1
commodity,6
poor-house,1
benefits,7
thousand-yard,1
passangers,3
stigmata,1
tricked,7
cerebral,1
nihilo,6
alea,2
iacta,2
tohuvabohu,19
audeamus,5
res,2
ipsa,2
loquitur,2
cures,2
deluge,2
omnis,2
moriar,2
fairest,7
soonest,3
pounded,1
milliard,1
childs,4
eased,4
zee,1
windblown,1
chasm,8
blueridge,3
i-dum,9
i-day,9
gay-gold,6
foamy,3
brim,9
hanged,8
disturbing,3
quell,5
rattled,4
holier,3
hypocrisize,1
deathride,10
continuous,2
lawmaker,1
stargazer,1
self-infatuated,1
consort,1
distinction,3
threatened,4
crusades,1
unbounded,1
kindle,2
vigour,1
homophobic,4
antagonist,2
polyesterday,4
austere,1
hartfelt,1
obedience,1
skewed,1
persuasion,9
rallying,1
wilfully,1
blinkered,1
shoulder-to-shoulder,1
sweetener,1
unravelling,3
inconvenience,2
sheath,1
challenged,1
snowbank,2
outlined,2
reachable,1
wassup,6
towels,1
hiked,2
psychiatry,1
mocked,2
deputy,12
tracked,2
highball,2
pitied,1
allen,1
cox,1
programming,2
440,1
drostan,2
claudia,1
fountaine,1
engineered,2
allan,1
jenkins,2
fixsen,1
slid,3
ricocheted,1
what'cha,4
bootleg,1
looker,4
switchback,16
throes,7
cleans,4
condemns,2
ministers,2
broken-down,2
fliegenden,1
teppich,1
zur,1
hlle,1
zurck,1
mit,1
ausfhrlichen,1
bericht,1
unter,1
bleiernem,1
himmel,1
barrikaden,1
verdunkeln,1
licht,1
kopflose,1
soldaten,1
schlacht,1
insekten,1
todeszuckungen,1
angesicht,1
verloschender,1
gestirne,1
verlassen,1
uns,1
hoffnungen,1
brown-leafed,1
princes,4
amendments,1
obliteration,6
cadence,3
rig,5
bombshells,1
microchips,1
diagrams,1
neurons,2
leveled,2
unsettling,1
investigate,4
obstructed,1
insisting,2
truncheon,1
non-violent,1
ahaha,2
viewpoint,2
kent,3
coed,1
brooms,1
cleanup,1
reinforced,1
poseurs,1
shup,1
honeycake,1
battle-born,1
recon,2
full-metal,1
betwixt,2
emotionally,9
blight,2
resign,2
disassembled,2
coffeecakes,1
yea-yea,1
demeanor,3
hwah,1
puff'n'stuff,1
humored,1
patronized,1
telltale,1
attach,2
aligning,2
universes,2
tartarus,3
annabel,1
bel,1
flutter,2
peering,3
inching,2
foregrounds,1
rends,1
devide,1
h.p,15
back-back-back-back-back-back-back-back,1
ba-ba-ba-ba-ba-ba-ba-ba-ba-ba-ba-ba-ba-ba-ba-ba,1
compliments,6
nonchalant,6
parchman,10
itty-bitty,1
krupa,4
syncopated,4
beluga,8
dolphins,2
squirtin,1
impalement,1
wretching,1
clogging,3
corpuscles,1
pretention,1
urinate,1
clumsy,5
tonite,12
choise,2
expand,13
stuk,2
thinner,7
utters,1
undersold,1
bray,1
summan,2
honors,1
natures,1
ceremonies,5
battlefields,1
frosted,5
panes,2
three-quarter,2
comprende,4
tijuana,1
iguana,2
requests,4
cruzat,2
tavern,4
lai,12
buenos,1
aires,1
musicians,1
slinte,1
irish,7
germans,1
prost,1
salud,2
altars,1
buns,3
begones,1
ba-ba,45
bah-bah,22
bahh,1
morrow,1
babes,11
samhain,2
sabbat,1
a-rising,1
hecate,1
blot,3
mended,10
pardoned,5
ho-oh-oh-oh,9
self-condemnation,1
connective,1
r.a.m.b.o,8
vet,10
murdock,1
disarranged,2
antagonize,1
toughest,6
telephoned,2
a-a,1
organizar,1
vamos,2
t-t,1
tata,1
tara,1
bothers,13
hola,21
chicuelos,3
vengo,1
cantar,1
cmo,3
estn,2
brinquen,1
hacia,2
atrs,2
okei,1
todava,2
nos,5
ocurre,2
esta,2
parte,2
algo,1
maravilloso,1
surgir,1
pronto,1
atentos,1
imagnense,1
cosas,1
maravilloas,1
chao,1
pues,2
cuento,1
ayer,1
tengo,5
ganas,2
bailar,1
sonreir,1
t-t-ta-tara-ra,1
rams,1
ein,3
volk,1
fhrer,2
sectarian,1
gregarious,1
non-resolved,1
maintained,1
influential,3
conditioning,4
announcing,4
somber,4
deviance,2
hormone,1
unjest,1
misuse,2
tendencies,6
lapping,3
orgasm,2
nakedness,2
uncivilized,1
overridden,1
frost-ridden,1
blocked-out,1
ungenerous,1
resents,1
currency,15
aran,4
scullery,1
cognitive,2
disjointed,1
erasure,1
elevated,3
klaxon,2
puzzlement,2
gritted,1
maana,9
yeeee,1
yeeeeee,2
escalations,1
heather,11
kaos,1
moonlighting,1
invoking,3
blessedly,1
fraying,2
emerges,3
silken,1
avalon,2
anointing,1
everless,1
enshadowed,1
darlings,1
towboat,1
ratchet,15
a-deckin,1
shiv'rin,1
a-shakin,1
steamboat,10
a-hanging,1
a-lookin,1
crossword,1
shaver,1
courthouse,1
bluegrass,4
brownskin,2
be,1
shard-shredded,1
entangled,3
wingspans,1
unleashing,2
heretics,7
enforce,4
subdue,4
loath,1
yeaaahh,1
meantime,4
heeey,1
whoooooaa,1
yeaahhhh,1
mooooove,1
confessed,2
overshadow,1
mortification,1
lacerates,2
flagellation,2
ambiguous,1
distills,1
perverse,1
refinement,1
duplicators,1
you-huh,12
manchu,1
somekind,1
offerings,4
wilt,4
throbs,1
by-and-by,2
offshore,1
whoooaaa,3
sodium,5
adulting,10
mario,3
emissions,5
torturous,1
battletoads,1
spruce,1
resume,15
couch-cushion,1
snuggles,5
re-watch,1
121,1
comment,8
brushing,5
showered,2
snore,2
hehe,4
undefeated,10
cautionary,2
bleat,1
alchemist,3
mealy,1
bullish,1
culprit,2
pulpit,1
rioteer,1
nigeria,1
zimbabwe,1
kenya,1
addis,1
abeba,1
i-man,5
sistren,2
thouh,1
feedback,11
hist'ry,1
nightshirt,2
temperamental,2
affecting,1
ingest,2
whomever,2
pleases,4
unlucky,23
shackels,1
maturity,1
quizzical,1
foresight,4
robotized,1
scooped,1
merits,1
virgina,1
ked,3
burried,1
shortest,2
estimated,3
9.30,1
airports,1
crosswords,1
attempting,1
yeah-eah,9
inhalin,1
lastin,2
vivor,3
heyyy,1
eh-whoaa,1
assign,1
corrective,1
associated,1
timeline,3
carbine,1
penalized,1
affixed,2
evaluated,1
stagnated,1
expansion,1
retracted,1
overreacting,4
exhaust,5
repetitive,4
5150,1
sadat,1
whippoorwill,1
lorraine,1
cia,2
coretta,1
crump,1
downriver,1
cottonwoods,3
mahalia,1
martyred,3
b-a-rr-a-c-you-d-a,2
3,8
yeaaaaaaaaaaah,1
junglist,1
launcher,1
get'cha,13
freshman,3
caravan,2
skippy,1
namo,18
cleats,1
a-clicking,1
snowblind,2
selfcontrol,1
atlantic,7
a-wait,1
traveller,3
ryhme,5
habondia,1
brakulla,1
chrism,3
hekate,3
io,6
unguentum,3
sabbati,3
noctifer,2
venusberg,2
hedge,2
hagzissa,1
blakulla,1
manitou,15
wardance,1
scalp,2
raindance,1
retold,1
holidy,1
soweto,1
pakistan,1
sheik,1
divan,1
mexicans,1
tanzania,1
tenerife,1
barges,5
pekin,1
consomme,1
beardstown,1
alton,1
documents,2
medical,7
x-rays,1
yanking,1
unnerving,1
extraction,1
novocain,1
trawling,1
samael,5
mem,1
golachab,1
surtr,1
sorath,1
svrt,1
hundreed,1
geburah,2
sitra,3
ahra,3
ragnark,6
fenrir,2
ha-she,1
ha-gadol,1
inconquerable,1
nobility,1
barbaric,6
hoovered,1
accross,1
siilver,1
self-deception,4
deathray,3
prospects,4
staleness,1
antithesis,6
living-dead,1
modus,1
vivendi,1
anala,10
oh-ew-oh-ew,2
chanceless,1
glint,2
faintly,2
duel,2
swordsmen,1
put'them,1
half-empty,1
dysenteric,1
recrements,1
retrained,1
disolving,1
mucose,1
dilating,1
malodorous,1
faecal,1
sepsis,1
dejection,4
coprophagist,1
tenesmus,1
pilorus,1
deflagrate,1
evecuated,1
reinventing,1
jubilant,1
starship,1
boney,2
nightflight,13
lift-off,2
all-clear,1
successful,1
take-off,1
"2,183",1
boomtown,1
habitable,1
earths,2
a-glow,1
manoeuver,1
4.6,1
twinsun,1
campfires,1
awaitening,1
ebal,1
dustclouds,1
bishop,10
shames,1
oh-no,6
a-little,1
computers,2
controllers,1
loveletters,1
unacceptable,4
specimens,1
dissident,5
cyber,6
computerized,1
standby-zone,1
sentinels,1
defcon,1
dingy,1
winless,1
ou,3
hahahaa,1
free-will,1
ant,4
institute,1
fossil,3
dwarves,1
lacerating,1
tme,1
bungalow,1
jerk-off,1
two-bit,3
screwin,1
consummate,1
zenith,1
fascinations,1
decimation,1
tampers,1
caruosel,1
policies,5
megaton,1
hydrogen,3
taut,6
armory,1
flexes,1
handshakes,3
disarm,3
cheapened,1
summits,1
treaties,2
radium,2
isotope,1
cataracted,1
irradiated,1
floodgates,3
delicately,1
siliciferous,1
dregs,3
detonated,1
memorial,5
veered,1
docks,1
potters,1
rifles,2
ranking,2
silencers,1
disloyal,1
renounced,1
turbulent,11
covetous,3
wighat,10
ape-shit,2
tantrum,1
frederick,1
snakeskin,2
dinosaur,3
wighats,1
git,1
uuuuuuuh,1
suzie,6
charmin,2
cindy,1
wallets,1
objection,1
dissatisfaction,1
rudi,1
disregardin,1
stetson,1
gina,1
nikki,7
inherits,2
joni,1
flashbacks,19
cretin,5
misgivings,1
appalling,3
stooge,1
eye-to-eye,2
intermediate,2
uneasily,1
subvert,2
artful,1
rhetoric,5
altruistically,1
worming,1
intuitive,2
drooling,2
dogmatically,1
acquired,1
deficiency,1
caustic,5
grins,4
intensify,1
moisten,1
purifying,6
crosstitution,9
writtings,1
hokus,1
pokus,1
impeccable,2
soaky,1
gayhood,1
fiests,1
baptise,1
crosstitute,1
stompin,5
welling,1
deface,9
concealment,4
peeled,5
visages,1
airliner,6
movie-scene,2
forefinger,1
impotent,4
ehhh,9
yeah-e-yeah,2
ti-i-ime,1
huh-uh-uh-huh,1
oooow,1
ta'find,1
little-bitty,1
ooww,1
an'low,3
got'ta,1
ooooooww,1
ooohhh,3
promise'ta,1
bring'er,1
goooo,1
owww,2
survives,5
advices,2
choreography,1
disclaim,2
infestation,7
socialised,1
pessimistic,5
archieve,2
enquired,1
exceptions,4
featherbrains,1
astonishing,2
ting-a-ling-a-ling,1
yahh,1
yaahhh,1
yahhh,1
munyemo,2
bitter-sweet,1
deja-vu,3
sky-y-y,6
drummed,1
potomac,1
easing,5
baal,2
hight,1
ritually,1
patients,4
injects,2
reanimate,2
unbury,1
58,2
specs,8
jumpers,3
screeching,3
strained,4
nicodemus,3
noah,3
driest,1
receded,1
hoppin,7
yaha,4
be-bop-a-lula,1
minny,1
cotrol,1
disapeared,1
decision-making,2
up-manship,1
issues,55
spurned,3
constitutional,4
pontificate,1
etiquette,3
outplays,1
upont,1
mu,3
peanuts,2
exhumes,1
embalms,1
crematory,2
mortician,2
avant,2
garde,1
mccullers,1
avante,1
gardes,1
tapeworm,1
flora,1
ducts,1
epidermal,1
dermis,1
staunch,1
bouch,1
raunch,1
earthling,2
feeder,4
primaordial,1
sputtering,1
mucous,1
metastasized,1
earthlings,4
virulence,1
ingrates,1
junkyard,2
decorated,6
slides,2
likewise,2
compose,5
carina,3
golfshirt,2
scoring,4
pac-man,1
grung,4
brightness,4
fullfills,1
painters,1
snow-capped,2
uncrowned,2
quicksilver,5
surfer,1
boarded,3
unguided,8
borders,25
lam,5
hi-jacked,1
cryotube,1
element,4
molecular,1
environment,4
tribulations,1
skillful,1
jailer-man,1
wellfare,1
restored,2
exceeding,1
half-wracked,1
leaped,1
flanks,2
foundationed,1
blackguards,1
shanty,1
self-pity,3
hostility,5
ensues,2
vindicate,1
hues,5
coupled,1
afton,6
murmuring,2
stock-dove,1
glen,1
blackbirds,2
green-crested,1
lapwing,1
forebear,1
neighbouring,1
courses,3
rills,1
cot,3
woodlands,3
primroses,2
oft,1
lea,23
birch,1
flowerets,1
stems,2
addressing,1
inequities,1
procedures,2
sanguine,3
pallette,1
hysterectomies,1
meninges,1
trephan,1
expunge,1
excoriate,1
cleaver,3
spinalectomies,1
jaundiced,1
fusty,1
lothly,1
enfeebled,1
lily-livered,1
rafty,1
wards,2
impuning,1
egress,1
profficide,1
restraining,2
philistines,1
exscinding,1
liberating,1
omentum,1
aristarchus,1
usefulness,2
objectors,1
painkiller-killer-killer-killer-killer-killer,1
debilitates,1
screw-faced,1
arguments,2
splitter,1
painkiller-killer-killer-killer-killer-killer-killer-killer-killer,1
thier,3
clich,5
afterglow,9
cultivating,1
fuffy,1
laa-di-fucking-daa,22
well-worn,2
admirer,1
denny,1
spikey,1
mushy,8
wussy,4
k.i,1
beckoned,2
jeckyll,1
iota,1
omega,5
seared,2
atomic-bomb,2
cosmetic,3
eversleeping,1
erthe,1
whence,2
monuments,8
thane,1
thule,1
relicry,1
falsely,2
erthly,1
pillars,4
endured,2
previous,7
regret-free,1
concensus,1
vindictive,1
valued,2
acclaimed,1
pacification,1
self-gratification,1
shitting,7
domestic,2
oppurtunity,1
rahzels,1
reka,2
vire,1
verbe,1
executioner,3
springfield,2
neddy,1
marines,1
flocking,1
seagulls,8
scavenge,1
wasp,4
administer,1
flamed,1
decibels,1
provoked,1
daggered,1
plasma,4
vertebraes,1
canvass,1
prides,1
poseidon,3
trident,1
bugles,1
blare,3
overseeing,1
carpe,2
diem,5
echos,1
concorde,1
forewarn,1
hemispheres,1
wizardry,1
repels,1
rebellions,1
quelled,1
recast,1
piper,1
one-sy,2
two-sy,2
zig-sy,2
wheelbarrow,2
blackstone,2
rome-ian,1
num'rals,1
higgama,1
jiggama,1
horney,1
cuff,4
clingin,1
"1,2,3,4",1
lense,2
traci,20
underage,1
deathkey,2
violentry,2
matrimoney,2
ncb,2
novascotia,2
chile,2
wul-on-nuh,1
fus,1
leng,1
pim,2
outta-left,1
frankly,4
parlez,2
francais,1
innocently,1
quadrupolar,1
frankengirl,3
artsy,1
anarchist,13
masochist,7
piggish,1
postulator,1
agitator,2
plagiarist,1
satanist,3
masturbator,1
constipator,1
prometo,1
solemnemente,1
bien,2
luchar,1
contra,1
injusticia,1
maldad,1
django,1
revolutionize,1
nightclub,12
playmate,1
matchbook,1
everyway,2
dissappears,1
senselessly,1
decapitating,1
chiselling,1
tampered,1
plundered,1
cadavers,4
loooove,4
oooooohhhhhhh,2
ooove,1
labors,2
swannee,1
waiving,1
mandolin,3
interlude.banjo,1
blut,1
sangre,4
sangue,1
forefathers,2
bravely,2
ravens,16
verdant,2
njord,2
dragonheads,1
sunflower,9
smilers,2
frowners,2
ensnared,3
digitally,1
unconcealed,1
destructively,1
network,3
eliminates,1
rating,1
cynically,1
projectile,1
velocity,4
database,2
killchain,1
buddies,10
hormel,1
jalapeo,1
chews,1
shela,1
plaine,2
fulsome,1
tennasee,1
jerkey,1
ex-neo-nazi,1
rascism,1
neo-nazism,1
sollution,1
aaarrghh,1
neo-nazis,1
cujo,3
telephoney,4
gih,1
jennifer,1
patrick,4
swazye,1
director,1
addijah,3
lara,1
lambada,1
bumba,1
bremerton,31
re-draw,1
bremer,4
tonnnnn,2
tonnnn,2
handrail,1
parental,1
jobe,1
x12,2
thoughout,1
obsessive,4
disaffected,1
obnoxoius,1
perry,5
farrell,1
bitchy,2
exited,1
smashes,2
corpes,1
clump,2
yoo,3
wintery,3
snuggled,7
dissection,7
forks,1
spoons,2
succus,1
shrunken,3
astraddle,1
slade,1
embryo,1
erupted,1
chyme,1
reanimated,1
resound,3
jamming,6
smears,5
staple,3
knead,1
freakshow,2
gallon,4
four-way,1
sanctimonious,4
looping,1
stunted,1
dwindling,1
barn,7
planter,1
baler,1
highschool,2
eightteen,1
dank,1
necktie,1
fellows,1
genereration,1
elenore,15
whadda,1
ha-ah-ah,1
avarice,2
stubbornness,1
stupidity,3
desserts,1
screech,2
literally,8
figuratively,2
vandal,3
hoax,3
caverns,1
unwinding,2
waterline,2
cellophane,3
snuffs,1
fortify,1
caricature,1
mortifying,1
radio-active,1
tolerant,1
makers,2
distort,4
shortens,1
carnivore,2
extremes,6
river-sea,2
privacy,4
toasted,1
egotistical,4
murders,7
deathbells,1
chimes,2
chapels,1
abyssic,1
daemons,2
mala,1
seraphim,4
bronchial,1
acidulous,1
pharynx,1
readying,1
toothsome,1
simmering,1
froth,4
bullion,1
splattering,2
chomp,37
playback,5
jason,8
rubber-drives,1
engrave,1
moniker,1
welts,2
fucken,2
thankyou,2
incase,1
god-man,1
manual,1
stimulation,3
corpus,10
christi,7
ned,4
riverbed,3
houseboat,1
bayou,1
muskrat,4
dryin,2
isi,1
ana,3
transgendered,1
orient-made,1
ninety-nine,6
sympathise,2
fullfilling,1
puppeteer,4
break-up,2
woh-oh-oh-oh,3
shaven,1
personification,1
therion,1
666,20
iniquous,1
ordo,3
templi,3
orientis,3
sodomise,1
obscenity,1
wickedness,19
deification,2
pervesity,1
mockey,1
evocations,1
aleister,3
velis,1
sacrificium,1
offerre,1
meum,1
laus,1
gloriam,2
majorem,1
sinistrous,1
ethical,1
priciple,1
satanakia,1
tarchimache,1
fleurity,1
agalieraps,1
sargathanas,1
nesbiros,1
syrach,1
bechard,1
frimost,1
klepoth,1
khil,1
merifild,1
claunech,1
musifin,1
endeavours,2
selfless,7
half-life,1
whiled,1
solitudine,5
shoobie,6
doobie,16
coven,2
necrovorous,1
disembowel,3
fancied,1
excreeting,1
moshed,1
gory,3
crones,1
innars,1
berries,3
1949,3
kathryn,1
ackers,1
epoch,1
guardians,12
vestal,1
bishops,2
misinformation,7
implied,5
misquotations,1
mightier,1
announcement,4
smoothed,1
bopper,1
chantilly,3
big-eyed,3
ethically,1
decried,1
exploits,2
coerced,1
smokescreen,1
close-circuit,2
containment,2
sanction,3
travesties,3
adjudged,2
uncivil,2
complicity,3
deviant,1
suitably,1
mind-doors,1
loops,2
capitalize,2
aspires,2
squeamish,2
humbled,10
optimism,2
insanely,1
growlin,1
prowlin,1
huma,1
snappin,2
terrify,2
foamin,1
undermind,1
tempers,2
aggressor,14
drugstore,3
mindfuck,1
self-gain,1
instagate,1
temperance,1
flake-out,1
take-out,1
maintains,1
devise,1
distributing,1
contributions,1
chiefs,1
detection,1
terrorism,1
feces,7
cafes,1
restauranteurs,1
patrons,2
revulsed,1
deadlier,1
exacting,1
staph,1
atrocious,2
downtell,1
denyintell,1
tryintell,1
brokenhearted,5
ignores,3
enrich,2
experiences,6
consistence,2
memorize,3
phenomenal,4
unreachable,4
un-thought,1
pluses,1
ingores,1
black-dyed,1
ploys,1
masking,2
deify,2
caprice,1
morsel,1
completed,3
milleniums,2
scowl,1
surveyin,1
watauga,2
bulldozers,1
timber,1
dynamited,1
homeplace,1
relocated,1
18th,2
beleive,2
nauseating,5
stigmatized,2
stigmas,1
sombre,5
reverberating,1
sepulchral,1
accompanied,1
720,1
funerals,5
ecstatic,5
quietude,1
featureless,1
intensified,2
vastness,4
inconceivable,1
brilliance,5
boulder,4
deleted,4
educated,8
regulated,4
punx,1
carver,1
coyote,10
bob-tail,1
fanny,4
lank,2
upsot,2
bob-tailed,1
two-forty,1
treasuring,1
unexplored,1
candyman,1
sheffield,1
moola,1
avenged,5
flits,1
dogma,8
scenester,2
placards,1
feasible,5
affinity,1
big-hearted,1
diatribes,2
dilemma,1
cartoons,1
adverts,1
brands,6
lala,49
generals,3
nuke,3
dyed,4
hyper-spastic,4
reoccurring,1
alri-i-ight,2
niiii-ii-ii-ight,1
hard-hit,1
ri-i-ight,1
hiiii-ii,1
ii-igh,1
ey-ey-ey-eyes,1
alri-i-i-ight,1
ooooooooooh,1
ooooooo-oo-oo-oooh,1
ey-ey-eyes,1
heeeeeeey,1
heeeeeeeeey-e-e-heeey,1
imbedded,1
obessed,1
loins,1
hearth,2
immoilation,1
lifeblood,2
combines,1
compressor,1
smoothly,1
lovesong,1
jackhammerape,1
lolla,2
rollins,8
waltzing,1
signature,1
braking,2
traumas,2
negham,1
tarha,2
chound,2
ourou,2
tamiditine,1
azamane,1
idagh,1
n'eress,1
tossod,1
tissighaftou,1
dagh,1
manet,1
issane,1
awa,1
heggou,1
lipsync,1
thaxton,1
beatnik,2
paisleys,1
liquefy,5
songwriters,1
hodges,1
pettyman,1
tristan,1
hallows,1
translucent,1
apparitions,1
unearthed,2
crossroad,6
patronizing,2
aaaargh,1
disheveled,1
justly,1
avengement,1
romp-bomp-a-chomp,12
romp-bomp-a-stomp,12
levi,11
knights,2
raids,1
oooooooh,10
skrell,1
montage,3
confines,3
sanctify,20
transgress,1
identities,2
vial,6
grievous,3
crystalline,11
fragmentation,1
light-induced,1
separated,8
disintegration,14
re-opened,1
focalized,1
activated,5
perspectives,2
twin-headed,3
sense-infected,1
airtight,2
fellers,1
ruth,5
ba-by,1
cut-throat,1
chuan-tzu,1
"3,000",5
downstroy,2
youm,1
amok,3
outnumbered,11
succeedin,2
respectin,1
cinched,2
firewall,3
oughtta,2
muddle,2
orgasmatron,1
obsequious,1
clandestine,2
paramount,1
grovel,2
sycophant,1
heroic,2
evangeline,2
plaquemine,1
coolidge,1
notepad,1
high-steppin,1
high-soundin,1
marigold,1
marigolds,6
hue,7
forget-me-nots,4
ove,1
hip-hooray,1
riverdales,1
fluidity,1
messed-up,2
fakers,4
piss-takers,1
money-makers,1
psyched,1
backed-up,2
locked-on,1
stoked-up,1
coked,1
afresh,4
jurisdiction,1
prevarication,1
ever-growing,2
muerte,1
hel,3
blanca,1
cavalry,2
nuevo,1
decimates,1
reconquista,1
crematoria,1
corpsestorm,1
seasoned,3
avowed,2
mobilization,2
aphotic,2
unrestrained,3
battalions,3
trouping,1
golgotha,3
oiling,1
opulence,1
calaveras,1
juvenility,1
manouvering,1
stupefying,2
narco,1
dispensed,1
pooling,1
unleashed-cartel,1
commandos,1
active,4
overthink,17
tragically,2
inept,1
greedo,2
amass,2
unwarranted,1
birthright,1
diminishing,1
insecticide,2
toying,1
hushed,1
bum-bum-bum,4
bum-bum-bum-bum,4
bum-bum,5
haah,1
bum-bum-bum-bum-bum,5
oh-oh-oh-ooh,1
oah,1
bum-bum-bum-bum-bum-bum,1
milkshake,17
arrested,4
delivering,6
tussy,3
worster,2
skanky,1
shmock,1
hocks,1
abundant,2
unconditionally,10
twins,5
doin'it,1
kick'them,2
abounds,2
rebounds,2
sock'them,1
mackenzie,1
wigglin,5
keep-a-rockin,1
dismantled,2
ch-chainsaw,1
k-killer,1
l-logic,5
convulsion,1
iridium,2
tactical,1
sorcerers,2
violation,6
odyssey,22
thirtieth,2
realigned,1
materialism,1
mania,4
cks,2
portraits,1
existance,2
nihilistic,2
conceding,2
self-worth,3
introspection,3
yeilds,1
adulthood,1
immaturity,1
bove,2
oar,1
connecticut,2
dazed,7
autumns,2
dissolves,2
cheering,12
luncheon,1
thrusted,1
self-loving,2
yearned,1
agression,2
falsify,1
whit,3
pussies,8
apostles,4
archangel,11
confidants,2
primary,4
conspirators,2
infiltrating,1
theft,4
reigned,2
growls,3
combs,2
backwash,1
eyelid,1
compact,1
kafe,1
kasita,1
kafela,1
gudrune,1
siegfried,1
brunhilde,1
enula,1
compana,1
ambergis,1
incantate,2
philtre,1
pomp,2
anusin,1
atelin,1
amulet,4
angelique,1
barnabas,1
frae,1
lockens,1
newt,2
enchantra,2
endora,2
tabitha,2
esmerelda,2
hagatha,2
poof,2
gladiola,1
circe,1
glaucus,1
sylla,1
coriander,1
vervain,1
damiana,1
henbane,1
incantation,1
sanious,1
clang,3
recquire,1
dampening,2
immersing,1
sogginess,1
sagging,1
embalming,5
abdominal,2
arouses,1
prep,2
vilifiers,1
dinosaurs,13
extinct,7
geneticists,1
supercomputers,1
sequencers,1
yknow,1
hafta,1
capturer,3
lippy,2
legacies,1
heralded,1
midas,1
proclaiming,1
wintertime,11
1010,1
dessicated,1
predynamic,1
hieroglyphs,1
stargate,2
gateway,4
deciever,2
tarp,1
pornographic,4
toll-free,1
sixty-two,4
trickie,2
lawd,9
aroun,2
figurine,3
figa,2
trigga,5
mota,2
trickiebut,2
quickie,2
injustice,4
flushed,4
delude,1
viewed,4
subconsciously,3
exemption,2
perspicious,1
artificial,11
ember,6
aobut,1
a-piling,1
honky-tonk,5
to-a,1
synthesizers,1
angular,1
haircuts,2
keyboards,1
socies,1
heshers,1
vivian,4
haysi,1
fantayzee,1
biblically,2
blag,1
relatively,1
unexplainable,2
eraser,9
groover,2
cooker,1
trop,2
sanitary,2
dishpan,1
ashtrays,2
putz,1
spacier,1
aerial,1
radiance,9
sleep-walking,3
sparklin,12
depriving,1
mortado,6
skewered,1
mondo,1
natives,1
krack,3
introvert,16
carves,3
initials,2
duress,2
keyhole,3
inedible,1
benign,4
applicants,1
elevations,1
financial,1
flights,12
temples,4
ten-thousand,1
unsharing,2
whoa-oa,1
waver,12
f-r-e-a-k-y,6
chaotic,5
inhibition,1
northward,1
enshroud,1
tensely,1
wavers,1
deciding,15
calculating,2
slimmer,1
victor,8
eated,1
nude,3
hang-ups,11
jaybird,2
despotic,2
poisons,8
pestilential,1
haaag,1
versed,2
radiating,4
corrupts,1
forge,6
cognizant,1
ineptitude,1
fixated,1
reconstruction,1
briny,1
frolicsome,1
judy,15
veggies,1
douche,1
evicted,5
modest,4
boggle,1
jiffy,1
grills,1
sickest,3
arsonist,1
unbelieving,1
invitation-only,1
hibernation,1
alde,4
moni,2
devoni,13
disime,1
dore,1
cari,1
sefa,10
deo,3
imperi,3
promess,2
eagerly,4
nh,2
iyeah,2
prolonged,1
cessation,2
immunity,2
lessens,1
relieves,1
energise,2
mature,6
nanana,4
ahnana,4
boldly,6
realease,1
slurring,2
jagermeister,4
chug,35
flings,2
daring,2
drudgery,1
accepts,1
recheck,1
feisty,6
tipple,2
oakleys,1
vibratin,1
unconcerned,1
misogyny,1
homogeny,1
s-s-s-s,1
a-a-a-a,1
f-f-f-f,1
e-e-e-e,7
t-t-t-t,1
y-y-y-y,2
etch,1
terrestrials,2
hyperforms,2
condone,4
sketchy,2
betraying,1
scumbag,2
insurgents,1
reprieve,2
mou,1
kore,1
ijou,1
nome,1
masen,1
ah-yah-yah-yah-yah-yah,2
ah-yah-yah-yah-yah-yah-yah-yah,2
yous,3
omo,41
harmonise,1
comf,2
omoge,5
gbadun,3
crase,1
imara,1
mma,1
eto,2
iyzi,1
pirince,1
okeke,1
mio,1
jagz,1
nwanne,1
ich,2
mmhmm,8
ummmm,2
industrial,14
shizzle,10
nizzle,9
keiva,2
stephens,2
plummy,1
jooky,1
kurupt,1
abby,2
roundblood,1
kiprich,1
ufo,2
vulcan,16
eyebrows,5
beamed,2
bassline,8
shareware,1
fanzines,1
up-up,5
a-pedal,1
a-feelin,1
deport,2
barstool,1
worn-out,8
a-swimmin,1
jennie,1
liam,1
rhythmical,14
swayin,8
frontlines,1
marauders,1
sabres,2
teutonic,5
sleds,1
sharpening,6
profanation,1
whithout,1
unmerciful,3
tragical,1
sadism,2
incoming,4
accusing,3
insinuate,1
stranglehold,3
jab,9
conspiratorial,1
dissuaded,4
jeweled,1
chalices,1
exploiters,1
objections,1
stifled,2
repentant,6
muzzled,6
looking-glass,2
decimator,3
isolaytore,3
broken-up,1
recirculation,1
unhinge,3
sedatives,2
leaner,1
klayton,1
celldweller,2
chokin,8
hey-aaagh,1
nooooooooooooo,1
educate,5
dispensation,3
itiopians,1
binghi,1
inity,1
rosicucian,1
ras-ecution,1
1995,3
stave,1
incursive,1
preservatives,1
sequestered,1
unknowing,4
unseeing,1
spread-eagle,1
swab,1
meticulously,1
grooming,4
clipping,1
blemished,1
endeavour,9
dubious,1
application,1
charlatan,2
timid,3
ghastly,4
countenance,1
rigors,1
prance,1
preen,1
romanticizing,1
toner,1
deceipt,1
kit,4
callously,1
toners,1
blushes,1
extracting,2
forceps,1
peruse,1
sanguinary,2
generally,1
carbonated,1
foams,1
eyesockets,1
sullying,1
ineptly,1
remade,2
fleshy,4
disfiguration,1
innappropriately,1
unmeasureable,1
juicy,6
organizations,2
multinational,2
unscrupulous,2
retouch,1
unmeasurable,1
grandad,1
can-can,2
grandson,1
java,1
clink,6
stephen,9
faggen,1
baggen,1
reet,1
maggage,1
flout,1
jilt,1
rulers,2
goddes,1
drinker,3
three-fourths,1
bitterly,5
bonafide,1
cliche,5
deadite,3
neckbone,2
entraps,1
fashionably,2
fran,1
gallow,3
tape-recorder,1
reactions,3
wagons,2
allison,15
clayton,1
rangeland,1
elk,1
flatlands,1
saw-tooth,1
creeks,2
hoverin,1
a-flashing,1
cabs,2
secondary,3
desks,1
compounding,1
twistin,5
referring,1
linchpin,2
pave,12
inflection,1
owsley,1
l.z,1
crate,2
one-inch,2
dharma,1
particle,1
trill,1
j.m.lyne,1
contextualize,1
servility,1
obsurdity,1
roped,2
spinless,1
barter,1
compile,2
package,8
overall,6
duping,1
guinea,4
presses,2
axel,1
representing,1
wombs,8
astronomicon,2
liaison,1
resistant,2
lesions,2
decharge,1
arockalypse,1
thyn,8
rockoning,1
jokers,1
commissions,1
rubicon,1
republic,3
humm,8
odda,11
brukout,1
nankle,1
rackle,1
cockle,1
hackle,1
galalee,1
stagga,1
shawna,2
criple,1
hotta,6
peppasauce,1
whaddat,1
shuzzle,1
brooding,2
knoxville,9
curles,1
rovin,4
nag,2
pursues,2
choosy,2
nightside,16
wisdoms,3
curling,6
marco,2
kutt,1
lowe,7
yaad,6
fullest,5
keenly,3
l.i.f.e,1
saills,1
advancing,5
divisions,1
ploughing,1
stukas,1
einsatzgruppen,1
heavey,1
calibre,1
mortars,3
barbarossa,1
nebelwerfer,1
launching,1
granates,1
centimetre,1
earthquaking,1
hinterland,1
eastward,1
stalwart,2
indoctrination,2
insufficiently,1
neighing,1
agonized,1
comrade,2
absolved,2
lt,14
ioi,4
j-a-m,2
i-c-a,2
bumbaclat,1
anywe,1
unu,4
jamaicans,12
lif,23
teef,1
streetss,1
hafi,2
sarg,1
theplace,1
lata,1
kiki,5
uu,1
uo,1
sisting,1
gainst,2
seeh,1
quintin,1
sintin,3
rythem,1
facy,1
lik,36
cuse,2
1-leads,1
trhough,1
corspes,1
corses,1
forgivness,1
hideoues,1
trembels,1
rubberband,43
wriggled,1
choo,33
ohooohooohhh,1
doozy,1
twiggle,1
ohwee,1
achoo,4
twiddles,1
a-twang,12
maked,1
crimpin,1
glockenspiel,1
double-speed,1
acoustic,1
tubular,1
musclebound,8
chanter,2
footed,2
telepathic,1
posession,1
ohoo,2
taillight,1
longin,4
pinin,2
mind-blowing,1
class-a,1
disowned,1
stair,1
heart-to-heart,1
a-ah,15
a-ah-lways,15
a-na,1
totality,2
aethyrs,2
necrosis,1
immutable,1
malachite,1
inlaid,1
sado,4
conquest,10
incredulous,1
propagating,1
ingenious,1
drizzles,1
housework,1
gro-groovy,1
peddled,1
darren,2
thrill-seeking,1
thrill-seeker,1
x11,1
qu,37
debauched,1
fuck-fest,1
olympics,2
thill-seeker,1
supplied,2
exaggarate,1
deliquencies,1
deliquency,2
audible,2
notices,4
bombarding,1
fuming,3
smokestacks,1
loomed,1
aloft,1
emancipated,2
mercantile,1
villeins,1
rusting,2
granulating,1
subsisting,1
drudgers,1
disassembly,1
collieries,1
chattel,1
rigid,3
binding,3
thirstful,1
smouldering,1
binded,2
twinkled,1
drowing,1
bottem,1
victums,1
sprying,1
fleash,1
will-be-rising,1
companionship,1
inexhaustible,1
spine-like,1
unconstrained,1
hazetate,1
baron,3
hyhats,1
5000,1
funereal,1
lightnings,1
rafe,1
turbid,2
protects,6
hasten,1
secures,1
impotence,1
clatter,3
q,1
w,3
taints,1
transparency,1
transitional,1
palpate,1
shibboleth,1
nefrarious,1
acceptance,5
repentence,1
deity,12
succour,3
genuflect,11
mammon,1
idiocrasy,1
malfunctioning,1
monarch,1
bewitching,1
fallaceous,1
disingenuous,1
illusional,1
fabricated,3
smotherer,1
slicks,1
degrades,1
desecrates,1
purgatories,1
pleadin,1
pinning,2
oly,2
incomprehensible,2
backache,1
fortunately,2
humiliated,1
liability,2
stout,3
portuguese,2
screechy,1
accent,5
vincent,12
steely,2
craw,3
exclaiming,1
uncontainable,4
untameable,3
storehouses,1
conceals,1
fathom,6
incomparable,4
unchangeable,3
precepts,1
province,1
tarantula,1
deliciously,2
powerload,2
gesture,4
broadcast,7
discordant,2
plodding,1
discredit,1
discerning,1
quitters,1
pue,1
genocidal,1
pitch-black,5
magnetically,1
slashing,8
lulled,3
keep-a,1
you-a,1
dab,4
trouble-proof,1
amharic,8
teached,4
dealers,4
gunpoint,1
heartland,1
gaelic,4
thiarna,11
trcaire,20
chrost,10
troicara,2
separatists,1
hierarchy,1
inglorious,2
accordingly,3
hastens,1
fringes,1
nation-led,1
columnists,1
disrespected,2
rearrangement,1
aheadand,1
excepting,1
babylook,1
patriots,1
patriotism,2
agreements,1
unmask,2
annulled,1
constitution,1
oh-so-humble,1
duppy,14
floss,6
plagiarism,1
unappreciation,1
apologized,3
vanflip,1
ba-ba-ba-baa,2
radiate,1
dense,4
nana,39
nananana,11
ginseng,1
enforcing,1
pheromones,3
amalfi,2
wildly,2
hypnotising,2
unuseful,1
delights,3
accustomed,3
regiment,3
lint,3
submucosa,1
serosa,1
lubricate,1
anally,2
ingestion,1
digestion,1
absorption,2
nitrients,1
salivate,1
studies,1
physiological,3
squirts,1
t-joint,1
amateur,9
parameters,1
goddamned,2
anthropophagic,2
copromania,1
undigested,1
epithelia,1
hepatitis,1
coprophelic,1
copromantik,1
coprpheliac,1
pathomaniac,1
schooling,1
straighter,1
cesspool,1
fess,2
thinning,3
incompetence,3
trifling,1
motherless,1
god-damned,1
aneurysm,2
idiocy,4
stoop,5
extorted,1
humbleness,1
nee-yeah,1
we-yes,1
kahalu'you,3
tuesdays,6
kalo,1
dving,1
okana,7
see-yes,1
rosco,1
eastside,9
waimanalo,1
kailua,1
kane'ohe,1
waiahole,1
kahana,1
hau'ula,1
punalu'you,1
smog,1
reassuring,1
hostess,1
cancelled,2
m.o,2
yearly,1
bashin,1
thrashin,1
stinky,3
diluting,1
craves,1
falsest,1
moderation,2
persuasions,1
dissension,1
whir,1
brochures,6
assorted,1
suss,1
trest,1
good-night,2
future-promises,1
power-decay,1
stalingrad,5
guyldness,1
roamed,10
saddles,2
armours,1
unforgotten,1
divers,1
surfers,1
weaks,1
pratice,1
specified,1
incapable,6
supernova,13
duracell,1
sadie,5
hacks,2
buggies,1
burying,2
jericho,30
thomasville,2
eggnogs,1
mulled,1
backpedaling,1
cornmeal,1
crusifix,1
masacre,1
smug,2
opportunist,4
basks,1
d.a.r.e.d,1
cul-de-sacs,3
xanax,4
ativan,1
pessimism,3
inspirations,1
admissions,1
helper,4
thornton,1
tamara,16
g.g,1
ramones,1
mtx,1
grooviest,1
hazed,2
tightened,1
spiteful,2
rancor,1
awed,1
minions,3
wares,1
dogma-soaked,1
intransigence,1
effigies,2
surveys,2
godlike,4
oratory,1
architects,3
unswayed,2
reprobated,4
doctrine,6
salting,2
artifice,2
unrefined,1
changesor,1
worldmy,1
worldis,1
shakeup,1
shakedown,1
understandno,1
gooutrageous,1
talkoutrageous,1
mouthoutrageous,2
unchanged,7
thred,2
yeaouh,1
badi,8
primrose,1
lorelei,1
harbour,3
stallions,2
galleons,1
90,8
inward,2
awakenin,1
infections,2
deviation,1
evaluate,1
ti-i-i-me,1
mi-i-i-nd,1
fi-i-i-ne,1
mi-i-i-ne,1
tangerine,13
ahhhhh,17
aaaaahhh,1
aaaaaaaaaah,1
life-long,2
damnated,2
allright,1
upheaval,3
pathos,1
dogmatism,1
canonize,1
populi,1
debasing,4
anti,18
validation,7
masochism,2
excommunicate,1
narcissism,6
overcompensating,2
dingbat,6
dumbness,1
flowered,1
keepsakes,2
mondays,8
ruthlessly,1
majored,1
balboa,12
ohooh,1
torero,1
sharpener,1
swallower,1
clamor,1
unceremoniously,1
mounting,1
gauntlet,1
axehandle,1
notched,1
negation,3
they'er,1
33,2
59,3
take'them,1
78,2
ladle,1
nit,2
othapedic,1
afghan,1
pokin,3
pecker,1
knowwww,1
hennessey,5
spars,1
nighs,2
bandmind,1
bad-ah,1
i-i-i-i-i-i,1
knowww,2
corruptist,1
slew,2
goliath,2
dowwnnnnnn,1
spar,3
freeeeee,1
sooo,4
beee,1
kamikaze,3
clog,1
color-tortured,2
winded,5
self-resentment,2
desdemonamelia,6
retriever,3
deplore,2
yeehaw,2
aloneness,1
decisive,2
orgasmic,1
trgger,1
indulge,2
cover-up,1
meshing,1
agreeing,1
buh-buh,2
do-re-mi,5
arithmetic,1
t-t-t-teachers,1
coolant,2
picky,1
cheyenne,11
perpendicular,5
17th,1
27,4
elem,4
towed,4
double-decker,6
double-wide,6
icemakers,1
refrigerators,1
subwoofers,1
escalator,2
x6,3
weakling,2
opressed,1
joys,4
4am,4
clubbing,1
coarse,5
watt,1
re-solicit,1
epidemics,1
self-disgust,2
unbuckling,1
fives,5
fourteen-inch,2
mops,3
noting,1
wussup,1
keith,4
standstill,7
insert,2
fondles,1
jabbing,1
eye-slashing,1
tp,2
cumming,2
teethmarks,1
tatooed,1
morns,1
splendour,3
palid,1
dabita,1
badadabita,1
gerbil,8
petting,5
richard,6
gere,1
lube,4
burrow,8
gerbils,1
beyone,1
crowbars,1
pliers,2
commited,1
gerbicide,1
yeaaaaaah,1
ramp,10
junglists,2
ology,1
siberiaaaaaaaaaaaaaa,1
nongs,1
disallow,1
wooi,1
bwoii,2
cautiously,5
nowdays,1
woah-oah-oah,4
rock-happies,6
woah-oah,9
lou-ou-loud,1
overlooking,1
homebody,1
coupledom,1
inwards,2
reciprocate,3
ex-lady,2
investigator,1
astaire,2
submissive,3
defies,1
gaining,5
decreased,2
retain,2
oh-woah-yay-yay,4
assurance,2
foretaste,1
matchsticks,1
enslaving,3
enthroned,3
realities,4
tempera,1
mores,1
portas,1
inferi,1
sleepwalker,8
defends,2
cooke,3
laughtrack,1
sentiments,2
autistic,1
strides,1
cognicide,1
mistruths,1
mistruthts,1
x-51,4
transmit,4
x-fifty,2
bareback,1
atheron,1
charon,1
yound,1
poorest,2
corny,5
husky,1
halle-fucking-lujah,1
prevails,3
avail,5
tongs,1
welted,1
tyrannicide,2
bloodthirst,4
verming,2
crucifixial,1
rupture,1
repellant,1
gutwrench,1
lard,1
ska,6
skankin,2
arranging,1
housetop,2
tito,1
doolas,3
brawta,6
charter,6
woii,21
bloodclaat,7
issey,6
miyake,6
gleaner,3
remington,2
supa,1
flinging,1
cricketa,1
wats,1
whiteall,1
everett,1
demself,1
maada,1
deisel,1
deivel,1
winta,1
bloodcloth,1
missa,1
sixpance,1
tyrical,1
guerrilla,1
crestline,1
rednecks,3
powerpoint,1
payed,5
rent-man,1
3x,3
pepe,7
peu,7
dictating,1
outdating,1
ga-ga-ga-ga-ga,6
hayloft,4
a-creakin,2
long-johns,1
a-creeping,4
longjohns,1
bedheads,1
ga-ga-ga-ga,7
penitent,1
grovelling,1
renunciation,2
nocturnally,6
vale,5
hooves,9
forbes,4
artie,3
angelina,10
pitt,1
ho-ho,1
katrina,1
darn,4
dunkin,1
delegates,1
twentys,1
tens,4
bens,1
bracket,1
recession,1
whatup,1
cam't,1
different'rent,1
weighting,1
undefeted,1
champeen,1
outsized,1
unparalleled,3
v.impressed,1
whereas,1
stabwounds,1
detectable,1
stabwound,4
107,1
andromeda,1
disenchanted,4
d-dance-dance-dance,8
o-off-off-off,6
surges,3
combing,3
rembrandt,1
cod,2
ashville,1
revenuers,1
1954,1
maynardville,1
g-men,1
roadblocks,1
pike,1
bearden,1
stagnate,2
insignficance,1
rat-race,1
self-indulgence,2
preoccupied,3
commiting,1
second-guessing,2
wholesomely,1
constructs,1
yugoslav,1
swede,1
boxershorts,1
hockey,4
veggie-junk,1
superchunk,1
boule,1
miat,1
fiat,1
soccer,3
sailingboats,1
silverfox,1
pennybridge,1
belgrade,2
t.o,1
zed,1
parallax,1
unscrew,1
coop,2
deadlock,1
roust,1
ultra-violent,10
bolshy,3
viddy,3
diesirae,1
malchicks,2
bezoomi,2
irae,7
devotchkas,2
droogs,2
bolnoi,2
besoomi,1
deceptions,5
scums,1
d-d-d-d-dirty,7
deadbolts,1
dirtier,1
posi-tion,1
d-d-dirty,1
artisans,1
enlight,1
mystified,8
salted,4
dutiful,1
knmfmdm,1
kmfdm,11
r.you.o.k,1
attak/reload,2
depeche,8
sperm,2
back-back,6
ussa,1
kraut,1
disobedience,1
rebels,5
kontrol,28
engineering,2
ingenuity,1
conceptual,1
continuity,2
mort,1
d.i.y,1
amamos,8
overstate,4
enshrine,1
benighted,1
pigeonhearted,1
enrage,1
mesmerize,3
ventriloquism,1
well-camouflaged,1
elegance,3
pointlessly,1
cinder,2
luggage,2
nr,1
leonia,1
bottomed,8
stiffness,1
locality,1
debutante,1
gearshift,1
lorna,2
doones,1
addijahiem,1
pimpin,5
wat,3
caant,1
insi-ide,3
permeated,1
emanating,2
impurified,2
h-heartbeat,8
phobia,1
riff,1
afloating,2
terrestrial,2
new-born,1
untrodden,1
hovered,2
vagrant,1
marvelled,1
withess,1
skis,2
gerenation,1
super-glued,1
incessently,1
platforms,3
candied,1
straightjacket,1
7-11,1
3am,6
memorizing,2
robotically,1
non-existant,1
exculsive,1
shitless,1
fisted,1
assed,2
grubbing,1
jabbin,1
sniffling,1
groveling,1
moaning,3
spirals,2
breathlessly,2
synapses,1
nutopia,1
rafters,7
capitalist,3
humanities,1
imposed,7
conspiracies,1
proportions,1
rectally,1
buildup,1
articulation,1
installed,1
irrigation,1
purchased,1
biologically,1
primacy,1
withdraws,1
conflicts,1
comfilcts,1
stylistic,1
estimations,1
sideline,2
unkempt,2
tantrum-fueled,4
abrasiveness,1
convenience,5
blunted,8
trauma,20
ingrown,4
objects,3
lessen,3
digested,3
benefactors,1
deafens,1
positively,3
postive,1
imaginations,1
despising,1
ramming,1
toture,1
prairie,3
pitchfork,2
trios,1
big-ass,1
harts,1
nonexistent,1
victorys,1
whistlin,4
la-da-da-da-da,1
vegan,2
mung,1
succulent,1
gluten,1
lentils,1
turnip,3
bulgur,1
tofurkey,1
tofuck,1
whopper,2
alfalfa,1
hobos,3
tumor,3
tumor-tumor,1
ever-floating,1
reconnect,4
eras,5
creators,3
heroes-heroes,1
proudest,2
virando,3
costas,3
ao,3
mundo,3
orgulhosamente,3
glria,3
antiga,3
volta,4
ns,3
alma,7
announce,3
dride,1
lusitanian,1
heady,2
c-you-p,1
juxtaposition,1
supplication,1
familial,1
cruciform,4
indescribably,1
aberration,1
mmh,10
fictionalize,1
bouncers,1
nazis,1
coaches,5
reptile,20
heimlich,4
maneuver,2
restarts,3
zyklon-b,1
halted,5
historys,2
miserys,1
icbm,1
detonation,1
trinitrotoluene,1
expenditure,1
munitions,1
mesopotamia,1
infrastructure,2
decades,3
sanitation,1
shrapnel,1
shard,1
truckloads,1
cementing,1
bombers,2
suicides,1
drab,1
intil,1
archetypal,1
festival,2
stripy,1
fortnight,2
gratify,1
prisons,3
godfiend,2
verdicts,1
olsson,1
bergh,1
predicted,1
joes,2
barbies,1
wiffle,1
hacky,1
robbers,11
chutes,1
tac,1
rogers,1
olly,2
oxen,1
peek-a-boo,1
cooties,1
looney,1
buckin,2
relieveo,1
cheerios,2
abc,4
k-i-s-s-i-n-g,1
ohuhohuhoh,1
sparkled,3
painlessly,2
incident,3
angleworm,1
reinstate,2
hard-earned,1
ten-fold,1
avails,1
congress,3
starseed,8
improvise,2
b-sec,2
knowingness,1
barbarian,2
cornholed,1
thay,1
proclaimers,3
culinarily,1
macabre,4
colonies,1
contracted,3
overlooked,3
botulism,1
intensilies,1
trichinosis,1
diagnosed,3
seafood,2
thoroughly,1
inspected,1
debris-ridden,1
jellity,1
revulsion,1
asphyxiation,1
slame,1
corious,1
cannibalized,1
squishes,1
squirms,1
wigglers,1
gayer,3
microtones,1
backbeat,1
syphilitic,1
visage,3
pustule,1
dribbling,1
labia,1
panting,2
menstrual,1
wafting,1
tortues,1
nasal,1
musty,1
dermatological,1
sanguined,1
papules,1
twat,1
menstruated,1
voraciously,1
ohm,4
tummies,1
ch-ch-ch-ch-ch-ch-ch-ch,1
shigh,1
bicycles,2
carer/killer,2
absorbing,2
sur,4
single-file,5
cooperate,3
serenades,1
lapped,1
red-eyed,2
winked,2
tom-cat,2
tomcat,3
a-slippin,1
minneapolis,1
farmers,2
mandela,2
mets,2
rioting,1
compressed,1
foolishly,3
jacki,9
caboose,2
wining,6
bulge,1
nightie,1
hermaphrodite,3
yeast,3
tighty,1
whities,1
mesmerise,1
nihilism,1
realeased,1
lagan,1
lily,2
love-sick,1
lennan-shee,1
shieling,1
lorn,1
dooring,1
bogwood,1
undertones,1
hurl,2
albion,1
surveillance,3
confederation,1
dispossessed,1
bemused,3
spectre,3
nocturna,1
exhales,1
detachment,4
blanketed,1
bertrand,1
burgarat,1
silouette,1
unplug,3
bubblebath,1
..........,1
woloschuk,1
afoot,3
curs,2
stifles,1
rejects,3
estranges,1
rejoined,1
nightstand,8
petered,1
inquisitor,1
lodged,1
contradictory,2
textbook,1
unopen,1
delays,1
dirtied,1
vaccine,6
jumpdafuckup,4
frequencies,2
muthafuckaaaaarrrrrgggghhhhh,1
goddam,2
nodding,1
gnawed,1
vestals,1
jill,3
9mm,2
brrrah,1
furrow,4
braces,2
oddballs,1
scruffy,1
develops,2
akin,3
dams,1
ceaseless,9
flagrant,4
assassinated,1
wrongful,1
feign,1
apricot,2
feathering,1
srceam,1
okies,1
emancipator,1
iceberg,3
mischievous,1
ha-ha-ha-ha,3
nourish,1
tamers,5
decembers,3
bio-readouts,1
materialistic,3
chorus/fade,1
cockroaches,1
fulfilling,2
transient,3
bratitude,20
latitude,5
platitude,4
aiyaiyaiyai,3
maybes,3
rat-tat-tat-tat,1
bratz,3
psychopath,4
baja,1
microphones,3
memento,5
highlife,1
narrow-minded,1
dimmed,1
doombringer,2
priorities,3
condoned,1
sax,1
hike,3
retrieved,1
funhouse,1
wha-wha-what,1
k-kind,2
eh-eh-eh-eh-eh-eh-eh-eh-eh-eh-eh,8
telephonin,4
bubb,6
r-ringing,1
winterlands,1
riverines,1
silvermoon,1
ramblings,1
unnacceptable,1
discourse,4
self-blame,1
intertwines,1
cinema,4
bakes,1
sprinkly,2
icing,2
a-living,1
diplomatic,1
chatterley,2
roller-coaster,1
deceivable,2
informed,1
bulletin,1
bluer,2
doubtful,1
evades,2
shawls,1
avid,1
sows,2
cruella,2
horace,1
jasper,1
elegantly,28
gaunt,1
christened,1
hellacious,1
loveliest,6
regional,1
strolls,1
disturbance,2
deceivin,1
pocket-suckin,1
agrowin,1
avalicious,4
rectified,1
loosing,6
amplify,4
pigeons,2
ached,1
stone-faced,1
bleary-eyed,3
one-woman,1
29,9
thawed,3
flurries,1
external,2
lafitte,2
constance,2
dreamcastle,1
pinful,1
hollar,2
gunsmoke,3
virginity,4
dred,1
dredder,1
anner,1
co,3
stated,1
coulder,1
musically,2
a1,7
danite,1
pea,1
benji,2
uneased,1
voyeur,1
x-sex,1
minorities,3
caramel,4
dimulants,1
stimulant,2
connections,6
terf,1
printing,1
parole,3
digress,2
misconstrued,1
conquests,1
slapping,3
double-talk,1
adamant,1
precede,1
lucre,1
slow-killer,1
lenient,1
oversight,1
facade,6
dect,1
mouthing,2
berates,1
transported,3
barker,3
foolishness,2
y'see,5
t'other,1
nudge,3
wheedle,1
budge,2
blighter,1
year-old,4
johanna,2
contrite,2
blames,4
repented,1
turpin,1
reilly,4
seasonin,1
extradition,1
43,3
jackdish,1
derelicts,2
sneakin,3
timbers,1
creakin,1
combats,1
equity,5
dumpster,1
majesties,1
moonless,2
evocation,1
vapors,3
grendel,1
gilgamesh,1
dickinson,2
prairies,1
marimba,1
emenations,2
glowin,4
cielito,4
lindo,4
muerto,4
whathedo,1
blesses,1
blackmail,3
comical,5
sombody,2
xoh,1
shure,1
lonley,2
transparencies,1
orchestra,2
reliability,2
guttersnipe,6
distorting,5
ooooooh,13
gibraltar,2
fatality,3
motorbike,19
1952,1
cafs,1
mcrae,1
adie,1
red-headed,1
nortons,1
greeveses,1
ariels,1
swooping,2
grinspoon,1
stilll,1
homosapien,1
barometer,1
adorers,1
philosophers,2
sculpture,2
dreamworld,2
water-eyes,2
populace,3
transgressions,1
convey,2
whittled,1
callus,1
speckle,1
seedling,1
planting,7
timelessness,1
interaction,2
auroral,1
nebulous,1
soulwinds,1
blackwinged,1
snowfall,8
ravenwinters,1
melancholic,2
sojourn,1
beauteous,1
mage,1
emblazoned,1
effluence,1
demonworlds,1
head-hun-terz,3
hardheadz,1
headhunterz,1
berith,1
dimness,1
coercive,1
observance,1
oppressor,2
unchallenged,2
gibe,1
abhorrent,2
bleareyed,1
metaphysical,3
envoy,1
puzzel,1
symptomatic,2
thesis,2
scientist,3
jinx,1
amorphous,1
cataract,1
licentious,1
roller-skated,1
skates,7
roller-skate,1
a-crowin,1
sourwood,1
diddle-um,2
foller,1
creaks,1
incompatible,10
yoke,1
insensible,1
eaaaaw,3
pop-songs,1
moulded,1
weaves,3
glades,1
r,1
respecter,1
sicarii,4
diasporadic,1
misappropriated,1
neoteric,1
shoah,2
nazarenes,1
vaticide,1
sculpturing,1
ensanguined,1
tallit,1
magen,1
pigmentation,1
amortize,1
nakba,1
masterminding,1
purging,2
ore,3
indefinitive,1
ramblin,4
rambler,1
chestertown,1
albany,2
pittsburgh,3
inferorum,4
cainian,1
consecrated,1
oslo,2
chainless,6
mindflight,1
featherless,1
ot,6
blackhole,1
invulnerability,1
gallantly,1
magnitide,1
profused,1
impoverished,3
desolated,4
scraggly,2
gatherin,3
exhilarating,1
infuriating,1
rampaging,1
infatuating,1
exaggerating,1
indiscriminating,1
reawakens,2
generated,2
gemmation,2
willingness,1
clearness,3
anagrammatize,1
gurgled,1
schmuck,1
honorable,5
dotes,1
peelin,5
lappin,2
cli-tar-es,1
charabanc,1
bummer,5
skewer,1
mm-hmm,19
first'un,1
buzzard,1
lope1,1
dumbfound,1
outspoken,2
imbalance,1
dioxin,1
propelled,1
dispel,1
transforming,1
aquatic,2
inhabitance,1
interfering,1
economise,1
provocation,1
noh,5
wrinkles,2
getty,1
whe,6
refine,5
coulee,1
migrants,1
hogs,1
beet,1
tormentor,3
pare,1
gut-munching,1
geometric,2
no-good,2
protocol,2
pod,5
celestial-bound,1
athens,1
wights,1
pitchblack,2
dyonisus,2
chanted,2
ventures,2
naxos,1
owed,6
vested,1
partys,2
cj,3
leena,7
mush,2
squirmed,1
coroner,1
forensic,3
lavage,1
autopsy,2
bloodbath,3
sowed,3
deduce,2
indicating,1
coins,7
toddler,2
wam,2
prefect,1
mam,2
hopelessness,1
itbe,1
scious,1
trol,4
ure,1
liquify,2
unrepentant,10
emitting,1
testyifying,1
aaaaaaaahhhhhhhh,1
pixies,2
dorado,1
braced,6
keepers,1
patron,5
whizzin,2
baptised,1
deterred,1
portals,1
well-schooled,2
outgoing,1
requirements,1
tommorrow,2
complainin,5
concede,7
self-defeating,2
songbirds,1
oatmeal,2
raisins,1
lox,1
bagels,1
atheist,2
siphoned,1
unhallowed,3
shoebox,1
sepia-toned,1
mango,16
manipulations,2
smiths,1
fuzzed,1
diogenes,1
zeno,1
cynical-cal-cal,2
cynical-cal,2
dr-dr-dr-drop,2
reoccur,1
ambiguity,1
unquestionable,2
voracity,1
delineated,1
assimilate,2
framing,1
weaved,2
incinerated,1
rejoicing,2
slumbers,1
haa-oh,1
muh-haa-oh,4
muh-haa,1
haa,7
oh-ah-oh-oh-oh,2
mobbin,1
etcetera,1
opps,24
offin,1
murderin,2
personified,4
hoo-ooh,1
hoo-hoo-hoo-hoo,1
jacques,1
cousteau,1
duds,1
grippin,6
girth,1
sharpshooting,1
untrusting,2
suppertime,2
shimmered,1
expectancy,1
innovate,2
frenetic,10
amnesic,10
lamborghini,9
princesses,1
freezy,2
tastin,1
plush,1
sporty,4
bubblegum-pink,1
bossy,1
alonso,1
papi,7
defibrillate,1
gurney,1
1,4
7,2
9,3
styx,2
puking,3
butchery,1
temerity,1
confects,1
infantile,4
spumous,1
crubescent,1
developed,3
sprouted,1
martilinear,1
cordon,1
salubrious,1
midden,2
tins,3
sate,2
desparental,1
primparal,1
squabbling,1
suckling,1
sprains,1
sporulate,1
chimerical,2
rheological,1
chymes,1
fluxing,1
defleshed,1
paedophilosophical,1
illegitimeat,1
domesticated,2
contumely,1
ebullient,1
mounts,3
despumation,1
desipient,1
segment,2
pertaining,2
dispatch,1
minion,1
sherman,2
lightweight,3
superlove,26
outhouse,1
nutbush,15
molasses,2
tchez,1
dtre,1
rentrs,1
clair,1
lune,1
parce,1
qu'alors,1
devient,1
vivante,1
plough,1
baleful,2
knaves,1
peasants,5
blanche,4
mysteriously,1
marsh,1
maldiction,2
moonrise,1
identified,1
lammendam,1
smoothest,1
emulsify,1
amorous,1
tammy,3
wynette,1
fykes,1
turnpike,3
opry,6
bluerry,1
ernest,1
lester,4
flatt,1
quel,4
dommage,4
spacing,1
heartbroken,21
akiss,1
xanadu,25
depraving,1
wizzy,3
ehhhhh,1
girlll,1
aniko,1
oya,53
omalisha,1
halina,1
yarinya,1
iyawo,1
aya,4
ji,1
ni,35
ko,34
unwelcome,2
pious,1
harmful,2
reviewing,1
notable,1
mcgowen,1
burlingame,1
mannn,1
wildflower,4
oooooooooh,3
looooonely,2
yooooouu,8
yoooooouuu,4
dooo,4
yoou,1
substitute,3
tute,1
bygones,5
chantin,1
enchant,1
heng,2
hotthead,2
actuality,3
letdown,5
empty-handed,5
catch-22,1
pouncing,1
dappled,3
dove-white,4
sathan,3
secretion,2
dupont,2
jackin,9
amenities,3
k.o,27
about-face,1
5094,1
concourse,1
koozie,3
cabbie,4
baitin,1
senorita,1
coconut,4
todeh,3
rememba,3
spanna,1
banna,1
dulce,1
granma,1
mintsing,1
tempest-tossed,1
journeys,3
tj,3
mckinley,1
dewdrop,2
pristine,2
trepidation,3
brandished,1
forearm,1
assailants,1
tracker,2
array,1
pilling,1
monochrome,7
abscence,4
everthing,1
mochrome,1
regality,1
omphalos,1
grove,5
kingship,1
gallia,3
antumnos,3
ambicatus,2
beacons,1
prospered,1
hercynan,1
alps,5
thereee,1
sticketh,1
seethes,3
devotions,1
convictions,1
sweatpants,1
atari,3
sleepover,3
he-man,1
she-ra,1
chipping,1
suffa,1
ethopia,1
haffu,6
wuss,5
mange,5
all-age,1
creps,1
rope-in,1
gyow,2
richa,2
stitchie,1
auras,2
respawn,1
repeal,1
cranes,2
sallying,1
augur,1
lyre,1
sibilant,1
behest,2
outcry,1
josephine,25
seriousness,1
half-deaf,1
composer,1
napoloeon,1
elba,1
1815,1
polk,9
alligators,3
a-workin,2
granny,11
straight-razor,1
heh-heh,1
watermelons,1
templars,10
scepter,3
shunned,3
diy,1
wonderous,1
optimistic,3
gotcha,3
ane,2
identification,2
pathologist,1
intenacious,1
intersecting,1
reaving,1
griskin,1
sodden,1
gelatine,1
brayed,1
groats,1
triturated,1
desinently,1
exsiccated,1
glutenate,1
brewed,2
frivolous,1
solvent,1
derogate,1
despoiled,1
truculent,2
shambles,2
extravasated,1
boneas,1
pellucid,1
quietusnocuosly,1
mucilage,1
vapours,3
comminuted,1
lissom,1
shambolic,1
exsanguine,1
espritsnorted,1
rheumic,1
foreverbonded,1
slaughterous,1
la-la-la-la-lies,22
tombstones,4
undelivered,1
booties,2
manowar,14
cowering,2
warren,1
buffett,1
yeti,4
110,3
powerball,3
lotto,8
a-sitting,1
doo-doo,15
eah-eah-eah-yeah,2
dow-ow-ow-ow-own,2
isaac,2
envisioned,1
ill-mannered,1
psychologically,1
jargon,3
audacity,1
analysis,3
antidisestablishmentarianism,1
layman,1
continents,3
clambering,1
furrows,1
rifts,1
persuades,1
gardens,8
quietness,2
eeeh,7
plantain,2
boyfriend/girfriend,1
muffler,1
alrightwas,1
enoughi,2
towas,1
unplugging,1
co-heir,1
misdirected,1
marian,1
fav'rite,1
heroic'ly,1
tingled,1
gloamin,1
cottage,1
iowa,1
interested,7
shakespeare,2
lehrer,1
miscellaneous,1
momentarily,2
symposium,1
circumstances,5
recognizable,1
antimony,1
selenium,1
nitrogen,1
rhenium,1
neodymium,1
neptunium,1
germanium,1
americium,1
ruthenium,1
europium,1
zirconium,1
lutetium,1
vanadium,1
lanthanum,1
osmium,1
astatine,1
protactinium,1
indium,1
gallium,1
iodine,1
thorium,1
thulium,1
thallium,1
yttrium,1
ytterbium,1
actinium,1
rubidium,1
boron,1
gadolinium,1
niobium,1
strontium,1
samarium,1
bismuth,1
bromine,1
lithium,1
beryllium,1
barium,1
holmium,1
helium,2
hafnium,1
erbium,1
phosphorus,1
francium,1
fluorine,1
terbium,1
manganese,1
molybdenum,1
magnesium,1
dysprosium,1
scandium,1
cerium,1
cesium,1
praseodymium,1
palladium,1
promethium,1
potassium,1
polonium,1
tantalum,1
technetium,1
tellurium,1
cadmium,1
calcium,1
curium,1
californium,1
fermium,1
berkelium,1
mendelevium,1
einsteinium,1
nobelium,1
argon,1
krypton,1
radon,1
xenon,2
rhodium,1
cobalt,1
tungsten,1
ha'vard,1
discavard,1
chocolate-covered,2
ha-ah-ah-ah-ah-ah-ah,4
acquitted,1
high-speed,2
could't,1
separately,3
adversity,2
v1,1
v2,1
v3,1
bowing,3
ill-fitting,1
ta-da,1
ta-da-da,1
impersonator,5
rubbin,1
proppa,1
cur,2
engages,1
star-struck,2
starbucks,1
skipped,9
dazin,1
hoouse,1
baibe,4
pisses,1
supports,2
beachside,1
excites,2
kick-ass,2
tb-303,2
launched,1
seaweed,1
mis'ry,1
poorself,1
that,2
croop,1
impro,6
tones,4
when,1
renewed,2
diego,5
sacramento,2
fransisco,1
leelandhere,1
213,1
kenneth,1
hahn,3
brea,2
fook,1
chow,2
mein,12
werewolves,14
amuck,1
mayfair,1
lon,2
chaney,2
jr,3
trader,1
vic,1
openly,4
alkaline,2
pussyhole,7
alka,6
fuckery,5
fah,4
demedecus,1
mumes,1
taleno,1
sacadeo,1
tucosma,1
diablos,1
ideush,1
deady,2
leady,2
d'even,4
bumbohole,4
squaddy,2
rasclaat,1
stabby,1
tastee,1
sym-pathy,1
uuh,1
holiest,1
congratulation,1
huggins,1
popcaan,7
shortly,4
sah,5
cree,1
toppings,1
believa,1
overdrawn,1
stevie,3
ma,5
swi-swi-swing,2
famed,1
meme,13
wacky,3
nan,1
pinging,1
pionner,1
eleph,1
renif,1
atta,1
rapstasy,11
jumbo,2
shapeless,2
asics,1
chatterbox,1
where,1
fidget,2
jen,5
healty,1
by-laws,1
briefly,3
endlessness,2
trustworthy,1
d'ya,1
384,1
electrocution,3
motherf,11
hiiiigh,2
xtc,12
loooveeee,7
chico,28
hmmhmm,1
hott,1
bar-ren,1
bro-ken,1
lon-ger,1
spo-ken,1
a-round,1
bruns-wick,1
wesley,1
michaels,1
tamar,1
bowcat,1
chesback,4
bowsie,4
shabba,2
livety,1
raga,4
daga,4
dap,5
frock,5
oppressors,1
catash,1
dovecot,5
southy,1
junie,1
greg,1
christie,1
raba,1
chon,1
dixies,1
dyings,2
okey,1
jamie,21
arh,1
al-right,2
babi,1
0oh,1
complexed,1
naa,6
naaa,2
carnt,2
arnt,1
rh-me,2
wannt,1
erh,1
ten-ton,2
pur,1
acceding,3
affirmation,1
politics/policy/conceding,1
lifeguard,1
sl,11
dums,2
convent,3
nun,5
burglar,2
disbelieve,1
nooks,1
crannies,1
benedictine,1
revoir,3
founder,1
pontoon,2
benzedrine,1
budgerigar,1
snores,1
moanings,1
stilly,1
clunking,1
cloister,1
crinoline,1
sprinting,1
wimple,1
m'am,1
resaon,1
supn,3
allot,1
ohchi,1
riu,1
veranda,3
unrequited,9
ferte,1
noctem,1
animam,1
meam,2
illustrent,1
stellae,1
viam,1
aspectu,1
illo,1
glorior,1
capit,1
nox,1
cantate,3
vitae,1
canticum,2
dolore,1
actae,1
dicite,1
eis,1
quos,2
amabam,1
nunquam,1
obliturum,1
weathers,1
abut,1
abounding,5
stil,1
every-single,2
caney,6
sutra,5
grimly,1
dwindles,1
shedded,1
t.k.o,6
coe,1
stocked,2
white-tail,1
racks,48
son'bitch,6
ralph,2
hick,4
peterbilt,1
icc,1
67,1
ponytail,3
clovers,5
re-rute,1
meds,11
obstacle,4
leek,1
wana,1
adidas,3
multivitamin,1
zoning,2
unconditional,9
brockton,1
nottingham,1
lindau,1
skopje,1
limburg,1
bretagne,1
cardiff,1
zrich,1
reeperbahn,1
roomn,1
acquiring,1
yuhself,5
frankie,10
dada,53
f.p,5
heav,1
everyweh,1
maaga,1
g.c.e,1
bodyguaaaaaaaaaaarrrdddddd,1
bmw,1
thespianic,1
abode,2
annihilates,1
redesign,4
realign,8
red-shift,1
bathes,1
space-gap-space,1
phased,2
incumbent,1
carcinoma,1
refluxed,1
realization,29
inhabited,1
continuation,1
anomalies,3
internalized,2
unbelievably,1
insatiably,1
punishing,1
placeholder,1
electron,1
inter-dimensional,2
belts,1
flapping,2
mongol,4
mythic,3
kilometers,3
attributed,3
troopers,12
faked,3
chromastic,4
trapaulin,4
bawlin,3
bankwork,2
ainsworth,2
bankbook,1
drumpan,1
sultan,1
sieve,1
riverton,2
dumpland,1
starti,1
gyallis,5
shandy,1
colla,1
cranby,1
wull,5
merl,1
st.andrews,1
nugg,1
grands,2
hto,1
vent,6
crates,2
manages,1
r.o.c.k,1
zoso,4
peacemaker,2
sunrays,2
hindus,1
yup,5
givers,1
brethrens,2
tween,1
cowers,1
legged,1
bankers,1
a-toiling,1
sit-down,3
novacaine,1
cerebellum,1
nicole,2
beaker,1
macerated,1
container,1
underture,1
cacophony,1
perversely,1
transposed,2
garishly,1
resonate,7
death-throe,1
thresh,1
scripted,4
orchestral,1
vehemently,1
concertos,1
cordial,1
disinterred,2
sinewy,1
frets,1
productivity,1
sorbid,1
handicrafts,1
handicap,1
crescendos,1
dynamics,1
barred,1
dampened,1
fingered,1
death-bells,1
recitals,1
funereality,1
metres,1
ethereality,1
sextant,1
and,4
homesick,7
onassis,1
spap,1
spa,3
pap,2
blindfolds,1
pinkomega,2
stoges,2
dumplings,10
pre-k,1
cubby,1
dunnie,1
preteens,2
whoops,3
homegrown,1
handheld,2
sony,2
loosie,1
xanny,6
poonani,1
tissues,3
yapping,1
imitator,1
taser,1
whn,16
usain,11
nokia,1
furlong,1
cockey,10
cuffs,1
flirts,1
shutdown,3
evacuation,2
downed,3
ventilated,1
three-fifty-seven,1
halle-lu-jah,7
hallelu-jah,2
jubilee,2
a-smokin,1
unequal,2
surpassed,2
ailment,1
triggered,2
innate,2
queries,2
offending,3
windspitting,1
high-brow,1
pc,1
piss-poor,1
pointin,2
anticipated,3
conch,1
teary-eyed,3
haggling,1
sums,1
mono-culture,2
stumptown,1
portland,5
consensus,1
corporeal,1
corrals,1
livestock,2
slaughterhouse,3
heffers,2
steers,2
recycling,9
fiscal,1
cabaret,2
reynolds,1
scrawled,1
sired,1
unburden,2
well-a,1
drizzlin,2
canebrake,1
oats,2
plee,1
upward,2
grandpas,1
parakeets,1
autonomous,1
bat-like,1
mercilessly,1
prayerslook,1
walkca,1
thinglook,1
walki,1
youbut,1
thingas,1
fees,2
pensioner,1
council,5
multinationals,1
bailing,1
converter,1
bonus,1
merger,2
quarantine,8
everlongtonight,1
sangcome,1
sangand,3
sangbreathe,1
pizzle,1
heyhey,2
hey.hey,1
halleluyah,2
decale,3
sagasige,1
akilibre,1
faro,1
decale.decale,1
krikata,10
somunto.somunto,1
kalopere,3
theyear,1
theway,1
kd,2
haba,1
faroke,1
ekili,3
breekili,1
bre,1
faroke.ah,1
ahhhhhahahahaaa,2
horsemen,2
deduction,1
tannest,2
drier,4
hawaii,12
publishers,1
publishing,1
users,1
4:59,1
sponsored,2
grey-green,1
freer,2
allows,10
free-born,1
hocked,1
youooooohhooh,4
well-fed,2
youooooh,2
cid,1
shepard,3
oo-oo-oo-ooh,24
slammer,3
tarnished,3
mamita,1
melvitto,1
656-547-853,7
dialing,8
amarachi,2
truth/curse,1
paragon,4
pariah,7
detested,3
ataraxy,1
aphasia,1
fadeout,1
bpm,3
clubbin,2
fky,8
puy,4
goodas,2
gaal,2
brazier,1
pear,1
youuuu,1
youuu,1
niceee,1
brght,1
yearnings,1
mind-hive,4
fractals,2
i'ts,2
munu,2
berjask,1
bnum,1
verask,1
systrungar,1
sifjum,1
spilla,1
leika,1
mms,1
synir,1
mjtur,1
kyndisk,1
inu,2
galla,1
gjallarhorni,1
skelfr,1
yggdrasils,1
askr,1
standandi,1
ymr,1
aldna,1
hrask,1
allir,1
surtar,1
sefi,1
gleypir,1
ih,1
confirming,3
swells,5
frays,1
gloryland,4
burched,2
acne,5
alrigth,1
chimpanzee,3
allways,1
uuuuuuuuuuuhh,1
uuhh,1
uuuuhhh,1
uuuuuhhh,1
uuhhhhhh,1
verifies,1
pepperoni,1
uuuuuuhhhh,1
uuuhhhh,1
uuhhh,1
burchedthem,1
englebert,1
humperdink,1
shrinky,1
dink,1
tard,1
enlarged,1
you-you,9
defining,1
intervenes,1
jessica,3
plotted,2
a-comin,2
whip-poor-will,2
jessie,4
summerbass,23
will-will-will,3
yum-yum-yum,3
willyum,12
skiro,1
bio,3
deepy,1
yegose,1
athena,1
mentnia,1
confered,1
susu,8
staba,4
pidgeons,2
releasely,2
shaltive,1
binny,1
cheminy,1
littlely,3
dumpties,1
tananananuu,3
addictive,1
awhoee,1
tanaananana,1
tananaaaaaa,2
tananana,1
tanananana,3
tanaaananana,1
tananan,1
tanananan,1
countrymen,1
angeline,4
monterrey,1
steinbeck,1
e'en,1
methodists,1
thrice,5
idears,6
purty,1
frowned,1
gusher,1
x9,1
illegals,1
helm,1
bum-per,2
tweet,23
kotch,4
twerk,18
lop,2
sitdown,4
juniors,1
savored,1
1899,1
newsies,2
peddlin,1
pulitzer,1
hearst,1
pape,1
flaring,1
recede,3
predators,3
grayness,3
bades,4
attire,3
aye-aye-aye-aye-yeah,1
itbut,1
victimless,5
bohoo,1
glam,5
yeahy,1
introverted,1
dodging,9
routes,5
somewabefupanudin,1
tussling,4
placebo,7
synchronization,1
decoding,1
rewarded,3
aghetti,8
battle-shield,1
heavenward,1
allah,2
torah,2
imprison,1
fuelling,1
scripture,7
sarahs,1
lax,2
jails,1
74,3
asheville,3
pisgah,1
ian,1
chuckle,1
mando,1
lowkey,11
peat,1
horry,1
cocana,1
piped,1
rrr,3
stankin,1
cameraman,3
over-impatient,1
number-one,1
seni,1
istiyorum,1
yaklas,3
yanima,3
sakin,4
korkma,4
sana,4
hastayim,4
anlasana,4
bunu,2
bana,3
yakla,1
blissfulness,1
pass-aggressive,1
cultivate,4
whoa-oh-oh-oh-oh-oh,8
nonbelievers,1
stillwater,1
love-locked,1
dent,3
thugger,2
ysl,1
yung,3
shad,1
flexin,15
skeet,4
bestie,10
ttg,3
fleek,14
swagonometry,1
bumble,2
groceries,4
supplier,3
meagan,1
helicopter,8
niece,2
37,1
sigel,1
forcin,1
d'uss,2
s.l.i.m.e,1
boolin,1
dora,16
waddup,1
bup,3
consecration,7
circumvent,1
hell-bent,2
instilled,1
organism,2
gimp,2
desensitized,1
snip,1
cremaster,1
testes,1
corona,2
unsheathed,1
urethra,1
dysphoria,1
hysterectomy,1
pubis,1
erections,1
grafted,1
operations,6
birth-given,1
overpopulation,1
perineal,1
puncturing,2
excavating,1
con-fi-dence,5
conman,1
underlining,1
imposition,1
repertoire,1
tyrannical,1
closed-down,1
carrier,1
teacup,1
sposed,8
nivea,1
thuggish,1
cherie,2
callow,2
x,3
knowingly,2
ozon,1
milkman,2
banji,25
b-a-n-j-i-i-i-i,3
sharaya,1
b-a-n-j-i-i-i,4
nominee,2
bonita,1
2-lita,1
l-look,1
ovah-ness,1
bugga,1
mutt,1
unh,1
mhmm,21
twerkin,7
surfin,2
b-a-n-j-i-i,1
spazzing,2
techy,2
bothering,6
cringing,1
escalating,2
tightest,5
crotches,1
ne-yo,2
brassier,1
holland,2
barns,4
outddor,1
peacocks,1
bunnies,2
scummy,1
dog-tail,1
moles,1
topaz,1
ollie,3
illustrate,4
unfelt,2
involuntary,1
overlapped,1
rods,2
rote,1
succumbs,2
shalalalala,9
samuel,1
defqon,5
mind-set,1
gull,2
eyesores,3
fared,3
stilling,2
un-burned,2
un-turned,1
chuggin,3
drownin,6
intriguing,2
fresher,1
enigmatic,1
heaviest,1
sleepers,1
timbre,1
cohesion,2
upwards,5
homeward,11
dialogue,3
repentless,4
amplified,6
clearest,6
undermine,1
half-a-way,4
memes,39
contraptions,1
ignited,7
sprouting,2
kiefer,1
josiah,1
scurlock,1
bonney,2
emilio,1
estevez,1
romatisize,1
mytrs,1
is,9
formal,5
mescaline,1
gonnae,1
twenty-cent,5
bordering,2
mel,1
waiters,1
sease,1
nards,1
dokken,1
lemmy,1
mole,1
man-o-war,1
bater,1
noser,1
nickleback,1
co-pilot,1
osbourne,1
norway,1
krokus,1
mohel,1
halford,1
lightbulbs,1
observations,1
speculation,1
junkies,4
igned,1
polls,1
lord-lord,5
yes-yes,1
bellbottoms,15
alrightcreep,1
schoolhouse,1
elsedaydreaming,1
alrightits,1
godaydreaming,1
carol,14
spade,8
quickiebut,1
takeoff,5
j.r,1
woooo,1
yaka-yaka,1
wooee,19
cruff,3
whorey,2
corey,3
abuser,2
wel,1
freshed,1
wiver,1
amputee,1
smutty,1
alcatraz,2
frog,4
ribbit,10
grr,4
dumbbells,1
foolsih,1
nitwits,1
intellectuals,1
ineffectuals,1
nietzsche,2
schopenhauer,1
immanuel,1
kant,2
blithering,1
blither,2
francesca,2
classification,1
fairy-tale,1
great-looking,1
sillygirl,1
toogirl,1
knowyou,1
foreverso,1
hersbet,1
boutso,1
foreverand,1
organize,2
loveeee,4
modda,2
ceraese,1
thatyea,1
unlimit,1
er'day,1
fourin,1
floorin,1
snorin,1
ohhhi,1
connectors,1
bristled,1
crystalled,1
god-soaked,2
fatals,1
scanned,1
zones,3
heirlooms,2
doppelgangers,1
rowboat,3
duluth,1
swat,2
wizzes,1
pesky,1
liven,1
bulky,1
stuborn,1
swish,17
jass,1
ack,1
tonights,1
bights,1
high-top,5
inhuman,2
textualize,1
sexting,1
cotton-eye,23
midwinter,1
shunting,10
tidmouth,11
cheeky,5
toots,4
edward,4
steamies,1
topham,1
hatt,1
concerning,1
blenda,1
gossamer,2
dolphin,2
alicia,3
featuring,1
cozier,1
tyree,3
cooper,3
trooper,3
house-rap,1
axt,2
booy,1
perpetrating,1
understad,1
flickery,6
tripply,7
visioning,7
promoter,2
wellthis,1
willshe,1
welldo,1
coul,1
slip-up,1
overcame,2
a-paintin,1
purtiest,1
twirled,1
playhouse,1
bernadette,4
battyman,5
goodly,4
peppa,14
bearings,2
airbag,1
clappas,4
slackas,1
backas,1
plump,1
gunbutt,1
culvert,1
lass,3
highshool,1
guardi,1
conair,1
carpetbag,1
hookah-smoking,1
who-ole,3
who-o-ole,2
wake-ups,1
fresh-mown,1
adventureland,1
tricksters,2
magicians,1
snakecharmers,1
babia,3
idolize,8
marred,2
self-infliction,1
dual,1
volitions,1
juxtaposed,1
explicit,1
peut-tre,1
une,1
prochaine,1
fois,1
dtour,1
d'un,1
avec,1
quatre,1
grammes,1
l'sang,1
mec,1
bonne,1
soire,1
pascal,1
physicians,1
legalized,1
mid-december,1
uncork,1
heeding,3
2.06,1
re-begin,1
woooh,1
bestest,4
cameo,1
audition,1
headshots,1
awards,3
se-xy,4
gi-rl,4
ayy-ayy,18
hieroglyph,1
immured,3
o-o-o-o-oh,14
o-o-o-oh,18
rougher,2
quakin,1
ooohe,19
makeba,41
che,18
oohe,12
ecnad,6
ydob,6
sekam,6
abekam,16
ehoo,6
teg,6
nac,8
alleb,6
ehc,5
ehooo,5
rof,3
tomes,1
iconic,1
respire,1
unaltered,1
faiths,1
igneous,1
eremitic,1
gospels,1
gloaming,2
falsity,1
laments,2
repudiated,1
oh-oh-ooh-oh,1
comas,1
sundress,8
cornfield,1
rewinds,6
bleachers,2
mischief,2
impetuous,1
touchdown,5
colosseum,1
youngin,3
trappin,1
italians,1
medallions,2
75k,1
muh'fuckers,1
benzo,2
collectin,2
go-o-o-o-o,4
baby-yeah,1
baby-a-aha,1
belief-system,2
unflinching,1
gleeming,1
sediment,3
bloodred,1
uh-oh-oh-oh,1
mi-i-i-i-ind,1
stereo-oh,1
zippers,1
homework,4
crushin,5
wooaahh,1
replicate,4
yeeaahh,1
desiring,1
weaponized,3
nightworld,3
glided,1
fakin,19
moldy,1
outworn,1
despondent,2
correspondence,1
resorted,1
merchants,1
assistance,2
sixpence,1
cavalrys,1
outlast,3
chick-a-plao,1
half-mast,1
apprenticeship,1
hamilton,2
essays,1
camaraderie,1
bravery,7
entrust,1
dismisses,2
second-in-command,1
whee,1
monmouth,1
evryone,1
lafayette,1
plantin,1
laurens,1
half-remembered,2
irreplaceable,9
unmistakable,3
fuckwit,20
recording,3
dud,1
lifesaver,5
ceasefire,12
auto-timer,1
alas,6
heartlessness,1
trickles,2
threnody,2
carapace,2
longlasting,2
vastly,1
burries,1
quilts,1
nobodys,6
neared,2
slow-oh-oh-oh-oh,4
busier,1
near-death,1
replays,2
well-intentioned,2
predicting,2
barometric,1
reeds,3
lea-ea-ea,3
housebroken,1
racket,7
a-flapping,3
assumed,8
isolators,2
panda,3
kerr,4
zoovile,1
toolie,6
t-turn,1
dodie,1
petit,6
dangereux,9
toi,6
comme,3
t'as,3
cherch,3
mais,3
suis,3
celle,6
bamboo,30
collateral,5
free-for-all,1
uuh-uh,7
constants,1
horridness,1
plunged,3
recognising,1
payments,2
viable,1
regaining,1
reframing,1
devine,1
tidy,1
tweaking,2
unequivocal,1
materials,1
sloganeers,1
nouveau,1
minority,4
squish,2
mixture,2
thepop,1
drip-drop,1
c-c-c-crazy,1
noisy,3
reciprocation,3
sycophantic,4
socratic,1
purples,4
la-na-na,7
exes,10
oh-ah-oh-ah,2
oh-i,14
woo-ooo-ooo-woo,1
picturing,5
til-uh,4
super-hottie,3
hilfiger,1
stallin,4
simpin,1
ohh-ohh-ohh-ohh,1
disappoints,1
cabling,2
permeating,3
regimented,4
engaging,2
patters,5
cusack,1
plaid,2
notoriety,2
collingwood,1
ever-familiar,1
melbourne,3
sensi-mi,1
skinner,1
crossfire,8
crossfi,2
uh-uh-uh-uh-uh-uh-uh-uh,2
uh-uh-uh-uh-uh,2
uh-uh-uh-uh-uh-uh-uh,1
numerology,1
theology,1
telekinetic,2
chin-checkin,1
impressionist,1
double-helixes,1
instrumental-ness,1
firebomb,1
accomplice,2
approval,8
akira,3
backbones,2
krylon,1
gangrene,1
sing-song,1
sticks-and-stone,1
tention,1
sixteen-line,1
hybrid,12
vigils,1
persons,1
mother-loving,1
wohohohohoh,9
breakable,1
thrivin,5
surry,10
echelon,2
humpbacks,1
narwhals,1
blop,1
schizo,1
celibate,2
ewwwwwwwww,1
radiator,3
abuses,1
premises,1
nooses,1
pusses,1
cam,8
spanked,1
mini-golf,1
fuckboys,6
fax,2
camels,1
microwave,6
joji,1
categories,1
culinary,2
enfolding,1
fundamentally,1
sick.but,1
circustance,1
markings,1
everywheres,1
olive,1
porsche,9
severina,11
true-ue-ue-ue,4
promoted,1
storing,1
ally,2
homeliness,1
rehash,1
ououlalalala,20
ououlalala,2
ououou,2
ophelia,8
brennan,1
distracts,1
guestroom,1
angela,5
volvo,1
venue,3
eternities,1
outshining,1
uncompassionate,1
anesthetized,1
supermodel,4
stabber,2
crasher,2
caster,2
lydia,8
begs,3
swimwear,1
going-to-the-pool,1
simplify,1
grapple,1
scaffolding,1
hasselhoff,1
dismantling,1
cheesiest,1
mangling,1
cheeseburger,2
khaleesi,2
overacting,1
seating,1
baggie,1
nekkid,1
aggie,1
humpin,1
himalayas,1
grown-ups,3
whelps,1
stinkin,1
scuttle,1
arbiter,1
infects,3
sororicide,1
apostates,1
mutate,1
defect/comply,1
josh,2
pogo,8
pago,1
fondness,1
mutts,1
sinnin,1
pantomime,2
poetical,1
flanagan,1
fifty-seven,1
dublin,14
maher,1
hawking,2
dockers,1
buskers,2
ragmen,1
maureen,1
kiely,1
farrelly,1
donahue,1
feckin,1
pornstar,2
thrax,2
stowed,1
hairpin,1
narrator,2
hungrily,1
cawing,1
willingly,3
magically,1
tailfeather,8
bumboclaat,6
pumpum,5
ig,2
involve,1
g,2
khalifa,12
meditated,6
mathematics,1
fortified,5
layer,4
self-importance,3
do-do-down,21
healin,6
chubbier,1
catharsis,1
51,2
garment,5
vigorous,2
sankey,2
maxfield,1
zodiac,3
necessities,6
afterthought,2
firefighter,1
defective,1
thinker,1
talkative,3
grimiest,1
connoisseur,1
pterodactyl,3
adderall,2
jeez,2
herbivore,1
manipulating,3
hillary,1
estrogen,1
nippies,1
mammoth,1
vids,1
intrigued,2
two-shots,2
nay,2
walled,2
well-meaning,1
transformation,2
tenacity,1
workmen,1
detonate,4
sushi,1
obits,1
reviews,1
grinners,1
money-colored,1
nuggets,1
revenues,1
spyin,1
ayyy,12
maleeky,1
whyne,7
gba,7
farabale,1
tiwa,3
ri,35
tyre,2
baka,3
chaley,1
genevieve,1
panama,4
solider,3
weighted,3
transfigure,1
heredity,1
overthrows,1
sojourner,1
pledged,1
spectacles,2
adoption,1
fostered,1
racists,1
windless,1
wilting,1
exotic,1
l-love,4
a-anytime,2
yesterday-day,1
yesterday-day-ay-ay-ay,1
pg-18,1
curtsy,1
pic,18
bingo,35
mays,1
am-i,15
whereabouts,2
overactive,2
retrograde,7
hellraising,1
a-pounding,1
yiy,1
stonelove,2
colouring,9
crayons,17
mussa,1
j-14,1
harvested,1
implant,1
depict,1
paedophilic,2
necrophilic,1
defiler,1
incestuous,1
bassinet,1
immature,4
paedophiles,1
unjustified,1
mistreating,1
seeping,4
sphincter,2
snag,1
scrawl,1
xoxo,1
ja,39
backshot,6
punani,7
doggystyle,1
caah,1
hasta,2
vista,2
milipee,2
walapaa,2
pulupoosilipee,2
colopum,2
ala,2
yalapaad,2
belepes,4
fulupuk,4
sheetspread,1
dex,1
siv'-ing,1
freakness,1
deploy,1
ferocious,3
servitude,6
romancing,1
ever-dying,1
lke,1
sunburned,1
cosmo,2
presidental,1
rolly,1
hustled,1
boba,1
popstar,1
steff,6
exhilaration,2
curving,1
scandal,2
soured,10
carelessly,2
opp,10
l-l-lick,1
ahoo,1
voots,1
taxed,1
yea-ea-eah,4
brine,3
latched,1
death-grip,1
credible,4
hurling,3
socially,2
raper,3
statistically,2
ledger,1
byte,1
arouse,1
refreshing,2
shallows,2
reputations,1
glancing,1
a-wastin,1
complacent,14
dappy,3
back-to-front,1
deer-in-headlights,1
mutants,1
sued,1
shindig,2
up-tight,1
so-and-so,1
d-down,3
continuously,1
ingesting,1
harvesting,1
putridity,1
harnessing,1
inseminator,1
foetuses,2
cesspools,2
slaved,1
harlots,2
monolithic,1
birthspawn,1
elysian,1
grandeval,1
galriarch,1
ruinous,3
hideously,1
blasphemian,1
misspoken,2
sorceress,2
awaited,3
adapting,2
harvester,1
resentful,4
caretaker,3
indicators,3
mull,1
concerns,4
imploding,3
ketch,9
tyson,2
john-crow,2
buffy,1
pablo,2
manolo,1
flexing,7
aerobics,3
overs,1
pole-less,1
collieeee,1
collie,25
marvely,3
pollen,3
distinct,2
poli,5
sensimina,2
colli-i-i-ie,1
sinsemilla,1
commissioner,1
sensi-sensi,3
sen-si-miii-noww,4
dally,1
poli-iii-i-eh-eh,1
sensi-mi-now,2
indica,3
sensie,1
gettho,1
dodged,1
gya-a-al,1
gluuuee,4
budo,1
tenses,5
tensing,5
abrasive,2
providing,2
believeth,2
gatorade,1
elitist,3
nationality,1
cul-de-sac,1
marketing,1
vlog,1
autobiography,1
hardwired,6
why-why,6
189,2
1527,2
castel,1
sant'angelo,1
capitulation,2
papal,2
commendation,2
heartstrings,8
superglue,1
carmelo,1
othello,1
ap,1
trayvon,1
mermaid,2
mermaids,2
bangs,4
madre,1
prophesy,3
possessin,1
body-jump,1
yarmulke,1
strobes,1
witcha,4
humid,5
balmains,5
pink-gold,1
lemonades,1
undetermined,1
wrongdoing,1
aether,3
retained,3
predetermining,1
clergy,2
delphinus,1
selachimorpha,1
dinoflagellata,1
chelonioidea,1
cetacea,1
ecosystems,1
do-in,1
resources,3
sustainability,2
unobtainable,1
rental,3
syd,1
ventually,4
facelift,3
vacay,2
tabs,2
redbone,1
s-solo,2
boxers,1
evaporated,1
handmade,4
gushy,4
shooters,6
nani,2
quaalude,1
akh,1
kumbaya,6
28th,1
acura,1
discs,2
boswell,1
reverends,1
shoney,1
congo,4
shive,1
blonded,1
uppers,3
intruder,11
evolved,2
cruder,2
sumn,4
st-st-stiff,10
sprems,5
bissy,5
romp,3
slappa,4
macka,2
slacker,2
choppa,16
increate,1
deployed,1
inverse,2
joules,1
snapback,1
messi,4
raas,1
bram,3
cyah,33
deadlines,2
lidung,1
come-a,2
color-coding,1
battleground,3
reptilian,2
encrypting,1
succumbing,2
shape-shift,2
sumerian,2
de-luvium,1
monarchs,3
vatican,2
subjugate,5
ah-haa,3
multiplying,4
fireworld,1
hundred-and-two,1
wherewithal,1
tonality,1
chromatically,1
4736251,1
borrowing,2
imagery,3
unfound,3
charred,2
provider,1
divider,1
heavns,1
whateer,1
attendeth,1
regarded,1
toughen,2
magnified,4
palest,1
sheepish,1
jackass,1
drop-off,1
mussi,17
kwaff,1
blak,1
ryno,1
kickoff,1
moviestar,1
chopstick,1
mopstick,1
stylist,2
mixtape,2
predestined,2
controllable,1
falsified,1
wil,4
spec,1
squeeling,2
wankers,1
innerself,1
vilified,3
hineni,12
middle-class,1
cmon,20
selfies,7
to-do-do-doo,9
straightened,2
baggies,2
endin,7
eyy,2
ehhy,1
explorer,7
four-year,3
coordinate,1
lard-a-mercy,1
yessings,2
b-lines,1
rootique,1
sheep-like,1
backsliding,1
ex-experts,6
focussed,1
chattels,2
trashion,1
retentive,1
tink,4
fras,1
photocopies,1
spiel,1
spud,1
frig,1
bullshite,1
uncouth,1
un-pc,1
travelcard,1
ooooooo,1
oooooo,1
na-na-na-na-na-na,26
halibut,1
sagged,1
fairground,2
byways,3
ohh-ohh,6
ohh-ooh-ohh,3
non-criminals,1
wrongly,2
vacuumed,1
incarceration,3
judiciaries,1
monetary,1
allocating,1
progresses,1
physician,2
sociopathic,1
chumpy,2
abels,1
scarecrow,2
tin-man,1
one-word,1
shorting,3
ballets,1
cakes,2
stargaze,1
dreamgaze,2
devised,1
homophobia,2
manifestation,3
robed,3
theologists,2
regressive,1
legislative,1
exposes,1
allies,3
hunters,5
defamation,1
libels,1
propagandists,1
perpetrator,2
demonized,1
legitimized,1
syndicated,1
repudiation,1
self-determination,1
sedates,1
pharmacy,3
klonopins,2
triumphed,1
medicinal,1
r-i-s-e,2
r-i-o-t,1
cassava,2
corna,2
cellie,1
charger,3
eyeball,4
squall,2
kfc,1
vacate,1
melbrook,1
detour,2
celly,3
bumpa,3
annuh,2
yout,1
strikers,1
sitn,2
lumber,2
yeaer,1
gasoline-y,1
z-z-z-zero,1
b-b-body,1
xans,32
p.o,3
yoop,1
grayer,1
scrubbin,1
pjs,1
picture-perfect,1
quoting,1
spics,1
chinks,1
mongoloids,1
lesbians,1
donald,18
skrt,11
nudies,1
watcha,2
pinkie,3
gopher,1
prra,1
rra,2
ehn-eehn,11
iyeee-eeh,7
no-nooo,1
aaaiyeee-eeh,8
eeeh-eeeeh,8
eeh-eh,6
iye,32
ogo,32
ka,13
anyi,8
nke,8
adi'go,19
ife,11
bank-alert,6
gbagam,6
badam,6
eeh-eeeh,1
iyee-eeh,2
mu'na,1
ke'bi,1
humh,1
emmanu,1
odiri,1
zi,1
imakwa,1
ogim'bi,1
n'imakwe,1
efizzy,2
nji,2
imakwo,1
di'ndindi,1
you-oou-ou-ooou,1
eeeh-eeh,1
stingy,1
sabi,5
britiko,1
kokoroko,1
sebi,1
tori,2
ge,8
gele,2
skontolo,1
sotey,1
pe,30
meji,3
bayi,7
veni,1
televise,1
2016,4
idecash,1
rappa,1
endz,6
bushmaster,1
chatty,3
quako,1
9x,2
gadget,1
socket,1
shoob,1
20-16,1
cremate,2
shorn,2
peepshow,1
dollar-sign,1
god-less,1
say10,17
baptize,3
nah-nah-nah,22
serotonin,3
kristen,3
adfrift,1
pathways,3
kokopelli,1
fickle-minded,1
geko,1
faaji,6
eko,13
shaye,3
03,1
yawa,3
n-o,12
t-o,8
r-i,14
you-s,6
hardheaded,1
uncontrollable,2
chaotically,2
proportional,2
reloadable,2
cove,4
tricking,1
guile,3
planing,1
twelfth,1
entropy,2
troublemaker,7
shaker,6
whooooo-ooo-ooh-oh-oh-oh-oooh,1
gestalt,2
walt,2
sloganeering,1
nascent,1
tesselation,1
arena,1
ringtone,3
mikes,1
voidoids,1
abbreviate,1
longish,1
sort-of,1
breakneck,1
slippers,2
experimenting,1
deny/deprive,1
breathe/increase,1
ring/reek,1
transit,2
powered,4
headbang,2
g-checkin,1
l-a-m-e,1
associate,1
fifty-nine,1
coastline,5
experimentation,1
miscalculation,1
excision,1
bermensch,1
cranking,5
neurachem,6
impervious,1
deficiencies,1
synaptic,1
redline,1
transplantations,1
corneas,1
prolongs,4
stimuli,1
milliamps,1
trade-offs,1
eh-oh,2
so,3
whateva,2
chacha-cha,14
yaya-yah,14
nana-nah,2
delly,1
ranx,2
website,1
spragga,1
capleton,3
sizzla,1
kutchie,3
ruddie,1
craigtown,1
seaview,4
cults,1
reverence,2
one-eyed,1
freaky-freaky,8
bashy,7
cicilyn,1
jacqueline,5
crockery,1
nadinola,1
booti,1
liddy,4
raggedy,1
enhances,1
interactive,1
sonnets,1
southside,11
iggin,9
bih,2
codeine,15
yota,1
overzealous,1
poorly,1
frenchman,2
scotia,1
posting,2
orphan,9
cellphones,1
bobbing,2
are-you,6
m.a,1
hentai,16
uber,16
midlife,1
pastrami,1
penises,3
willies,1
boob,1
slots,1
nickelodeon,4
headquarters,1
this-this,1
inquiry,2
zoey,2
jennette,1
mccurdy,1
pedo,1
mrrr,1
mrrrr,1
schneider,8
sitcom,1
icarly,2
ariana,5
hyundai,2
brunch,2
lizzie,2
mcguire,1
vaginer,1
bynes,1
rabies,1
all-black,6
brady,3
ha-ha-ha-ha-ha-ha,1
pedophile,1
sexualized,1
30s,1
disclaimer,3
10:30,1
thrifty,1
zipped,1
sills,2
demeanour,1
peck,1
swooned,1
eloped,1
cordoned,1
swerves,1
refrained,1
buryin,3
wishe,1
morningstar,1
stargazing,7
tickey,2
1901,1
undertaken,1
uncompahgre,1
camps,1
gunnison,6
maxwell,7
zagadat,3
eazi,2
baboon,3
abeg,3
aaahhh,3
ahn,10
mxm,3
douala,2
cameroon,2
validly,1
throath,1
feening,1
moonshine-sipping,1
avoids,2
is-his-name,1
demodulated,1
omniverse,1
devolutionists,1
demoralists,1
liberationists,1
inbreeding,1
precursors,1
purged,1
mammalian,2
transfused,1
assembles,1
unsympathetic,1
projecting,1
reformulated,1
scrapes,3
acolyte,3
sulkin,4
ebbin,4
inhibited,4
coralles,1
soundproof,1
clotting,1
climatic,1
skeptical,1
typhoon,23
grabba,7
bluddah,5
rah-ta,9
ka-kah,12
rah-ka-ka-ka-ka-rah,1
kingstonee,1
a-go,5
rah-ka-ka-ka-ka-rahh,3
kobe,3
tump,1
da-da-da-don,1
ta-ta,3
ta-tah-ta,1
ta-ta-ta-ta-tah,1
finder,2
bleach/bitch,1
vivisection,3
teaches,2
augh,1
sum'n,1
goosebump,1
kickback,3
mus,1
sharmain,1
managing,2
evened,3
unmade,1
slow-dancing,1
intentionally,1
lazily,2
jaywalk,1
occupying,1
huh-huh-huh,1
percocets,21
yee,7
cets,1
compromisin,1
biscayne,1
foreigns,14
promethazine,1
prometh,1
calamari,1
theodore,1
lenses,2
theo-dur,1
freebandz,1
matic,18
brawlers,1
seet,9
headfirst,3
paperbacks,1
cbd,4
anty,1
four-hundred-dollar,1
wades,1
benumbed,1
sprawl,1
dreamless,2
eat'cha,6
grinnin,2
bitch-slapped,1
capitol,3
windowspace,1
sada,2
t-t-t-take,2
darth,2
vader,2
jedi,1
lightsaber,1
daywalker,1
rerun,1
smirking,3
knowcan,2
ghana,3
waakye,2
shito,3
ohweh,1
manipulators,1
elevators,1
agrophobia,1
infernos,2
exhaled,1
degrade,2
outnumber,1
underneaths,1
trusters,1
returners,1
dismentioned,1
disgathered,1
outfine,1
cobwebs,6
leathering,1
prosper-termed,1
mirrored,2
translates,1
old-timers,1
crutches,1
moat,1
magdalene,1
forgives,2
leander,3
uh-ooh,1
whoa-ooh,2
zick-v,2
generosity,2
spasm,1
suggests,4
secrete,1
dmt,1
remand,4
tramadol,1
citadel,2
malady,2
verzache,1
juvenescence,1
oh-ayy-ah,6
entombs,1
conduit,2
laps,7
shibuya,1
rodman,1
turnt,6
2017,2
actavis,1
issa,7
sleet,2
theirselves,1
cosign,3
amex,3
mastercards,2
collabs,2
thousand-dollar,3
functional,1
parading,2
papaya,1
bathrobe,1
wisely,4
ba-da-ba-da-ba-ba,8
carlos,1
shelters,2
gobbles,1
swampy,2
rear-view,1
brautigan,1
recurring,3
blindsided,2
minded,10
bigot,3
cityscapes,1
foreheads,1
pianos,1
showering,1
lingerie,2
sauntered,1
hazel,4
hidalgos,3
galveston,13
contemporary,1
god-knows-where,1
allowances,2
counterfeits,2
parmesan,2
downin,2
analysts,2
paystub,2
tetris,2
pm,4
man-man,4
photoshop,2
pryor,3
paged,2
evian,2
ted,2
ayy-ayy-ayy,2
netflix,4
jit,2
welkin,1
saturnine,1
imploded,1
enthralls,2
periastral,1
scarless,1
gashed,1
follower,1
foyer,1
thun,24
th-th-thunder,16
woah-oh-ohh,2
boozers,1
juddy,1
memorable,2
graft,1
coat-tails,1
reciprocates,1
well-timed,2
insignificant,2
finishes,1
dervish,1
scheduled,1
completes,1
ageing,2
grad-school,1
bagman,1
pill-head,1
big-sized,1
little-big,1
invaders,7
retires,1
dusting,1
maslow,2
tch,2
perdon,1
ladyboy,3
slams,3
mira-miracle,16
terminally,2
indie,2
remindin,2
becomin,1
eyein,2
pannin,1
spazzin,1
love-lo-love,2
meteor-induced,4
anesthetic,4
i-i-i-i-i-i-i-i,1
spa-pace,3
fe-fe-a-a-a-ar,1
spa-a-a-a-a-ace,1
low-key,14
rose-colored,10
oooaaww,1
eeehhhooo,1
mega-cemetery,1
lachrymose,1
anfractuous,1
awww,1
ewwwh,1
diablo,3
ric,1
fiji,3
hm-hmm,9
somedays,4
hermann,2
hesse,2
home-made,1
shivving,1
jago,1
bionic,1
sicken,1
unbeleave,1
warmest,2
wrappers,6
yip,1
s'mores,1
gummy,1
inform,5
dirtyin,8
warranty,9
leavers,1
cheaters,4
morrows,1
deafened,1
chateau,6
bo-both,2
fronting,3
cabernet,1
ho-home,1
brimmed,1
gitty,1
diabetes,1
co-co-cock,1
a-c-a-b,1
surfboard,1
wannabes,1
patootie,1
super-size,1
zipcode,1
vulturous,1
nepotist,1
racehorse,2
martyrdom,1
hypocritical,1
parenthetical,1
hypothetical,1
epoxy,1
apostrophe,1
half-diseased,1
carvings,1
rot-ot-ot,2
troy,1
amenity,1
recreated,2
contaminated,1
imitated,1
all-in,1
love-ove,2
odoyewu,4
superwoman,2
medulla,2
extraordinaire,1
runtown,1
napped,1
commas,10
skrrt,57
braids,2
heatin,3
puck,1
santana,1
cherries,4
firin,2
cnn,1
cuervo,1
chester,12
never-endin,2
confussing,2
newlywed,2
kerosine,1
stow,1
blurrin,1
reimagined,3
spiralling,1
unmercifully,1
umercifully,1
fiddling,2
o-o-o-o-okay,2
o-ooh,4
expects,2
desensitize,1
wylin,1
offenses,1
o-o-o-open,5
o-o-open,5
go-o-o-ing,5
oscillating,2
soot,2
grub,1
hashtag,3
boach,1
climate,2
pell,1
tutu,1
red-neck,1
parliamentary,1
incest,2
romper,1
stomper,1
introverts,1
anxieties,3
judgements,1
approved,1
initiatives,1
economic,2
sanctions,1
enabled,1
blockade,1
magnetism,3
siftin,1
digger,1
fetching,1
ahhhhooww,1
rumoured,2
memorys,1
my-my,6
brother-er-er-er,12
life-defining,1
outstretch,2
hunky,1
afrodisiac,1
perferct,1
forgery,1
silicone,2
magnifying,2
archetype,3
done-me-wrong,2
colorin,1
greys,1
tango,1
eroding,2
matures,1
colossus,1
matriarch,1
cathedrals,8
rigani,4
nertaca,1
uxella,2
uindape,1
louci,1
riuri,1
briga,1
beretor,1
uaitei,1
tuei,1
uoretes,1
silon,1
tuon,1
deruolami,1
benoulati,4
epon,4
ueidonti,1
marcacon,1
gutus,2
nertomaros,2
tuos,2
radit,2
surpritiia,2
biuotutos,3
matrona,1
breccata,1
marii,1
roudoblatouon,1
deiua,3
uoretontipe,3
reidonti,3
delua,1
uer,1
arescarus,1
marcotegeson,1
salacon,1
anuides,1
touetont,1
dalli,1
supritiii,1
appisiiont,1
caiciiin,1
mariias,1
gdoniiodiias,1
riuros,1
adorned,4
magnificence,2
stables,1
quoth,1
fictions,1
winch,2
groke,1
muslim,1
hindi,1
buddhist,1
unhuman,1
a-a-ayy,12
day-ay,5
rejuvenate,1
gogh,3
earlobe,1
markus,3
giuseppe,2
blac,2
chyna,2
desiigner,1
ts,1
yoii,3
wifi,2
wayfae,1
killy,6
neatly,2
common-law,1
hairstyle,14
momments,1
fineness,1
imogen,1
italic,1
tu-tu-ru-tu-tu,3
tu-ru-tu-tu-tu,3
confessing,2
kevyn,1
norms,1
sinetron,7
keel,1
heeds,2
hk,2
haunter,2
metronomic,1
pyramidic,1
geomantric,1
mantras,1
emudio,2
siri,9
genna,13
botchy,2
poppy,3
fool-fool,4
cal,3
gps,5
freakiness,1
sess,1
gya-gya-gyal,2
menke,1
becky,1
jakey,1
jj,1
homestead,1
pastors,4
outdated,3
touchers,1
subservience,1
stegosaurus,1
brontosaurus,1
jurassic,2
tyranosaurus,1
carnivoring,1
velociraptor,1
pterodactyls,1
masochistic,1
focusing,5
pics,5
insta,3
skittles,1
crayola,1
yola,1
pocomania,4
rassclaat,10
stiffy,8
upgrade,5
lifey,2
hypnotherapist,1
20-foot,1
dabs,1
drunker,2
chrysler,1
ride-or-dier,1
visors,1
scheister,1
budweiser,1
tanqueray,1
gosling,1
bouquets,1
letterman,1
communing,1
drills,2
koolaid,10
900,1
glo,2
mothafuckas,1
granddaddy,2
magnolias,1
why-why-why-why-i-i,2
fumbling,3
rogue,2
woe-oh-woah,3
hephaestion,1
plover,1
birthmark,1
rearview,8
ilfe,1
corporations,1
euro,1
brexit,1
sickenin,1
threadbare,1
wich,1
undraped,1
unfolded,1
hombre,3
dane,2
blaine,1
9.58,1
nike,13
ghoulish,3
late-georgian,1
grave-robbery,1
irreverent,1
intrusions,1
heraldry,1
audacious,2
resurrection-man,1
venality,1
sexton,2
wakely,1
lancet,1
1832,1
registered,1
resurrectionists,1
levering,1
thwart,1
parishes,1
communal,1
mortsafes,1
jankers,1
coffin-shaped,1
richardson,1
1987,1
vexation,1
surgeons,1
ransack,1
bailey,1
diben,1
patent,3
cof,1
1818,1
headstones,1
wrest,1
snatched,1
adamantine,10
mortsafe,2
vouchsafe,2
occupants,1
prized,1
eulogize,1
nightwatchmen,1
hallmarks,2
matthew,2
burke,1
shovels,2
sai-ai-aid,1
nyeah,10
savants,1
outrunning,2
charmer,1
appointments,1
canvases,1
insights,1
dm,10
neeky,1
self-absorbed,3
kill-lil-lil-ing,1
kratos,1
errrr,1
meadowrest,1
firestick,1
butu,1
kel,3
gra-a-aveyard,3
iyah,2
drexciyan,2
lardossan,3
8-203x,3
decrease,1
1.788.4,1
kilobahns,1
aquaconstruction,1
aquabahn,1
docking,1
drexciya,1
x205,1
comfortin,1
waaaaay,1
fellaa,1
marmont,3
derisive,1
unprotected,1
undesired,1
cache,3
self-image,1
dysmorphic,1
unhonored,1
diploma,2
dutchie,1
hoii,5
wrizzla,3
buckingham,3
collaborate,2
dandimite,2
copter,1
interrogate,4
circulate,1
inoculate,1
sus,1
hillys,1
5'10,1
lupe,1
spooge,1
gnealz,1
bi-bighead,1
jects,1
tutoring,1
airline,1
percocet,3
westjet,1
hunnid,8
tech,4
backin,3
dead-set,1
hotel-heart,1
longways,4
judgments,3
decoded,3
anthology,3
tempus,1
solum,1
quod,4
possidemus,1
ut,2
praeteritum,1
recedamus,1
fieri,1
potest,1
carpere,1
mandatum,1
nostrum,1
ipse,1
facis,1
consilia,1
persequere,1
imagines,1
optimas,1
animus,1
quodam,1
iuvatus,1
omnia,3
effecit,1
backwood,2
boo-boo,2
boo-boo-boo-boomshakalaka,2
inflexible,2
lookout,4
realizes,2
east-west,1
contender,1
cockity,1
natasha,3
cassia,1
stucky,1
tragedienne,4
aaagh-ha,1
deedabadee,1
spitter,1
aaagh,1
niner,1
frontline,1
credibility,1
maddest,2
smacker,1
checker,1
darkside,33
recompense,3
no-o-o,1
mined,1
unearthing,1
soot-grinding,1
delighting,1
aspects,2
contacts,2
nub,1
incidental,1
detective,4
recorder,2
ponyboy,22
pony-ponyboy,3
acquaints,1
sequoia,2
everybody-ody-ody-ody,12
somebody-ody-ody-ody,6
outlandish,2
36,2
jawbone,2
licky-licky,1
caple,1
saltfish,1
carrot,2
lettuce,3
scallion,1
cucumber,1
sap,2
massa,1
alper,1
sametime,1
squeaky,3
non-committal,2
salon,9
vikings,10
ay-ay-ay,2
kriegand,1
criesdeath,1
breathingknowing,1
bloosoaked,2
tyr,2
seves,1
mackned,4
gothboiclique,2
hart,14
wicca,1
diane,1
strangeness,1
predict,5
clementine,5
slow-mo,3
shrek,1
dvds,1
decompress,1
sugar-crusted,1
fletcher,1
now-ow,1
oh-oh-ooh,9
oh-oh-ooh-oooh,8
gale,1
oh-ooh-oooh,9
dow-ow-ow-own,1
iffy,4
blicky,5
hoover,1
hoopin,1
kb,3
crills,1
fiendin,2
milly,1
grinded,1
fah-fah-fah-fah,1
hunnids,2
shove-it,1
no-weh,1
brrrp,2
vere,1
damien,1
ariel,1
coursin,1
guidin,4
man-shape,1
bone-dome,1
ether-mouth,1
mannaz,1
eye-third,1
noise-stream,1
other-world,1
prey-flesh,1
mind-knot,1
waded,1
fortresses,1
songbird,1
elegy,2
doorsteps,1
feasts,1
eihwaz/eoh,4
envision,1
reservoir,3
pillbox,2
eye-eye-eye-eye-eyes,1
mariah,5
carhartt,1
s-10,1
stickers,1
blowout,1
dynasty,3
upgraded,2
chaser,8
engraver,1
shorthanded,1
bandages,1
overstepping,2
singles,9
newsman,1
ring-a-ding-ding,1
nook,2
cranny,2
applying,2
mackerel,5
unstoppa,4
jackpot,1
flatscreen,1
3:00,1
shiverings,1
kenny,1
audi,15
lalalalala,1
octane,2
vibrates,1
opium,1
aveas,1
enim,3
morte,1
sciemus,1
morsus,1
reliquimus,1
paragons,1
arbiters,1
silted,1
labored,1
crusted,1
immaterial,76
am-ma-ma-material,14
synthesise,1
nana-nana-nana-nana,2
nana-nana-nana-nana-na,2
na-nana-nana,2
scalpel,11
percussive,1
spazzed,1
fidgeting,1
awaaay,3
iove,1
dozens,2
oh-so,1
blanker,1
menaced,1
succubi,1
stubble,1
incriminate,1
yardman,1
meh,7
wift,1
pitchstifters,1
mobbed,3
ndale,6
xan,4
ruger,1
skeezer,1
223,1
fin-act,1
koncept,2
kaleidoscopes,5
un-drunk,5
un-call,5
un-fuck,5
un-kiss,3
un-spite,3
un-lose,3
un-love,3
95-south,1
slumped,10
hunched,1
g'wan,2
toon,1
scooby,1
donanld,2
golddigger,1
steele,1
bummy,4
daffy,1
claffy,1
displace,2
bandplay,2
janis,5
headstone,8
carets,5
nickels,3
strugglin,2
upchuch,1
statements,3
dually,2
pearlescent,1
populars,1
dumpin,1
churchman-level,1
duplexes,2
barefeet,1
tiptoein,1
spinin,2
mindstate,1
paintin,1
drop-cloths,1
snobby,1
brainstormin,1
loggin,1
honeysuckles,2
lalaland,1
critters,1
bullfrogs,1
farmhouse,1
structured,1
trimmed,1
crawlers,3
whatnot,1
burnouts,1
cheatham,6
gallons,2
gatin,1
chuckled,1
timmy,2
chimneys,2
snowbed,1
wildflowers,1
grandfatherly,1
bayous,1
trapdoor,2
hare,2
costa,1
close-minded,1
dragonheart,3
nilachoradhikaarathin,2
khadikaaram,2
kalikaalam,2
ithu,2
nammude,2
kaalam,3
aathmasphere,2
roohil,1
pirannath,1
manassiluranju,1
pena,1
chalichath,1
naakkiluyarrnnu,1
sought-after,1
fracture,3
nenjile,1
thaalam,2
nin,1
kaathil,1
pathinju,1
arivinnamsham,1
manassilalinju,1
concepts,1
equalize,1
aathmaspherical,1
slipknot,1
pingpong,1
tong,1
ithoru,1
krooravinodam,1
chumar,1
chithram,1
maathram,1
maaykum,1
vaanu,1
mazhakaaru,1
theruvin,1
nenjil,1
peyyum,1
oro,8
chodyathinu,1
tharum,1
utharam,1
waveforms,1
mozart,1
brood,3
collude,1
edison,2
bou,8
abou,3
set-ter,1
naah,20
nahh,4
longitude,2
revered,1
highlight,7
asterisk,1
resuscitates,1
sculptures,2
authenticity,1
scenarios,1
vigilant,2
zum,5
hoobakaba,8
habakaba,8
poco,27
skank,28
psalm,8
backbiter,1
lectures,1
zigzag,1
sticky-icky,2
sti-sticky-icky,1
ephemera,1
ronny,4
beetlejuice,1
texts,17
overthinking,18
texted,4
unfollow,1
belonging,3
ashore,5
brandish,2
peaceless,2
riotous,1
predatory,3
subterranean,1
furor,5
diabolicus,5
shrines,1
rasps,1
oppress,2
aflow,1
remmants,1
defier,1
robs,1
gusts,1
lodestar,1
kindlers,1
of,1
pilgrims,1
overlooks,1
reddening,1
2am,14
recited,1
zadok,1
dagon,1
innsmouth,1
full-throttle,3
nothins,1
prosecutor,11
bono,2
deavor,1
tyno,1
fern,1
2018,3
omenxiii,2
01000111,1
comments,9
bi-weekly,1
xl,1
killas,4
woah-oh-oh-oh-oh-oh-oh,2
lowlife,8
supercar,1
hotwheels,1
vuitton,1
damnly,1
todoto,1
wagner,1
jacksons,1
ba-b-ba-ba,11
optimistically,1
positivity,2
blab,4
botheration,1
diagnosis,1
vigilantly,1
jars,1
bele,1
relinquished,2
sorority,3
swearing,3
encase,1
batting,1
nineteen-sixteen,1
m-m-m-m-mind,1
t-t-t-t-time,1
a-beating,1
a-thumping,1
tremmored,2
da-damn,2
donuts,8
orderin,1
postmates,1
pyrex,8
jugg,1
kimber,1
chad,1
conway,1
o'shea,1
myke,1
c-town,1
eugh,1
blog,1
panned,1
repo,1
rafiki,1
dunham,1
trapaholics,1
subtweet,1
sub-pop,1
alt-right,1
cac,1
uncontested,3
stanned,1
ket,1
trey,2
yeet,6
26,3
cappin,5
yesjulz,1
swann,1
ratchets,1
ratch,1
whoosh,2
varg,2
morrissey,1
yoooo,1
left-wing,1
380,1
cock-eyed,1
wop-sided,1
edgy,5
venting,1
architecture,2
mountain-top,3
sailin,4
back-back-back-back,1
cravat,1
developer,4
inheritor,2
proprietor,2
snigger,1
beat-up,2
employee,1
ana-ana-anarchist,24
toaster,5
scantron,2
purp,4
cheryl,3
emo,1
bridge/break,1
roasts,1
sternin,1
wheeler,1
roustaboutin,1
boog-a-loo,1
richmond,1
resined,1
nashville-town,2
tampering,2
beep-bap,1
tiktok,4
kawasaki,1
trolley,2
mahogany,1
hotness,2
quitting,2
shufflin,2
oluwaburna,5
ehn-ehn,7
gbedu,7
pata,1
pada,1
lagbaja,1
agbada,2
ahn-ahn,8
g-wagon,9
commentate,1
kpai,3
kpeme,2
shina,4
peller,1
commission,2
cuh,4
plotting,12
julz,1
burna,5
wakey,3
spicy,2
salter,1
mandem,2
dagbana,4
jollof,1
wetin,13
gwarn,1
rara,8
yara,5
casta,6
bumpah,1
dumo,1
foxtons,1
wartocracy,1
strokes,2
hitchhiking,1
monogrammed,1
half-useful,1
barge,1
1984,1
2019,3
rocket-ship,1
twist-off,1
martini,6
residency,1
punisher,1
thugging,1
draco,5
a-hole,1
ion,3
barrow,1
moma,1
hannin,1
untangled,3
tyrion,1
basehead,1
grapevines,1
precedent,1
permanence,2
eventual,3
slinking,1
m.o.b,1
tr3yway,1
rrrah,10
6ix9ine,3
yack,1
ibaka,1
bussin,7
peep-hole,1
facetime,11
cleric,4
pajama,1
tishawna,1
palm-a,1
shauna,1
blesser,1
braeton,1
bajan,1
caucasian,3
pamper,2
gad,6
electrify,11
heart-art-art-art-art-art-oh-ooh-ooh,6
o-ah,1
ple,1
phasers,1
retinas,1
pinecones,1
elks,1
hunnybee,24
fencing,1
whitening,1
abandonment,1
grenadine,1
mossy,1
22x14,1
poundin,1
unchoppable,1
cowl,1
induction,1
sissies,1
scootin,1
advil,1
rumblin,4
churchman,2
loopholes,1
forgettin,1
goddang,1
dojo,1
instagram,6
dirty-dirty,1
copperheads,1
slitherin,1
hissin,1
flickerin,1
outgrow,5
tailgatin,1
fetish,1
pantera,1
staley,1
evict,4
huntin,8
phenix,1
jerseys,2
how,1
cardiac,3
connor,1
saddled,1
suprise,3
bossman,3
curtis,2
loew,1
nintety-five,1
generating,1
grenaded,2
escalade,2
valet,2
escapade,1
yarn,3
steamin,1
wei,1
nicht,1
meinst,1
infra-red,6
light-speed,4
flea,1
molested,1
switchin,11
meteoric,2
fifty-five,1
knifes,3
t'ward,1
floorboards,2
flat-drunk,1
silverlake,1
ahhohhh,5
hic-up,5
toddy,2
funnier,1
duo,2
shalom,1
abhor,1
resumed,1
un-colorful,1
parkland,1
envisioning,1
lectured,1
currently,1
preg-a-nent,1
arching,1
turds,1
widdle,1
piddle,1
flailed,1
holden,2
commodore,2
doggo,2
belanglo,1
2002,2
oops,5
cowed,1
outdoes,1
1950,2
unqualified,1
graffitiing,3
11:28,1
chinky,5
newly-wed,1
tart,2
pranks,1
quip,1
nsa,1
baldur,1
fetters,1
sundered,2
all-father,2
bifrost,2
valkyries,8
aegir,1
yggdrasil,8
ginnungagap,1
repelled,4
allfather,2
dual-wield,1
toothpicks,1
raiding,2
painstaking,2
mired,2
seer,5
coincidences,4
alriiiight,1
cock-up,2
charly,2
sidung,9
toas,1
pos,1
inves,1
mumbai,1
indonesia,1
sri,1
lanka,1
sailling,1
whoo-oo,3
whoo-ooh,1
ooo-ooo-ooo,8
disintegrati,1
stimulate,2
blissfully,4
perceiving,2
disint-grati,1
isolating,1
contradictions,1
self-reliant,1
rearranges,1
tok,4
plywood,2
astroturf,2
levy,1
slingin,3
profiling,1
blasted,1
throngs,2
umbral,1
amalgamate,1
certa,2
numquam,2
parata,2
deus,2
noster,2
limo,2
vincit,2
catechized,1
untruth,1
acquiescent,1
servile,1
akashic,1
gathas,1
mollusca,1
putrescence,1
filaments,1
dredge,1
pestiferous,7
bastion,1
rhaexorog,1
harrowing,1
kak,1
ick,1
rouse,1
nether,2
upswing,7
phosphenes,3
voicemail,1
collarbones,1
deathbead,1
montreal,9
raccoons,1
cityscape,1
softness,2
stairways,1
handprints,1
just,5
fuccboi,20
heaps,1
sunhat,1
fuccbois,18
fucbbois,1
vocabulary,2
shin,1
bok,1
choy,1
flannelette,1
pyjamas,1
lockets,1
epilepsy,1
ivan,1
milat,1
ibs,1
probiotic,1
yoghurt,1
2015,1
dingus,1
be-face,1
fairily,1
drillin,1
muh'fuckin,1
narcissist,11
muhfuckin,1
martian,3
gawkin,1
parkin,2
fuckboy,16
burlap,3
dives,2
self-medication,2
hubris,1
butch,4
cassidy,4
sweet-scented,3
mmm-mm-mm,1
gawking,1
entertainers,1
realitys,1
stomp-a-saurus,2
chomp-a-saurus,2
am-a-saurus,3
are-a-saurus,3
crunch-a-saurus,2
munch-a-saurus,2
stomping,5
chomping,2
were-asaurus,1
dino-saurus,1
arrangement,1
roach,1
marcing,1
bumbing,1
grover,1
dest,1
runing,1
spining,4
dady,3
youngblood,10
tmz,1
blabbermouth,1
sham,3
meet-and-greet,1
goon,6
sprinter,1
blotter,1
airsoft,2
flack,2
felony,4
flagging,1
phaedra,1
tjay,22
fronter,1
huevos,1
ceretto,1
tyb,7
every-everyday,1
handfuls,1
instrumentals,2
ryer,1
183,1
finessin,1
birkin,2
wailin,1
rollie,7
bba,2
mollied,3
greeter,1
visine,1
bumpkin,1
gaffs,1
gallopin,1
fanned,1
upchurch,11
oaks,4
aaaahhh,1
aaaahhhh,1
hokey,31
pokey,31
pettimore,1
grandaddy,2
revenue,7
copperhead,7
lodge,1
primer,1
weekly,2
volunteered,1
colombia,2
mulberry,8
currys,1
steph,1
ayesha,1
bellytommy,1
tlc,2
likin,3
returnin,4
culo,2
putas,1
bruisin,2
coordinates,1
misfortunate,1
inconsistent,2
loving-kindness,1
nished,1
existential,2
angelica,2
re-reading,1
published,1
historians,1
eliza,1
reacted,2
puget,1
freckled,1
dissociation,1
laundering,1
railing,1
decolonizing,1
spliffs,2
femininity,1
vulnerability,2
coercion,2
pacifism,1
materialist,1
elly,1
anyday,4
pabst,1
dippin,6
jger,1
mcgraw,1
fast-talking,5
booty-popping,5
obama-loving,5
mudding,5
camo,1
nationwide,1
lambert,1
mamas,7
backroads,1
shain,1
gandee,1
waylon,1
steinway,1
ultracheese,1
tonne,1
briefcase,3
lolas,3
videocall,1
steward,1
soundtracked,1
subcommittee,1
fantasise,3
wrestler,1
bendable,1
publicise,1
iconography,1
un-gloved,1
hard-on,3
connectivity,1
quantitative,1
raincoat,1
nye,1
snowboarding,1
dickheads,1
bukowski,1
dogsitting,1
screwballing,1
waffling,1
re-thinking,1
grandfathered,1
thankfully,1
recognised,2
batphone,2
ahold,2
trilogy,1
re-decorated,1
vehicles,1
flamingos,3
brier,1
boughs,1
acorns,2
hypnotise,2
self-devotion,2
duvet,1
exclusively,12
agitated,1
hotline,2
skoal,3
two-hundred-year-old,1
hmm-mm,1
barbwire,1
trespassin,1
junkyards,1
big-bellied,1
backhoes,1
addictin,1
heisman,1
runner-up,6
mudslide,1
archived,1
casa,6
sayonara,2
yubaba,1
grumpy,1
sidechick,3
glocky,1
toughened,1
steez,1
matics,1
treadmill,2
reminissed,1
floodlights,3
overshadows,1
ever-fading,1
spoilt,1
malnutrition,1
counterfeit,2
shifted,3
histrionic,1
quill,1
well-spun,1
luddites,1
fecal,1
hehehahahaha,1
bewitch,10
nameforever,3
youforever,6
soulforever,3
stargazin,3
barre,2
psychedelics,3
femalin,1
excellin,1
intellin,1
propellin,1
ellen,1
choppers,2
propane,5
repellent,1
brrt,4
interjected,1
traumatized,2
astroworld,1
relocate,3
toyota,1
injuries,2
astronomical,1
fulfil,1
pealing,2
stormed,3
athere,1
jay-zs,1
friggin,2
puller,1
scones,2
raspberry,2
scone,3
elon,2
partpoint,1
beingi,1
likeshe,1
i'mi,1
promenade,1
intersection,1
lakeshore,1
chevron,1
quickened,1
tomorow,1
dammed,3
pally,1
misprints,1
uh-uh-uh-um,1
carrboro,1
levis,7
hearrt,1
smilese,1
overloading,1
selfisness,1
tak,19
ingested,1
selves,3
305,5
pawpaw,1
one-lane,4
tonka,1
thick-skinned,1
mmmhmm,1
ghosting,3
boasting,1
opus,2
shia,1
extremeties,1
pilots,2
iris,1
barbershop,1
catcalls,1
up-lit,2
decoratin,3
late-night,4
flattens,1
integral,2
auspiciousness,1
esteemed,1
fascinating,1
clutter,1
immeasurable,1
on-on-on,8
on-on-on-on-on,8
rewriting,7
obvilious,1
obsolescence,1
backons,1
harmonized,2
synchronizing,1
blinder,2
tolls,11
inverness,2
bonnie,4
payphones,1
kerb,1
oooh-oooh-oooh,5
laa-la,1
moring,1
aaa,1
disclosed,1
role-play,1
fistfight,2
no-show,1
anyway-ay,2
pull-up,3
thot,8
flacko,3
deebo,4
migo,3
kilo,8
costin,1
slatt,3
frisbee,2
elliot,1
mumblin,6
vh1,1
ambivalent,2
oh-la-la,12
furrowed,2
described,2
pip,1
commandment,1
limes,1
riser,5
all-nighter,1
furiosity,1
thgirla,2
eb,8
annog,4
sgniht,4
enif,2
shenyeng,3
shenseaa,1
inbetween,2
oh-so-many,1
typically,1
hotwired,25
hotwire,5
hotwirin,1
lectrified,1
electrocuted,1
12:30,1
kilimanjaro,1
olympus,1
serengeti,1
ghosted,2
hour-glass,2
conclude,2
yeah-yeah-yeah-yeah-yeah,3
s-i-m-p-l-e,8
thing-ing-ing,1
uncertainties,1
irons,2
perseveres,1
whiter,1
eloheinu,4
echad,4
shema,3
observational,1
lightens,1
boozing,1
foulness,1
unhealthy,1
clowning,1
downing,1
soberly,1
camping,2
vendor,1
donating,1
emu,1
kingsbury,1
zaire,1
gutsy,1
dole,2
busking,1
yachts,1
midland,1
centrelink,1
ciggy,3
covered-up,1
inscribed,1
glasshouses,2
windowpanes,2
begetters,3
overreact,1
incomprehension,1
phoning,1
band-aids,2
illness,5
unlonely,14
saddening,1
fruck,1
scrutiny,1
macaroni,2
chachi,1
joanie,1
freindship,1
birthplace,1
emmmmmmmm,1
corkscrew,2
lawsuit,2
annotating,1
wide-awake,1
emigrate,1
thieve,1
de-evolution,1
cretinous,1
mongrels,1
mercifylly,1
inducing,2
whetted,1
gasps,1
slaughterday,1
lead-ec,1
lead-dc,1
aguh,32
cudda,4
supmn,4
essi,1
trendsetter,1
items,1
craven,1
6:48,2
squared,2
olalla,8
migrant,1
taht,1
whoahoa,2
oohoohoohoohoo,1
whoohoo,1
whoohoohoo,1
ahh-ha,1
si-i-ign,3
whoaho,1
whoahoaha,1
whoahoaho,1
swimmers,2
edit,1
banx,1
sexiness,4
jiggle,6
fa-fa,1
be-better,1
ta-time,1
tic-tic,1
toc-toc,1
redo,11
ooh-wop,2
lifelines,2
wo-oh-ooh-oh,3
woo-oh-ooh,4
woo-ooh-ooh,6
wo-oh-oh-ooh-oh,5
woo-oh-oh-ooh-oh,1
woo-ooh-oh-ooh,1
pbo,1
three-thousand,1
complacency,4
messageboard,1
transitory,1
driftless,2
skys,1
off-gray,1
scrolling,1
posts,1
shiftin,1
swooped,1
seagull,3
wand'rin,1
real-life,1
inbred,1
1964,1
patching,2
jeb,1
hollins,2
neebo,1
wasco,1
soncy,1
skeeter,2
scurvis,1
garzi,1
kate,1
pixy,1
stix,1
stemmed,2
controversial,1
misdemeanours,1
applications,1
hardening,1
miscommunication,2
hearsay,1
modernity,5
three-year,1
olds,2
consultation,1
kitsch,1
indicted,1
incited,1
cashmoney,1
duckin,3
deacons,3
shoutout,5
ahhahh,1
toppp,1
minddd,1
dasani,1
cherishchocolate,1
jor'dan,5
inked,1
signin,2
litty,8
roofless,1
oh-oh-oh-oh-oh-woah,1
toxin,1
combatants,2
infraction,1
castastrophe,1
subversive,1
shadowing,1
juggernaut,2
by-ways,1
foreclosed,1
ferry,2
converging,5
weightlessness,2
birds-eye,6
luis,7
stingray,1
billow,1
sonar,3
batten,1
fossils,1
cottages,1
hatters,1
cabins,1
tow'rd,5
woi,5
bimma,17
titchfield,3
petro,3
bakklefield,3
psalms,2
analyst,1
janitor,1
postmodern,1
self-referential,1
intermediately,1
conceiving,3
pied,2
sket,1
spoiler,2
dl,2
f-150,3
reciprocated,1
meekness,2
indisputably,1
unquestionably,1
indubitably,1
undebatably,1
incontestably,1
unequivocally,1
irrefutably,1
unmistakeably,1
obligations,3
significantly,1
zday,1
snacks,2
playlist,2
sportsball,1
disrupted,1
extroverts,6
assaulted,3
stalkers,1
alo,1
socialize,1
chipped,2
missteps,1
life-fearing,1
riptides,3
compel,3
magiks,1
weaponize,1
accusation,1
newcomer,2
apelee,1
eritis,1
sicut,1
dii,1
sermonized,1
divinus,1
despoil,1
absentia,3
sermonize,1
ecclesia,2
conducted,1
evangelize,1
bartzabel,9
openeth,1
hoor,5
khuit,2
khem,3
ares,3
hachiman,1
mentu,1
graphiel,1
2fo,2
breaded,1
taper,2
dungarees,2
a-hundred-three,1
yves,2
patek,16
clearport,2
vvs,6
mmm-hmm-mmm-hmm-mmm-hmm-mmm,5
pateks,1
gunna,1
pradas,1
pointers,4
eliantte,1
m4,6
endzone,4
enzo,4
liq,2
out-your-name,3
fall-in-love,1
teleport,1
sarge,1
antsy,1
yah-yah,2
ya-ah,2
out-iced,1
mwah,2
legroom,2
sicko,2
papoose,1
two-four,1
mixes,1
jamba,2
jeweler,8
some-some-some-someone,1
play-play-playin,2
eses,1
bootch,1
bonnaroo,1
facetimed,1
play-playin,1
tay,1
fbo,2
duffels,2
767,1
wetty,1
sheck,1
stife,1
laferrari,1
glutes,1
foots,1
bicentennial,1
b.y.o.b,1
713,1
aol,1
controllin,4
beltway,1
beamen,1
ice-t,1
pipin,1
o.d,1
sedative,1
socrates,1
paves,4
faucet,7
confluent,1
menagerie,4
sophisticated,3
self-assurance,1
scariest,1
m-m-m-murda,1
urgin,6
perky,12
martell,1
jon,2
jt,4
earnings,6
hrr,1
declares,1
calvin,1
woah-woah-woah-woah,1
foreigner,3
oh-ooh-oh-ooooh,1
je-e-sus,2
am-ma-ma-ma,11
alo-o-ong,2
o-o-on,2
grab-a-cop-gun,3
re-awoken,1
yamaha,1
unwound,3
no-wake,1
katie,1
bitin,4
concentrations,1
cavalcade,1
crossin,5
announcer,2
humanitarian,3
lunt,9
mangy,1
doggies,9
brightening,1
doughy,2
energize,2
townspeople,3
ramadan,2
playwright,1
conveniently,1
conjecture,1
workings,3
milla,1
oosh,1
lipping,1
intratec,1
probox,1
scrimmage,1
physics,2
sitt'n,1
halla,1
destructed,1
inched,2
beetroot,2
shyly,2
blondie,2
quick-curl,2
downplay,2
night-night-night,2
o-o-o-o-o-oh,16
remedy-y-y-y-y,2
remedy-y-y-y-y-y,5
comedown,6
slouched,1
blackthorn,1
felled,4
shrike,3
founded,1
uncounted,1
pelt,1
discounted,1
hedgerows,1
housed,1
wraparound,3
clippers,1
zzzzt,1
hailie,1
cooped,1
forty-six,1
bare-faced,1
sweatsuits,4
interscope,1
rosenberg,1
selfie,2
g.o.a.t,5
gunner,1
brrah,1
colson,1
wouh,1
thuggery,1
wedgie,1
ogs,5
ebenezer,1
scrooge,1
kells,1
accordin,1
umbrella-ella-ella,1
oscar,5
grouch,1
yelawolf,1
addy,5
scrappin,1
producin,1
disses,1
reasonin,1
polunin,1
leapin,1
atlas,2
asthenic,3
acme,3
aftermost,3
determinate,1
doomsayer,1
fulls,2
choas,1
rull,1
in,1
soluble,1
inaccessible,1
dicrotic,1
never-crashing,3
encouragement,1
teh-hell-ran,10
__,1
kirby,2
perkys,1
ay-ay,10
ay-ay-ay-ay,20
decimating,1
underestimation,1
sublimation,1
waked,1
djvu,2
heeling,1
consoled,3
pardoning,1
sabotaging,1
skrrting,3
yg,4
dystinkt,2
hoopty,1
bougie,4
thots,3
sb,5
boosted,1
exuded,1
nah-nah,12
stu,8
bustdown,2
ray-bans,1
amnesiac,1
erode,3
blegh,1
you-ooh-ooh,3
iceland,1
matalan,1
cwmbran,11
straights,1
pubs,1
roughs,1
a-4-0-5-1,1
mcdonalds,1
moonraker,1
aberdare,1
llantarnam,1
welsh,1
adequate,1
llandegfedd,1
jd,4
wetherspoons,1
drainage,1
locksmith,1
essex,1
gran,3
colin,1
cwnbran,2
verve,2
chinos,1
oh-ooooh,11
magnify,6
deepen,1
fallback,2
tere,9
chaloon,1
aa,4
kareeb,1
khwabon,1
kyun,1
bandhein,1
naseeb,1
iv,2
embassy,1
unsee,2
dhin-tan,18
dhin-dhin-na,18
mail-order,1
tupelo,1
criticizing,1
kindlin,1
teapot,1
a-boilin,1
fang,1
glade,1
ouroboros,2
lidless,2
tableau,2
villages,2
rez,1
hualapai,1
trickster,1
dominationary,1
actual,3
clemency,2
pre-meditating,2
actualize,1
re-birth,1
phlebotomized,1
populations,1
implodes,2
invasive,1
recondition,2
eco-systems,2
reposition,2
cannibalistic,1
invasivorism,1
indigenous,1
naturale,2
herders,1
eco-crusaders,1
b-i-b-l-e,2
j-e-s-you-s,2
ransomed,1
sided,1
uglier,1
boardroom,1
unsound,1
overflowed,1
uhn,8
starboy,8
shey,26
walincha,30
nwanyiocha,6
ley,1
koni,3
handbag,1
shoveling,1
killo,1
jeun,4
soke,4
oluwa,11
gbona,12
feli,8
hmmnn,2
gidigidi,12
odi,2
onyeoma,1
ehzewu,1
gbekelebe,1
look'you,4
taatata,4
pikin,6
gagaga,2
sele,3
papapa,2
looku,6
jeje,16
eheheh,1
billies,4
detach,4
body-bagged,1
pitchforks,1
woo-ah,1
hotspot,8
uncomfortably,1
love-light,7
devising,1
intervene,1
autonomy,1
unforeseen,1
textin,3
jib,1
jobbing,1
mantel,1
vertical,3
starfall,1
sky-high,3
her-story,1
creeds,1
over-reacting,2
apartments,4
hora,1
backup,4
honestys,1
tip-toeing,1
you-know,1
applies,1
novocaine,1
red-eye,3
auto-reply,1
small-town,6
rockey,1
perc,4
sprite-colored,1
wocky,1
geekin,11
bezel,2
aventador,1
accompaniment,1
sketched,1
dyan,1
vlone,1
badland,1
airbourne,6
evading,1
contains,1
make-ups,1
aking,2
cemented,1
tremoring,1
dise,2
valve,1
sunrises,2
relivin,1
persuasive,4
gorging,1
all-conquering,1
burnished,1
tradin,3
haystacks,1
cow-hold,1
paperwork,3
fenceposts,3
folder,1
naken,1
manelyset,1
jeg,1
min,4
fot,1
exe,1
anti-social,6
anti-bullshit,6
freelance,1
absently,2
override,1
gender-free,1
aphrodite,1
ooooohhhh,1
defiles,1
y-y-y-ya,5
y-ya,1
cuticles,1
cubicle,1
inoperable,1
philosophical,1
affordable,1
adorable,2
flossy,2
red-bottoms,1
beamin,1
raichu,1
peope,1
cupids,1
d-d-daytrip,1
ferragamo,3
supersize,11
pilin,1
sosa,1
saks,1
vv,1
scoliosis,1
rampageous,2
opposed,1
majorities,1
five-0,1
pledging,1
denotes,1
sokrates,3
gadfly,1
impiety,1
ascended,2
worr,2
frigbem,1
gbem,1
ororo,1
chiiiiii,1
pempe,25
wuuuuhhhh,3
soro,3
ori,9
banku,1
iwo,1
mid,1
a-feeling,3
caressin,1
fa-la-la,2
exaggeration,1
corks,4
texarkana,1
kpokpotikpo,3
kpo,9
choko,3
angeli,9
comot,1
constructed,1
stasis,2
self-scans,1
vaspula,1
varanus,1
deterrent,1
embodiment,1
evolutionary,1
biological,1
transcendence,1
infusion,1
comprises,1
malone,1
2d,1
thirds,1
metamorphosise,1
constables,2
izy,1
oli,4
zimme,1
proto,1
perilous,1
marathon,4
caroling,4
mesa,1
creosote,2
twines,1
hushing,1
rattlesnakes,2
fabrication,1
merch,1
9am,1
f.o.m.o,4
royally,3
regan,1
soviets,1
domineering,1
llew,5
ytterp,1
neeb,1
ev,2
naht,1
retteb,1
naem,1
lrig,1
bmun,2
emas,2
leef,2
dloh,2
niap,4
nileef,4
presume,1
faulting,2
self-deprecate,3
conveniency,1
inflate,1
fixate,1
eon,3
evanescently,1
absurdities,2
dissapeared,1
marbled,1
messiahs,2
patri,6
communions,1
inseparable,1
inflates,3
containing,1
obstruct,1
allegorical,1
regolith-covered,1
craters,1
disrupting,1
conventional,2
overt,1
forfeiture,1
metaphoric,1
axiom,1
hublot,1
cardi,10
glizzy,3
toting,1
terrific,1
margarita,1
sativa,1
hurrah,12
tii,1
whitest,3
whitetails,1
peta,1
naturein,1
assumptions,1
countrys,1
processin,1
careers,1
jerky,2
felons,2
resemblin,1
mayberry,1
griffith,1
weezy,4
kio,2
boobies,2
hor,2
self-harming,1
recollectin,1
slippy-slide,9
slip-slippy-slide,5
d-d-dance,5
ganger,3
forges,1
noumenon,2
animates,1
satori,1
hermeticism,1
unquenchable,1
automata,1
long-protracted,1
forecourts,1
sheol,1
prelest,1
damni,1
pneuma,1
disunity,1
estrangement,1
lagged,2
long-lived,1
suitable,1
newsprint,1
ledges,1
unsettled,1
unloved,3
unkissed,3
faulted,1
under-prepared,1
tylenol,2
digo,2
necesito,2
porque,3
nadie,8
hablando,1
pura,2
mierda,1
idolized,1
evilsonic,1
pornoholic,1
breakdowns,2
obscenities,1
555,16
defamates,1
clamoring,1
city-wide,1
double-faced,1
entendre,1
balenciagas,1
kaley,1
tamale,1
bali,1
dipper,1
halal,1
cardio,1
piatas,2
chambean,2
jalan,2
compras,1
regalan,1
jejeje,1
wuh,5
latino,1
trato,1
hacer,1
dieta,1
mucha,1
grasa,1
mude,1
dentro,1
conocen,1
llama,2
jesucristo,1
abraza,1
raza,1
gustan,2
boricuas,1
cubanas,1
gusta,1
acento,1
colombianas,1
hubo,1
dominicana,1
chingan,1
venezolanas,1
andamos,1
activos,1
perico,1
billetes,1
cien,1
maletn,1
ching,1
retumbe,1
bajo,1
valentin,1
aqu,1
prohibido,1
amar,1
diles,1
charytn,1
picor,1
claritin,1
llego,1
forma,1
motn,1
sameness,1
trapmoneybenny,2
chours,6
toppin,2
pre-chours,1
resha,1
j.t,1
code-code,1
safe-safe,1
net-net-net,1
lette,1
12x,1
caddy,2
cuffin,3
spotty,1
ladybugs,1
wah-lah-lah,1
sniped,1
rattin,1
michelan,1
cred,2
i'llput,1
fitness,1
spick,1
shat,1
frecking,1
chaaaa,1
camden,3
posted,5
sesh,1
rundown,2
dents,1
cmas,1
stanky,1
615,1
hazzard,4
trailblazin,4
elmer,4
fudd,4
fulla,4
freon,1
i-ice,1
crock,1
bowtie,1
ritchie,1
elton,2
strait,9
constipation,1
craziest,1
honkeys,1
mtsu,1
brr-rat-ta-ta,2
koreans,1
citgos,1
craigslist,1
mohican,1
hockin,1
mo-mo-motherfucker,1
headbangin,1
weirder,1
outty,1
pouty,1
ccould,1
honkies,3
gatlinburg,1
vaca,1
moffat,1
gerdy,1
pegram,1
pv,1
swamps,2
hollas,1
creek-creek-creek-creek-creek,1
papaw,1
tabacky,1
dewalt,1
giggity,1
ga-games,1
libitty-lame,1
siggity-same,1
mayne,1
seesaw,1
slidin,3
bandicoot,1
cma,1
telemundo,1
fiddlers,1
newry,1
shenandoah,7
bardi,1
dior,2
andretti,1
gracing,1
lappa,1
yellows,2
vegetables,1
wolo,2
iyoh,1
xylophones,1
toms,1
tumbas,1
anabella,6
anabella-puncinella,3
puncinella,15
acapella,6
deposit,5
sweller,2
karteller,2
m-o-r-e-d-you-s-s-y-i,2
speller,2
ginella,2
precella,2
ellalacella,2
ella-ella,3
lololololllhaha,1
sasha,1
asha,1
tasha,1
savouring,1
summerburned,3
winterblown,3
profanities,2
skinnier,1
foxtail,1
sun-lit,1
uh-huh-huh,2
hairless,1
necrocene,1
discreation,1
neo-neolithic,1
scumrot,1
kasanatte'ta,1
oto,1
yusabutte,1
kikoenai,1
koboreochita,1
piisu,1
konna,1
nichijou,1
yuuutsu,1
sae,1
tameiki,1
dezu,1
mukanjou,1
bokura,1
tsugihagi,1
kokoro,1
fuantei,1
arainagasareta,1
shoki,2
shoudou,2
yobisamashite,2
hashiridase,2
mazui,1
kotoba,1
omou,1
tsunagu,1
ano,10
kodou,2
wasurenaide,2
tsuyogatte'ta,1
boku,2
koto,1
mimamotte'ta,1
kimi,3
iu,1
koko,2
iru,2
itsu,1
kienai,1
omoi,1
tsunagitomerareta,1
naka,1
uchuu,1
hibiite,1
pegged,2
vods,1
fonder,2
sedentary,1
urged,1
orpheus,2
choiceless,1
devotee,1
eurydice,1
imaginin,3
marvelling,1
marries,1
calicoes,1
still-living,1
handled,1
affirming,1
foreknown,1
parkside,1
copin,1
overthinkin,1
signaling,1
punt,1
fangin,1
schnitty,1
parmigiana,1
medium-well,1
wobble,5
grizzle,1
bushy,1
figet,1
pep,1
crep,2
magnetize,1
fi-i-ire,1
swen,2
twinkies,1
shipwreck,2
vmonos,1
raditz,1
o-z,1
alpines,1
pointy,1
norse,2
awoken,3
tenacious,3
placement,1
headdress,2
peckham,1
wul,15
delegate,1
me-me,1
laaahhh,1
streeehhh,1
enlightment,2
underhanded,1
naldo,2
s'maddy,1
tucker,1
bubba,2
mardo,1
6ix,7
lawboss,1
accomplished,1
vlogger,1
marvalley,1
payneland,1
recalls,4
euphoric,5
peeked,2
cappuccino,1
dadf,1
bordeaux,1
lite,1
kronenbourg,1
artois,1
1664,1
memos,2
slaya,1
mumble,1
boohoo,1
fleeky,12
steezy,2
lightyear,1
kneeled,2
dropsy,1
ashley,1
bombohole,3
riffle,1
genahsyde,2
reck,1
arriverderci,3
goldmine,1
shoo-bi-doobi-doobi-ba,2
aaahh,1
moo-oo-oo-oon,1
do-do-do-do-do-do-do-do,7
lachy,4
elocution,2
reporter,1
supporter,1
rhumba,16
kangaroo,4
therefrom,2
sandcastles,1
coasting,2
ovaries,1
scatty,1
questionin,2
homestretch,1
semi-automatic,1
defended,3
aaaaaaaarh,1
spreadin,4
roastin,2
wisemen,1
blacking,3
cavin,1
deadweight,7
tidal-wave,1
sash,3
tiara,3
green-skin,3
fluoride,1
chi,1
dead-eyed,1
rainfall,2
cold-eyed,1
revoked,1
scarcity,1
nourishment,1
reinvest,1
dour,1
perce,2
top-notch,2
facto,1
lj,1
redundancy,1
dingoes,1
surv,15
particularly,2
chiaroscuro,1
generational,2
mmm-mmm-mmm-mmm-mmm,1
innocuously,1
subscription,1
reaped,3
hulk,1
skressing,1
neilaworld,3
will,1
topping,3
strewing,1
crosshairs,2
kart,3
edmonton,1
pellet,2
methadones,2
euronymous,1
ndtviedt,1
deafheavens,1
bathory,1
luckily,5
messes,5
koffee,24
contractor,3
hottin,1
pickiny,1
mostest,1
accumulate,1
midget,1
medi,2
timely,1
pro-nouns,1
hijo,1
againer,3
over-drink,1
57th,1
gray-haired,1
flagellate,1
suffers,2
virginborn,1
drop-drop,10
drop-drop-drop,5
hardwood,1
behated,1
vuittons,1
punishable,1
stinger,1
hydrant,2
for-e-ver,9
forever-er,3
predominated,1
robber,5
machineeeeeeeeeeeeee,1
destructor,1
chastity,2
droop,2
revealer,1
broadness,1
rebelling,2
sovereigns,1
idleness,1
glued,7
plying,1
letdowns,2
overcomplicate,2
mitchell,1
coated,2
awing,1
ambiramus,4
cicinxiet,4
magos,4
melds,4
ambiteixt,4
tros,4
ovincon,4
ignorin,4
oh-ooh-oh,2
quantify,1
wrinkle,1
haye,1
bulleya,2
mann,7
hoyin,1
heer,1
teri,14
aake,2
mangdi,1
koi,1
jind,1
jaan,5
lawaan,1
chhad'tiyan,1
parwahvan,1
sharmawan,1
ishq,1
marjawan,1
aaja,4
leja,4
dholna,1
sohneya,1
ranjha,1
mahiya,1
dear/beloved,1
stats,5
lowers,1
uchiha,6
orochimaru,1
danzo,1
anbu,2
clung,1
itachi,5
konoha,1
sharingan,7
chidori,2
ninjutsu,1
obssesed,1
naruto,22
chakra,1
kusanagi,1
indra,1
sasuke,2
wentz,1
unfuck,4
unlove,4
awsten,1
b-line,1
regicide,1
rove,1
bismarck,7
kriegsmarine,10
firefight,1
flagship,1
ring-ring,1
four-five,1
one-trick,1
threesome,3
zebra,2
cub,1
fungus,1
butthole,1
ba-dum-ba-dum-dum,1
ba-dum-da-di,1
rhinos,1
giraffe,2
hippity-hop,1
heh-heh-heh,2
hpv,1
koala,1
germany,1
trudged,1
ahmed,1
pedro,2
tuna,1
shootings,1
hum-dum-dum-dae-dum,2
tierra,3
pleaser,2
wilhelm,1
"7,000",2
osowiec,8
hindenburg,1
counter-charge,1
revives,1
peaked,1
peekin,1
vros,1
machiavelli,1
pampered,1
spoon-fed,1
jacky,3
clark,1
existences,1
so-something,12
jps,1
pothole,1
leff,10
nuffi,2
clans,1
nomalizo,7
countryside,1
mtakwethu,4
bathi,3
kulikhuni,2
kule,2
lizwe,2
akuni,2
mvul,2
aphekhaya,2
kuyobuya,1
kulunge,2
bawo,1
kuzawubuye,1
quesera,1
familia,1
compatibility,1
honey-pie,22
overdramatic,1
dirtiest,1
bleep,1
vending,1
homing,1
yarning,2
unfasual,1
breadline,1
lawmen,1
riffraff,1
slowpokes,1
nom,1
hitmen,1
hasty,2
hoofbeats,1
statistics,1
simplistic,1
scryer,1
diviner,1
oracle,1
hexenkrieg,3
cutoff,1
herding,1
homecome,1
mid-glance,1
overeducated,1
stockholders,1
kooky,1
ammmmm,2
alphabetical,1
anti-antagonist,1
myopic,1
dystopic,1
belligerent,3
unintimidated,1
'til,1
risks,3
c-call,1
up-up-up,1
k-k-killing,4
mattresses,1
scholarship,1
margielaa,1
cockiness,1
bettis,1
senate,1
offline,1
pummel,1
balladeers,1
new-made,3
illusionary,2
simulated,2
prescribed,1
misconception,1
alluringly,1
scribes,1
originality,1
recesses,1
absolve,1
ooman,2
skellion,1
lydown,2
blem,3
nagos,2
sivva,1
siv,2
siva,1
fakey,1
nilly,1
all-red,5
quenchin,3
why-y-y-y-y,12
factors,1
clouty,1
play-doh,1
batarang,1
catering,4
umph,1
grandpappy,2
bauxite,1
valery,1
saucin,3
220,2
randy,2
baguette,1
staining,1
martians,2
2500,1
funnys,1
self-hatred,1
ocd,3
syllable,1
kiddie,1
cinematic,1
hovers,1
greatnot,1
developin,1
meddle,1
measurement,1
seatbelts,1
added-in,1
mercer,1
inclining,1
palisades,1
hallelu,2
milestone,1
columbus,2
portsmouth,2
romanticism,1
loner,5
encased,4
crystal-like,1
simulator,1
populate,1
syndicate,2
spag,2
heddy,2
4/20,1
goas,1
high/low,2
circumcise,1
foreskin,1
stiff-necked,1
stubborn-hearted,1
medics,2
parse,1
e-train,1
metamodernity,2
agrestic,1
pinkish,1
outset,1
bodes,1
propellers,1
eheeenn,1
ehennnn,1
gbese,4
ehennn,2
tomi,1
forgeti,6
fashi,1
kawon,2
padi,3
kaku,2
jejeli,2
reciprocal,2
soji,3
nack,11
fele,18
kpe,1
sef,3
gongongon,1
gbeskele,1
gbe,18
kan,1
gbo,6
eni,6
la'go,6
lori,6
sofia,7
fero,3
densum,6
malum,7
primae,3
noctis,3
atri,3
leti,3
habet,3
lork,1
galpagos,3
crme,2
brle,2
11:11,4
proposing,2
3:05,1
71st,1
ughh,2
duhh,2
yuhh,2
guap,4
trumping,1
everest,4
burj,1
dubai,8
fetal,1
warship,2
shumn,2
shet,2
shitn,2
shen,2
amaretto,2
chello,2
lili,3
head-back,3
steeplechase,1
unapproachable,1
cleanliness,1
godliness,1
second-guessed,1
whoa-oah,14
syringe,1
screenshots,2
qinisa,5
mfana,1
nge,2
gazi,1
lemvana,1
sonke,1
sithande,1
ngo,1
gazilemvana,1
projections,1
polarized,1
spacial,1
molecularized,1
disassociation,1
off-key,3
takeout,2
landline,1
questionize,1
sowing,1
gta,5
von,1
righting,1
favorites,2
mixer,1
recklessly,1
sinnings,1
interrogator,1
investigation,1
23/7,1
inmates,1
hackles,1
hevin,1
losanle,7
insama,14
wale,7
parlour,1
jor,20
funmi,2
blockin,2
codependency,1
balled-up,1
fair-weather,1
holliday,1
heearrt,7
unused,1
trye,1
yoi,2
wo-ho-ho,2
handclapping,2
foot-stomping,2
be-e-e,2
mix-up,1
aahhh,1
withdrew,1
allegheny,1
wheezy,2
bruiase,1
payasam,1
naaaaahhhh,1
22nd,1
9th,1
raind,1
lalalalalalala,2
lalalalalala,1
lalalalaaaahh,1
mother-fucking,1
bingly,6
bungly,6
penguins,1
penguin,3
waddle,3
squawk,7
structural,1
handy,4
expertly,3
map-reading,1
untarnished,2
whooh,2
imediately,1
iknew,1
hmmand,1
stap,1
lane-to-lane,1
harleys,8
hawaii-i-i,6
ri-ide,3
hula-hula,3
jeweler-jeweler,3
revvin,1
hawaii-i,2
plaques,3
hesitant,1
penthouse,3
elisha,1
ba-da-ba-dum,4
relapses,1
rucksack,1
roux,1
ehe,6
juba,18
ara,34
miraculous,3
kuro,2
nbe,2
sukuru,2
sonu,2
hyenas,3
ogun,1
yeaaaaah,1
backfat,1
kneecaps,1
ray-rays,2
natality,1
sews,1
one-two-three-four-five-six-do,2
benihanas,5
efficiency,2
byrd,3
alto,1
omotola,4
otedola,6
tando,2
chapo,2
ebe,1
vibing,7
ambassador,6
ehee,2
panadol,3
thiefi,2
yapa,3
mukutun,1
brukutum,2
sukun,1
tukutum,1
mutukum,1
flenjor,1
southwind,4
movida,1
mojito,1
re-apply,1
cautions,1
liftin,1
tatatataninana,1
shodi,2
odo,8
abena,4
pami,3
self-defense,3
sherriff,1
reflexes,1
la-la-land,1
five-headed,1
oversized,2
monsoon,3
mateo,19
sleeptalk,3
effortless,2
away-ay-ay,4
comparisons,1
grrr,2
brody,1
starstruck,13
wisen,1
voyd,4
had,1
insta-baddie,1
daredevil,1
layla,1
sunlit,2
sunkissed,2
thunderstorm,6
sandstorm,1
pixel,11
interconnection,1
shies,1
unstrung,1
pearlesque,1
birthstone,1
anya,1
domes,1
sigils,1
aaa-aaah,1
evernight,1
hecatombs,1
sombers,1
whaling,1
degenerates,4
dividin,1
omit,1
brimming,2
condensation,1
gushes,1
supersoaker,7
gills,2
snorkel,2
pussyfoot,4
amateurs,4
redecorate,4
refracted,2
condensating,2
fontanel,4
gallang,4
nunn,1
dida,3
dissa,1
fimi,1
consignment,1
frist,1
mw,1
goof,1
punany,1
apprehensive,1
you-you-you-you,8
cobbled,1
pocked,1
tourists,1
comers,1
graffitied,1
gunmen,1
crackles,2
manicured,1
fetishize,1
floodwaters,1
uninvent,1
two-minute,1
salespeople,1
snagged,2
pan-handling,1
leeds,1
drizzle,1
crackling,1
dramas,1
arcing,1
estrangers,1
earth-shaker,4
rainmaker,4
cheapskate,1
oversleep,1
jahvi,2
flippy,2
tiad,1
cyaah,2
whatsapp,1
haschak,1
bradda,2
fawud,1
neko,1
seoul,1
one-one-one-nine,1
la-lal-la,1
bobber,5
foldin,4
slurpee,1
bodysuit,1
undressing,2
spender,2
clickety-clack,4
really-really,6
hearty,3
oh-me-oh-my,1
really-really-really,1
falcon,2
two-thirty,1
four-thirty,1
dooown,1
supposedly,1
convocation,2
yeah-oh-yeah,1
powersnake,10
wingless,3
lindworm,1
jrmundgandr,1
midgard,1
nessie,1
shadowland,1
flagons,3
mead,3
challenging,2
brder,1
av,1
stl,1
hj,1
ert,1
mjd,1
sg,2
skl,1
sejdlarna,1
flyger,1
vi,2
frgs,1
fr,2
smrja,1
vrt,1
mjdet,1
fldar,1
puny,1
forging,1
kinsmen,2
emptying,1
accomplishments,1
bureaucracies,1
sustainably,2
surged,2
infuriate,2
berate,3
hapless,2
shit-birthed,2
human-altered,2
yersinia,1
pestis,1
megalopoli,1
density,2
intensifies,1
modernized,1
boundlessly,1
bacillus,1
mephitic,1
anthropomorphic,1
pneumonic,1
septicemic,1
bubonic,1
anthropologic,1
carbon-based,1
casketed,1
bureaucracy,1
unerasable,2
post-anthropocene,1
squander,3
unappreciated,2
jahvy,1
fortnite,9
pleshy,1
mongst,1
fucka,3
accuracy,2
rudy,3
newbie,1
gego,1
technical,1
benelli,2
blogs,1
shrieks,1
entwining,1
dismembering,1
lividness,1
splintering,1
subjugation,5
impostor,1
paints,3
ichi,3
meanin,6
grid,2
la-di-da-di-da,3
hangovers,1
waltham,1
antiam,1
dakes,1
poochie,1
papine,1
adjourn,1
maggich,1
headaz,1
yourn,1
d.i,1
taaah,1
libertines,1
polaroids,1
skin-tight,4
bad-bad,2
eeeeh,2
ooohooo,2
carton,3
wether,3
idumota,3
wou,3
oyi,2
mumu,2
iyeeh,1
yeeeh,1
ulele,5
kpekem,4
kpekempe,2
iya,4
ijeh,1
kpekelle,1
djeh,1
ayeh,1
dentyne,3
seersuck,1
c-note,1
fillings,6
brodie,8
penicillin,1
pent,3
marinate,1
barricade,1
newtons,1
disputin,1
biscoffs,1
aux,2
pacsun,1
allstate,1
one-take-jack,1
ky,1
eight-five,1
six-five,1
worser-than-me,2
azcar,1
d'lo,1
classmates,5
vid,1
envelopes,2
eta,6
mamacita,2
laddies,1
bassheads,1
grey-haired,1
fissures,1
reclusive,1
assist,1
oculist,1
tali,1
fuh,2
sellout,1
juvey,1
curepe,1
ztekk,1
zesser,1
hideout,1
boosh,1
shoos,1
buju,1
malco,1
momo,1
deya,3
darkland,1
blackmarks,1
next-gen,1
mounds,1
checkmarks,1
verify,1
potentially,4
cliffside,2
partially,3
half-asleep,1
low-hanging,1
frivolousness,1
recommit,1
intertwine,2
elixir,2
casablanca,2
hummingbird,1
ambrosia,1
whaa,12
legit-ly,4
megan,2
voicemails,2
nagra,1
broski,5
extort,1
betterin,1
drippy,1
protein,1
blimp,1
embark,4
ring-ting-tingling,1
wintry,2
comfy-cozy,2
pop-pop-pop,1
currier,1
za-doo-da,1
doo-doo-da,1
doo-doo-ee,1
belling,1
hap-happiest,2
hosting,2
mistletoeing,2
myrtle,2
daytona,1
fast-lane,1
woo-ah-ee-ah,1
boutta,2
2020,5
tecca,1
samantha,1
puzzling,1
landmark,1
uppercut,1
retry,4
luden,29
cynicism,1
booty-shaker,1
twerking,9
deflated,1
zeeco,1
betterings,1
transfixed,4
abject,1
pall,1
rabble,1
aided,1
pests,1
bacterial,1
ensconce,1
delaying,3
refraining,3
forestalling,3
stonewalling,3
mothballing,3
extremities,1
gangrenous,1
snots,1
sputum,1
capitulate,1
affluenza,1
avulsed,1
convulse,2
excruciated,2
slicked,1
mega-volts,1
1s,2
depleters,1
suntanned,1
ebba,1
two-liter,1
commissary,1
shippin,1
endanger,1
toungin,2
blingin,1
spaz,1
ellie,1
cartiers,2
amuse,1
strokin,2
wowed,1
levitation,2
gnostic,1
encephalogram,1
geometrical,1
initiation,1
verticalization,1
lyrica,1
dreadfully,1
concerts,1
livestream,1
eachother,2
tumblr,1
tindr,1
swipe,4
single-player,1
know-when-you-know,3
stealer,3
t-shirts,5
stay-in,1
allergies,1
cheques,2
drrr,1
ions,1
mufasa,1
r-r-running,1
dalai,1
frayser,6
pimpins,6
disgraces,2
krystal,2
hhhr,2
do-ooh,1
oremvs,1
thov,3
lvcifer,1
cvt,1
grovnd,1
didst,1
bornless,2
vnspoken,2
allbegetter,1
yovr,2
vnholy,1
sovl,2
ivdae,1
svpreme,1
svbjects,1
vnto,2
ovtrages,1
verbvm,1
caro,1
factvm,1
movnt,1
fovr-horned,1
self-kindled,1
vplifted,1
kindled,1
dominions,1
pvrge,1
abyssal,1
colvmn,1
all-manifest,1
illvminate,1
gold-tipped,1
qvill,1
extol,1
earthen,1
retinve,1
perfvme,1
balsam,1
blood-radiance,1
effvlgent,1
insatiate,1
enflesh,1
self-arovsed,1
chiseled,2
otherness,1
wielder,1
abyssos,4
schism,2
bathos,1
divination,1
edging,1
metamorphic,1
re-skinned,2
shriveling,1
troublemakerz,2
hallelu-halle-hallelujah,2
swerving,11
exchanges,1
matter-fact,1
expenses,1
addresses,1
ross-in,1
appreciating,1
glacier,1
chasers,1
stereos,1
closets,1
jwray,2
dunbar,1
heeeeeeyheeeyheeey,1
yuhfeel,1
fingernail,1
foreplay,8
fos,6
fingertip,1
nutten,2
catty,3
savvy,1
pursued,1
dickstraction,1
cabo,2
tumblin,4
christening,2
quivers,1
bethnal,4
balm,1
braille,1
cheesin,2
realer,3
body-ody,1
blaq,3
rachet,4
mita,1
sora,2
akaneiro,1
nee,1
oboeteimasuka,1
yakusoku,1
chigiri,1
shoka,1
kaze,1
tsutsumu,1
futari,1
yorisotta,1
yagami,2
shinigami,2
jojo,10
kudge,5
gibby,1
e-boys,1
congestion,1
contested,2
pyromaniac,1
vibin,11
drowin,1
wrld,1
r-i-p,1
befo,1
oldself,2
seven-thirty,1
commencement,2
participation,1
concludes,1
participated,1
analysed,1
ailments,3
marionette,3
memorise,3
fountains,1
unmiss,16
unmeet,3
paddles,1
teepees,1
kitty-corner,1
taxis,1
trapper,1
pelts,1
astrodome,1
grandchild,1
watermelon,25
eh-eh-eh,8
hey-ey-ey-ey,4
depository,1
bares,1
hegemonizing,1
uttering,1
surrendering,1
demolishing,1
self-ruin,2
blackens,2
alabaster,2
luminescent,1
mwahahaha,1
browse,2
dears,1
bookshelves,1
shawl,1
unbeliever,1
severs,1
appalled,1
pastel,2
inconsiderate,3
timberlands,3
plums,1
angerfist,1
lieyou,2
al-i-i-i-i,2
one-bedroom,1
reacquainted,1
answerless,1
explored,3
telecasters,3
jitters,1
fitter,1
weaponised,1
mitzvah,1
short-term,1
one-track,5
sweared,1
cpr,1
year-round,1
jerzee,2
ojo,6
kereke,6
withdrawals,22
berettas,1
rosetta,1
n-n-nick,1
misbehavin,1
joahnna,1
angeloh,1
naani,4
agape,2
attachment,2
loko,3
loners,1
inconcise,1
miming,4
alerts,1
heart-eyed,4
hanumankind,1
glitch,7
butting,1
bangalore,1
pussys,1
kobain,1
crossers,1
boogied,2
necromanced,2
zombimbo,12
boogeyman,3
cutterfly,9
agbalumo,1
tadunmo,1
shon,3
l'oruko,3
n'irugbon,3
nko,3
koma,3
itumo,3
fireboy,3
ouuu,18
ouu,1
toyin,1
aaaa,1
shawdy,2
gbemi,1
sori,1
bebe,3
gbege,4
mogbe,1
gbagbe,1
se'mi,4
farawe,2
feeeeeeel,1
fluent,5
consonant,8
alphabet,8
kw,80
quail,8
uppercase,4
lowercase,4
toothpick,1
w-wait,1
wellsville,2
back-pocket,2
ba-ya-ohh,3
m1,1
espresso,1
northbound,10
vancouver,1
zoomin,4
pansie,1
arrousing,1
cram,3
zeet,2
shaqstar,1
brownin,1
kickstart,5
remission,4
wobblin,1
backbend,1
seahorse,1
rrrr,1
forwud,1
funds,11
wasteman,3
competent,3
waa,1
untilted,1
baltimore,1
secession,1
carat,1
stuntin,9
yummy-yum,16
yummy-yummy,8
fifty-fifty,2
incriminating,1
elated,2
yum-yum,1
woah-ooh,1
win-win,1
expeditiously,2
aggressively,2
sepulcher,1
synchronized,4
half-naked,1
high-fi,2
bhrasht,4
buddhi,4
dhoke,4
kab,4
sahey,4
chup,4
hoke,4
belagaam,3
lagaam,3
roke,3
hoye,3
machi,18
bhasad,18
dekh,18
beech,6
sadak,6
ab,10
khodey,6
kar,9
qabar,6
bas,6
khatam,6
hua,6
mera,9
sabar,6
self-sacrifice,1
unreality,1
interdimensional,1
whind,1
==,1
grrt-baow,1
dazy,1
mavy,1
bracing,4
ectothermal,1
sigma,1
aldrich,1
weller,1
swann-morton,1
sterilance,1
caduceus,7
annelid,1
ailee,1
rom,1
hoffman,1
geister,1
auro,1
tensile,5
phy-phy-phy-physical,1
whati,2
posh,2
balls-deep,1
dipshit,1
cuty,1
chubby,1
suppressin,1
felonies,1
bio-sphere,1
pollutes,2
shortsighted,1
draming,2
heymister,1
follow-through,1
blemishes,1
lika,1
ballads,2
half-crowded,1
suggestions,2
knuck,1
9-5,1
forreal,8
sleeper,1
machetes,1
elm,2
13th,1
ende,1
vidu,1
ningalude,1
analo,1
geronimoooo,1
breadcrumbs,2
combust,1
homegrounds,1
yotam,1
coronado,1
jonesing,2
flak,2
near-life,1
egoland,1
sunless,2
paranoiac,1
martha,10
mol,1
lineage,2
giorno,2
woosh,1
gangstar,3
bruno,1
hermit,1
iggy,1
avdol,1
waifu,4
hamon,1
muda,2
daisuke,1
kakyoin,2
wavlengths,1
za,2
warudo,1
rewrote,2
fanbase,1
smokepurpp,1
meteorite,1
re-define,1
slowdown,1
shamans,6
ba-ra-ra-ra-ra,9
skinnies,1
boof,2
letoa,1
1941,1
physicist,1
mcentire,2
rediscovered,1
munters,2
inventor,1
quantities,1
extrudent,1
closed-cell,1
moisture,1
kwik,2
sak,2
crappy,1
rafts,1
usages,1
decomposes,1
motors,1
a-runnin,1
me-oh-my,1
gapping,1
abrasion,1
laceration,1
latch,2
zinedine,1
zidane,1
cerrabellum,1
merita,1
parrabellum,1
hitmaka,1
mano,1
increasin,1
bossed,2
kushy,1
two-seater,2
unavailable,2
dateable,1
rolls-royce,3
fimmi,6
connis,1
backaz,3
academy,2
punanay,1
descendin,1
feather-white,1
oh-woo,1
sugarboo,3
renegading,3
weaseling,1
stipulation,1
electrically,1
computes,3
craziness,3
reaffirm,1
consummation,1
evolves,1
reactional,1
opposing,1
double-speak,1
scripting,1
asphyxiate,1
coup,3
d'tat,1
masquerades,1
bellicose,1
balkanized,1
leafless,1
mori,4
nodes,1
directive,1
resurrect,3
pre-calculated,1
accumulation,1
ostentation,1
commercial,3
automated,1
impulse,5
parametric,1
exiles,1
neglectful,1
forgetful,1
brazen,1
manifesting,1
commits,1
matricide,1
coddled,1
segregate,3
samedi,1
shilling,2
trickle-down,1
narcotic,1
superfunds,1
compliant,1
raffle,1
along-long,2
printer,1
stevia,1
commot,1
mothership,1
mucking,1
1972,1
obsess,2
dreaded,1
overfilled,1
eyeglass,2
kprass,2
kata,3
feshe,9
sambisa,1
lamborghinis,1
youngins,4
trapping,1
diors,1
chiefin,3
trackhawk,3
nipsey,1
distractin,1
upend,1
woodsmoke,1
pixar,1
flik,1
anthill,1
wall-e,2
mcqueen,2
editions,2
authentic,2
offbeat,1
bently,2
me-me-me,1
pitstop,2
taming,5
p-play,2
dibble,2
kyla,1
pratt,1
tiff,1
catastrophist,10
deflect,2
internalize,2
trip-trip-trip,1
drip-drip,1
plucks,1
sternum,1
ruing,1
technicals,1
moot,1
blowed,1
growed,1
unfeel,2
induce,1
un-sad,1
refer,1
rethink,2
self-states,9
nonbinary,1
chrie,1
tee-hee-hee,1
bargaining,1
velma,5
cross-examines,1
vel,1
handkerchief,1
slump,5
jenius,1
pressin,5
kash,1
koby,1
resulting,1
resemblance,2
delegated,1
cataclysmic,2
restores,3
lawlessness,1
angers,1
imprisons,1
entrenched,1
the-the-therapy,13
euthanize,2
assassinate,2
greyest,1
ankle,1
interpol,1
redrum,1
quay,1
migos,1
layup,3
squashin,1
mille,2
wockiana,1
thotiana,1
self-medicated,1
b.i.l,2
malandra,3
malandro,6
deepthroat,8
baddie,4
speed-dial,1
treadin,2
oh-woah-oh-oh-oh-oh-oh-oh,2
untucked,1
conceivability,2
dross,3
submerging,4
refining,4
regeneration,6
fire-ooh-oh-oh,6
oh-oh-ooh-oh-oh,6
oh-oh-ooh-oh-oh-oh,5
fire-oh-ooh-oh-oh-oh,1
infinitely,4
cedars,1
fizzled,3
satchel,1
stressful,3
18x,1
occupies,1
bluetick,3
greats,1
skynyrd,4
four-lane,1
yee-yee,1
aggressors,1
scatterings,1
fava,1
fieva,1
chedda,1
anywhe,1
ply,3
iy,2
keepa,1
twain,3
dixon,3
flexed,1
tech-tech-techtonic,1
atnita,1
tech-tech,1
teethe,1
arses,1
liftoff,1
dissapear,1
nasa,2
hazmat,2
anilingus,1
unproud,1
musiq,1
hmmmmmm,1
johncrow,2
voop,1
etunim,1
ani,1
ffo,1
dneps,1
yenom,1
kfi,1
pubby,1
shamanic,1
puede,1
haber,1
momentos,1
necesario,1
absoluto,1
silencio,1
voiceprint,1
8.9,1
communicating,2
sorbet,1
free-fall,1
sunoco,1
hummin,1
half-full,4
tucson,1
pickle,1
crinkled,1
6am,1
self-restraint,2
dry-y-y,1
matthias,2
woof,46
banking,1
stating,1
maserati,1
carti,1
saucing,2
cs,1
hittas,1
cannoli,1
filet,1
tyner,1
themed,1
subtronics,1
gabrielle,8
thumping,1
tents,1
maccas,1
idealistic,1
euphemize,1
iridescent,1
amelia,4
comparable,1
slumps,1
recounting,1
reliving,1
resplendent,2
ill-famed,2
swaddle,2
wingspan,2
timidly,1
financially,1
offenders,1
hyperbolize,1
americas,1
paraffin,1
disembodied,2
monolith,1
concessions,2
savages,2
largest,1
aboriginal,1
depicting,1
ignoble,1
sculpted,1
colonialism,1
definitions,1
pellegrino,1
grino,1
nibbling,1
dahlia,2
rass,4
humpty,1
dumpty,1
pyscho,2
cramps,2
shabdon,1
n'ave,5
gyalis,1
prank,2
yasuh,2
wagers,2
hellhole,2
disrepair,3
available,4
tickling,1
sass,1
glittered,1
scoffs,3
skateboard,1
4.0,1
gpa,1
vert,1
blowup,1
pompeii,1
bruuuuuhhh,1
clavicle,8
overtaken,1
synthesize,2
blick,5
gobble,4
truck-a,4
as-salam-alam,2
alaykum,2
ra-ta-ta-ta-ta,1
dayday,1
cha-cha-cha-cha-cha,1
yadda-yadda-ya,1
grrt,2
bachata,1
cha-cha,1
dmelo,1
coronavirus,1
ah-hah,3
tweetin,1
trendin,1
ratted,1
revise,1
bluffing,6
inanities,1
herds,1
begot,2
products,1
donations,1
escort,2
tropics,2
cation,1
employer,2
celebrates,2
mmm-hmm,1
toastin,1
dumps,2
smallmouth,1
silverado,2
four-by-four,1
relearn,3
tantric,1
reve,2
hooper,1
reno,5
bailout,1
foreclose,1
jobless,4
nikka,1
waka,5
dandruff,1
jiga,1
kalakuta,3
sars,1
enugu,1
yeezy,1
lekki,1
obafemi,1
awolowo,1
bigelow,1
fela,1
kuti,1
miebaka,1
isimgbaka,1
long-lasting,1
adjacent,1
bonnets,1
mo'fuckers,1
pteranodons,1
8:45,1
primeval,1
fertilizing,1
breaches,4
rune-wielder,4
armors,1
shaman,2
runer,1
finn,1
teikna,1
tydde,1
stavar,3
mykje,2
sterke,1
fimbul-tul,1
farga,1
hge,1
makter,1
maksla,1
ragna-ropt,1
skar,1
veit,8
riste,1
rde,1
farge,1
freiste,1
bn,1
deit,1
sende,1
slakte,1
powerviolence,1
pico,1
money-dance,3
uhh-uh,7
splashin,1
holed,2
air-cushioned,1
thermos,1
akudama,1
corvus,1
surfeit,1
blossoming,1
umbra,1
misstep,2
listnin,1
portugal,1
apanhar,1
sol,1
70-7,1
blaire,1
fanfare,1
coals,2
workout,7
akon,1
brucker,1
8-7-6,1
matta,5
chune,1
enuff,3
skrting,1
trynna,7
epochs,1
misfortuned,1
plannings,1
belle-eau,1
wicket,2
headback,1
7.62,1
corduroy,2
atman,1
namaste,2
vernaculary,1
haymakers,1
bongo,1
sixty-nine,2
shieverin,1
stutterin,1
czech,2
beretta,2
balmain,2
gosha,1
vetements,1
fetti,1
italy,2
dripper,1
freckle,1
mmm-mmm-mmm-mmm,4
zoomed,2
kebo,4
pepperspray,1
fade-ade,1
fray-ay,1
sidekick,2
overwear,2
scuff,3
skylight,5
catalogue,2
accolade,1
dialling,2
ecg,1
ex-marine,1
ex-love,3
travellin,4
he-who-will,1
not-be-mentioned,1
vodka-coke,1
staging,1
sophistication,1
calhoun,1
goodyear,2
broke-in,1
pilly,6
prr,6
listerine,1
gasolina,1
a-haa,2
404,1
disney,6
yc,1
refund,1
mani,1
pedi,1
covid-19,4
karated,1
wock,2
giannis,1
slushed,1
unbothered,4
postin,1
loaf,1
bagg,2
runtz,1
smell-proof,1
fisher,1
bendin,1
sike,3
accurate,3
ah-ah-ahh,7
ay-ay-ayy,1
phuture,175
phu-phu-phuture,4
phu-phu,2
overheating,1
overstimulated,1
lilys,1
fazed,1
wrestled,1
californ-i-a,1
dj-vu,1
barham,1
blvd,1
cogs,1
post-chorus,2
delicacy,3
distributed,1
juliette,7
06,2
f150,1
thirty-threes,2
fixin,6
dropdown,3
7500,5
obo,5
watercolor,1
shotgunnin,2
mailman,2
barked,1
mira,5
fanta,2
tyna,1
unpleasant,1
old-school,6
processing,1
maddie,3
tanned,1
moonboy,1
pant,1
buzzards,2
clawin,2
emergin,1
reignin,1
overlook,1
designate,3
stupefied,1
exercises,1
skrrt-skrrt,5
performin,1
liter,1
two-step,3
unselfish,1
know-oh-oh,6
preconditioned,1
brevity,1
bodda,1
bagga,4
di-di,1
pacquiao,1
scammer,7
clickin,7
nobu,8
tippin,6
monzo,1
mainstreams,1
holders,1
trappers,2
blacklisted,1
blueface,1
br,1
7/11,1
k1,2
made-believe,3
aversion,1
abiding,1
circadian,1
faculties,1
atrophied,1
worshipers,1
famines,2
mothafuckers,2
a.i,4
avoidance,2
okays,2
lo-fi,1
hem,2
haws,1
tutti,1
frutti,1
revs,1
whoa-whoa-oh,1
illuminates,1
unbend,1
got-over-you,1
mad'ning,1
voip,1
arsehole,2
jared,2
jawline,1
abule,2
bestfriend,1
kunle,2
shile,1
gyals,6
takasufe,1
oshe,2
mowe,2
meg,3
ebute,1
metta,1
niger,1
ololo,1
gyal'them,1
ogologo,1
sharply,1
themself,2
pharmaceutical,1
gage,3
mussy,2
resuscitate,2
animate,1
likke,2
mormon,1
fuckface,1
ambidexterous,1
marksman,1
squady,1
gambino,1
inno,2
hearses,1
constantine,1
aka,4
kindergarten,3
disregarded,3
carpool,1
flavoured,2
uh-ah,15
archive,2
unraveler,1
temporal,1
halcyon,1
embed,5
scanner,1
lifestyles,6
campaigns,2
gaslighting,1
ever-deceiving,1
enshrined,3
assuage,1
d-d-d,1
d-d-d-d-d-d-d-d,1
bisquick,2
gorilla,3
d-d-d-d,1
d-dangerous,1
m-m-m-m,1
m-miss,1
ju-just,1
oreo,4
punani-nani,16
tsunami-nami,16
puckerin,1
muzzle,2
big-big,5
tipper,1
dick-a,1
dumb-dumb,1
duck-duck,1
boomed,1
ding-dong,1
dyn-na-na-na,10
rangda,1
wallows,1
deriving,1
regent,1
leyak,1
tremulous,1
disciplined,1
barong,1
un-fucking-surprising,2
depose,2
lockstep,1
gourmands,1
chins,1
wafer-thin,1
pyrrhus,1
fantasizes,3
self-evident,1
metals,1
zeitgeist,1
ebay,2
iberibe,2
spinal,1
muri,1
skuri,1
nigerian,1
brewery,1
aiye,6
po,9
nkan,6
olorun,6
woro,14
koro,25
jisoro,5
owo,3
loke,2
gongo,2
aso,2
gani,2
pretendi,1
kilokanmi,2
gboro,4
woihh,1
cordless,1
transmitted,1
fuckwits,1
universally,1
ballbearings,1
protoplasm,1
unnegotiable,1
disfigurement,1
tasteless,1
wank,1
hysterically,1
eureka,1
midsummer,1
blueness,1
625,1
overhyped,1
overexposed,1
grindcore,1
fundamentals,1
lifelessly,1
putrefies,1
ing,1
hin,1
yayayana,3
nanananana,11
wosa,10
osa,12
yayana,3
yayanana,6
nananananana,1
wos,2
geti,1
forgetti,1
masa,2
realising,4
shebi,1
koroba,42
kuru,6
mugu,1
igboro,1
wole,2
worki,2
kila,2
oga,2
mouthpiece,1
atavistic,1
crusaders,1
engorged,1
bete,1
noire,1
indomitable,1
emperors,1
defame,1
unbloodied,1
predominance,1
tartarian,3
christs,1
purgation,1
purifier,2
ablation,1
bulbous,1
prune,3
inseminates,1
skullcrushing,1
manya,4
palava,1
mallam,1
jara,3
septembers,1
bizzies,1
fleece,1
nowt,1
spirallin,1
snide,1
canny,1
dwp,1
econoline,1
nickel-plated,1
ilusin,1
tambin,1
vive,1
enganes,1
stickup,1
vipers,1
incontrollable,3
combustible,1
reveling,1
semi-conscious,1
paramedics,1
resuscitation,1
droptop,11
naffi,1
dawdy,1
dettol,1
croc,1
factual,1
gun-crazy,1
bayy,2
peform,1
nut'n,1
remmber,2
2055,6
aks,1
unlearn,3
closr,2
brak,2
littl,5
mrow,2
feline,1
slink,4
blus,1
yohoho,10
th,137
nck,2
plummet,1
mistrusted,1
clammy,1
ketamine,4
cofused,1
uhuhuhuh,1
reget,1
zooming,4
typos,1
abridged,1
time-space,1
juking,1
mammary,1
head-rush,1
inundated,1
migration,1
pimp-slap,1
air-dry,1
swiss-cheesed,1
hairline,1
halogen,1
hallucinations,1
guernica,1
brissy,1
encouraging,1
ral,3
pinked,1
degular,1
so-so,1
l-l-love,18
ba-ba-baba-ba-ba-ba,1
ba-ba-ba-baba-ba,1
expiring,1
arif,1
buryberry,1
campari,1
anno,1
settings,2
shellings,1
steppings,1
walet,1
middel,1
daggies,1
steepings,1
jeannie,1
hom,7
spok,1
tableside,1
duracells,1
maglite,1
lie-lied,1
mpty,1
battl,1
rach,3
thes,4
thn,6
els,1
thrashed,1
worris,1
undertake,1
mask-off,1
wildlife,1
non-existences,1
posers,1
thrasher,1
eurynomous,1
abominations,1
morass,1
facetiming,3
laving,1
deprive,1
noir,3
dram,4
angls,3
thickest,1
mercys,1
dangerously,1
stp,2
caus,10
twentieth,1
off-chance,1
la-da,13
loozay,3
eenie,3
meenie,3
toppys,1
beastmode,1
spazz,1
milan,2
over-rolling,2
santorini,1
warpath,1
commin,1
crumblin,1
fumblin,3
lounging,1
examples,1
lunging,1
promis,2
mak,6
lft,2
grievin,3
casper,2
gst,1
ute,1
nrl,1
blotto,2
rotto,2
wafl,2
moondyne,2
waxit,6
schooners,2
federation,1
governed,1
rquire,1
solv,1
atheists,1
flamethrowers,1
tragdy,3
faux-rad,1
malthus,1
immodest,1
selmers,1
comp-sci,1
toured,1
colonize,1
tian,1
omoge'n,1
attomatic,4
hispanic,3
gurgle,3
pick-pocket,3
vss,3
whittaker,3
charismatic,3
sud,3
potus,4
mada,2
g6ix,2
evrybody,1
vick,1
forsworn,1
denouement,3
idyll,3
conscripted,1
knave,1
auger,1
straggler,1
unopposed,1
aliexpress,1
dou-double-double,2
sumbody,1
jonny,1
mobiles,1
difficulty,1
rigged,1
togethers,1
sams,1
piec,2
taha,1
weebs,2
saitama,3
shadow-clone,2
jutsu,2
floppy,2
sao,2
iroh,2
stans,1
zoro,1
kirito,1
74th,1
dorochio,1
bozo,1
roy,1
binging,1
zenitsu,1
zap,1
odie,1
artifact,1
bulma,1
firsts,3
toga,1
jenga,1
three-day,1
southsider,1
eastender,1
tine,1
tempah,1
benga,1
br3nya,1
airbnb,1
kwenga,1
juug,2
ymcmb,1
e-n-d,1
hiatus,1
cctv,1
uk-k-k-k-k-k,1
trapfull,2
sprayin,2
tusslin,1
dimin,1
wher,3
x-y-z,1
y-z,1
d-e-f-g,1
h-i-j-k,1
solidly,1
achieving,1
glue-less,4
instinctual,1
self-talk,1
procrastination,1
insid,2
run-on,1
disappar,1
bubby,1
n-nah,4
chattin,1
scribbles,1
hurdles,2
pottery,1
quantity,1
rivalry,1
thre,13
anothr,6
wer,7
skye,13
haling,1
green-brown,1
whitley,2
speakrs,1
seatr,1
quarter-million,3
viking,1
seater,3
greenwood,2
swinged,1
smi-i-ile,1
cry-aye-aye,2
whre,11
unstoppabl,1
bautiful,2
gravitation,1
goldn,1
ventin,2
quittin,1
all-out,2
mak-believe,1
somwhere,1
furiae,2
nocturni,1
terrores,1
allusion,1
daemonia,1
tua,1
darknss,2
zub,3
keshi,5
fornuto,1
kidszn,2
da-da-da-da-da-da-da-da-da-da-da,2
pita,1
dnd,1
jeter,1
7:35,1
roadtrip,1
sunscreen,3
winnebago,2
turnaround,1
tie-dye,1
force-feed,1
fac,2
downloaded,4
kloud,1
viruses,1
yellowstone,1
quintessential,1
latter,2
terminus,1
northwest,2
massachusettes,1
ballona,1
lutheran,1
figurative,1
tn,2
xannies,1
louvre,1
outcom,1
ivs,1
renegades,14
garroted,1
post-love,1
post-truth,1
black-bagged,1
rigging,1
unbelievers,3
convoluted,1
trepanning,1
abstain,1
danc,3
tongus,1
myslf,3
ravns,1
torching,1
culpable,1
baring,1
quarantin,1
tailspin,1
receptacle,1
laet,1
avnue,1
reenact,2
bmxing,2
pmsing,2
nsync,8
2k,1
boi-1da,1
thumper,1
shumpert,1
chock-full,1
all-white,1
lucci,1
quiiso,1
shloob,1
2for,1
globe-trot,1
kellogg,1
frinds,1
lubbock,9
stephenvill,1
sheri,1
g.o.d,1
misconceiving,1
boi,1
brokeass,1
rplace,1
mistak,1
deepr,2
dspise,1
prdition,1
aidan,2
ravished,1
necrolust,1
violenc,1
snse,1
uplift,1
thse,2
silvr,1
mistleto,1
godawful,1
midday,1
flittering,1
comings,1
goings,1
young-bloods,1
a-buzzing,1
a-crying,1
blacula,9
a-hunting,1
a-calling,1
a-wailing,1
overpaid,2
pdal,1
jammies,1
cuddled,3
geeky,3
floh,1
bst,3
wherevr,2
lollipops,1
oma,1
nevr,16
sunsick,4
rntal,1
quickr,2
groundin,1
flat-linin,1
remainder,1
lse,1
self-hating,1
dislike,1
emblem,1
anecdotes,1
kneecap,2
coms,2
entomb,2
arterial,2
sver,1
uncloud,2
slf-made,1
flsh,1
pedaled,1
fiere,1
gude-willy,1
cedes,4
leav,2
geehues,2
yeezo,1
yoyo,3
wherver,1
meechco,6
boobie,3
criminalized,1
zip-ties,1
mazda,2
dented,1
sprintin,1
photogenic,1
2:30,3
wows,3
kardashian,1
tach,1
freshen,1
justification,1
agitation,1
fir,7
stabl,1
santas,5
inventions,3
frozer,2
kev,1
articles,3
unremarkable,1
eighth,2
keepr,1
swishing,2
rock-bottom,1
la-da-di-da-da-da,2
la-da-di-da-da-da-dow,2
mazes,4
aftr,2
mch,2
lengthen,1
damvand,1
draconic,1
smi-il-il-il-il-ile,8
siah,6
s-m-i-l-e,2
carema,1
yah-ha,1
thrifting,1
90s,1
i-75,2
boulvard,1
usd,3
misaligned,1
misguide,3
keepsake,3
maad,1
omah,3
go-d-ly,4
ungod-d-ly,4
jaiye,2
ena,29
coolu,2
iiv,1
cassette,2
aspect,1
handset,1
kainji,1
iive,1
christmastide,6
sparkl,1
desir,1
ph,1
shadowy,2
snowdrops,1
module,1
befriending,1
eh-h-eh,1
gve,1
ma-mama-mama,19
alakazam,2
like-a,3
whoaaa,1
zip-dum-dumdum-bum-bum,1
ayy-ayy-ayo,1
blixkys,7
shiggy,1
d.o,1
blixk,4
gang-gang,6
hi-tech,4
talibans,3
twirlers,3
shiggys,3
blizzy,6
stollie,1
backend,1
gaspin,1
dragic,1
onlyfans,1
slappins,2
sheesh,11
amiri,1
truie,1
wifin,1
captions,3
choos,1
grrah,3
stepper,2
becaus,1
well-used,2
undrstand,1
slef-portrait,1
moonlights,2
chale,2
nikle,2
gucchhe,1
tarah,2
guchhe,1
recontextualize,1
ideate,1
executive,1
downsizer,1
administrator,1
increments,2
slow-moving,2
self-belief,3
mullet,4
airshows,1
tornadoes,1
kools,1
hanks,1
rat-tail,1
moullette,1
roadblock,2
bologna,1
prouder,1
unfloppable,2
miself,15
nutty,1
govi-govi,2
dribbler,1
similac,1
piggyback,1
hitman,1
lipton,1
antisocial,1
strikeforce,3
retweets,1
poppi,1
sponsor,1
manley,3
sangster,3
jase,1
learnd,2
la-da-da-la-la-la-da,2
la-na-na-na-na-na-na-na-na,1
eyes.feelings,3
simulants,1
vil,1
unbinding,6
hangd,1
maraudrs,1
abhorred,1
nymph,1
wizards,2
escalated,3
intimidated,1
arcs,1
ceasless,1
kage,8
hokage,5
kisame,2
kakashi,3
shinobi,1
trnches,1
cosplay,1
yahway,1
tll,6
a/c,1
carats,2
snow-globe,1
plymouth,1
tinderella,1
encore-core-core-core,1
pch,2
lakeside,1
dimmer,1
dreamgiver,3
gravediggers,3
tangents,1
replaying,2
irradiant,1
dialled,2
realiz,1
pryin,2
prostration,1
frizzy,1
bordom,1
btter,6
lukewarm,3
tri-winged,2
maelstrom,2
ignis,1
unhasting,1
wheee,1
triglav,4
enlights,1
triskhelion,3
cntre,1
navia,2
xultation,1
blind-sighted,1
svarog,1
libation,1
tyrrany,1
domin,1
interstellar,1
vestment,1
minin,1
119,1
bast,2
ther,11
zim,1
wh,1
two-by-four,1
guardsman,1
hawkeye,1
forty-odd,1
overthrowin,1
smokestack,2
dissipate,1
on-time,1
clothesline,1
downbeat,1
phyzer,1
can'ts,2
won'ts,1
nver,16
tuft,1
goofin,1
backflips,1
decals,3
investor,1
tester,1
attachments,1
adlibs,1
ahegao,4
zius,3
senpai,15
yandere,1
glamor,1
otaku,1
hellsing,1
nico,5
kawaii,3
kouhai,3
jigglin,3
simped,3
bebop,1
faye,1
fullmetal,1
nine-thousand,1
nii,1
bunkai,1
kunais,1
academia,1
rawr,1
pats,1
somone,3
metamorphosize,1
divisive,3
bugging,1
wak,3
whole-time,1
driv,2
evn,2
galleon,1
tepid,1
where-where-where,1
deteriorating,2
lowered,1
wastlands,1
forget-me-not,1
midwinters,1
boatman,1
mazed,1
mes,4
songes,1
dversent,1
lac,1
d'oubli,1
flotte,1
sommeil,1
linceul,1
willpower,1
downwards,4
d'une,1
charnelle,1
treinte,1
ailes,1
posent,1
seuil,1
demeure,1
headshot,8
breakups,3
numbr,1
powr,2
draping,1
repelling,1
awar,1
20/160,1
substituted,1
toking,1
rst,2
9-to-5,1
believ,2
ndlessly,1
typhoons,5
rutting,1
mbrace,1
weakr,1
surrogate,1
princ,1
goosbumps,1
7-1-3,1
2-8-1,1
wildness,1
snapchat,1
ginnies,1
doheny,1
misinformed,1
alternator,1
intence,3
homophone,2
afta,5
smaddy,4
peepee,2
clockwise,1
rastafarian,1
mawga,1
sed,1
employed,1
spacin,1
aero,1
agoraphobic,1
latte,1
gainsbourg,1
lounger,1
aloo,3
gobi,3
chai,1
thm,10
nhs,1
kmt,1
ne-e-ext,1
high-igh-igh,2
dtb,7
tech-fleece,1
suttin,1
adzmilli,1
dexter,1
1xtra,1
evra,1
hctor,1
tithes,1
yields,1
damnations,1
noose-like,1
purgations,1
corruptions,1
votive,1
netherland,1
archer,1
semiramis,1
enchantress,1
nimrod,1
apochryphal,1
tammuz,1
revising,1
hellequin,1
babylonian,1
that-that,5
dinnr,1
lsson,1
imbalancing,2
mayb,2
c63,1
125,1
topples,1
brathe,3
mise-misery,4
bittrsweet,1
2021,1
pontiac,1
1999-9-9-9,1
y2k,1
tars,1
disappointing,1
differnt,1
tactfully,1
arima,2
bandwagon,2
bacheloriate,1
quarter-century,1
twenty-twenty,1
cristiano,1
zeri,1
pcket,1
removal,2
nefarious,3
marceline,4
goatee,1
upmost,1
snoring,3
wif,1
simping,2
bickering,1
strummed,1
isabelle,10
ciroc,3
friendsll,1
bettr,4
porter,1
hroes,1
fraking,1
frind,1
uttred,1
detroiter,1
mudd,8
trembles,1
paired,2
fireballs,1
ven,2
tended,1
he,1
riddin,1
extending,2
hy,3
sinc,2
everyon,1
elys,1
lombardis,1
killstation,1
uuu,2
ralize,1
deceivd,1
hll,1
filld,1
aooh,2
continu,1
baiting,4
raft,1
larn,1
witnss,1
amazonia,10
specter,1
creepy-crawlies,1
frights,2
clos,2
sweats,8
typ,1
rmains,1
explod,1
jeni,10
to'n,8
shoshi,8
femi,8
rabba,1
loyan,1
lete,2
gb'omo,1
butterscotch,1
allowance,1
go-time,2
shelvd,1
shelved,1
crueler,1
strewed,1
hopelssly,1
horsemanship,1
asferoon,1
forgivable,1
damns,2
hos,1
a-following,4
threatening,2
sentencing,1
anhedonia,2
wonderers,2
voidness,1
strove,1
despairing,1
docta,1
gloudon,2
sudan,2
deevn,2
measle,2
broadman,2
nutn,1
godfather,2
dela,1
vega,1
seaga,1
zukie,1
becau,4
oy-oy,3
wahs,2
deven,6
pending,1
coyotes,3
sagebrush,2
misrable,1
weirdest,1
evr,3
lts,1
outsid,3
girt,1
fd,1
borrowin,1
hell-bnt,1
waker,1
puffer,1
ushr,1
temujin,1
genghis,1
rpeats,1
motorcycles,1
benzs,1
trending,4
squeals,1
subcontinent,1
one-point-three,1
trailblaze,1
logo,1
cocoa,1
committees,2
tamper,1
kalmi,1
bengaluru,1
five-six,1
colorway,4
romanian,2
travelers,2
desperat,1
um-um-um,10
eilish,2
khalid,1
deepst,1
conspired,1
backhand,1
low-low-low-low,14
saboteur,2
obsidian,3
banishd,1
banshee,4
hauntress,1
harrower,1
grueling,1
acceleration,2
witchstricken,1
serviam,11
progenies,1
fuds,1
cindrs,1
left-hand,5
youv,1
befor,1
clanging,2
open-end,1
romancers,1
sure-to-shade,1
mite,1
concurrently,2
undersea,2
incomes,1
"4,5",1
lat,1
galley,4
prow,4
barque,4
hew,8
foemen,8
stradivari,1
joyride,1
clank,4
bins,1
recy-cle,1
sooooo,1
bcause,1
fourty-two,1
robo,1
rebe,1
wa'nbi,7
rewa,2
wanbi,1
adun,1
wisco,1
haled,1
fallowed,5
paled,1
spring-time,1
topple,1
wirte,1
spiny,1
charg,1
attendence,1
peacefuls,1
neiman,4
couches,4
evrywhere,1
du-du-du-ru-du-du,4
caleidoscope,1
ohh-ohh-ohh-ohh-ohh,8
perfector,1
mitment,1
g-o-d,1
t-h-o-t,1
giv,4
stencil,1
lounged,1
kinetic,1
deflate,1
kendrick,1
lamar,1
ritz,1
forevr,2
dewdrops,1
lull,2
throng,1
forgt,3
unhappily,1
long-gone,3
drss,1
mor,5
wre,3
mullah,2
145,2
rego,2
mangekyou,3
amaterasu,2
susanoo,1
ignant,1
rasengan,1
bijuu,1
kurama,2
nine-tailed,1
kaguya,2
kuruma,1
handbook,1
multi,1
rinnegan,2
hagoromos,1
madara,1
referred,1
backdrop,2
facility,1
fragility,1
gist,3
fringe,1
vicinity,1
hagaromos,1
well-prepared,1
unblink,1
blieve,1
birdies,1
tensions,1
hi-hi-hi,1
hi-hi-hi-hi,1
tip-toein,1
intents,1
purposes,1
rd,1
maleena,1
diazepam,1
milligrams,1
escap,1
banisters,7
weathervane,1
convincin,1
clarita,1
tex,1
mex,1
chucky,1
mony,2
kaydrippedinsauce,1
ayyyy,1
skrrr,1
valentina,1
peut,1
n'aie,1
peur,1
vouloir,1
assez,1
dawgies,1
all-all,1
0s,1
godsnd,1
outgrew,4
somthing,1
rsenting,1
resenting,1
deal-a,2
faulty,1
dpression,1
clarkson,1
answr,1
havy,3
misplace,1
tandem,3
bach,1
dover,6
orang,1
encompass,1
a-o,17
a-o-k,30
two-four-six-eight,1
shimmy-shake,1
gourmet,1
groundhog,1
sneakdisses,1
tashawn,1
tence,1
wol,4
devn,1
rockabye,1
togetha,1
he-he-he,1
fuckry,1
mummi,1
he-he-he-he,1
relase,1
spac,1
visionaire,1
gravestones,1
listn,2
sunnier,1
dmac,1
dosed,1
morant,1
walk-in,1
rotisserie,1
stamped,1
hitters,1
tri-color,1
sherbert,1
movis,1
ralized,1
oh-woah-woah,6
fantasizin,5
subtract,1
vide,1
writ,1
woah-woah-woah,1
spank,1
whil,2
saf,1
clyde,2
drocer,1
nekorb,1
ekil,1
scond,1
circuiting,1
ca-ca-ca-ca-carl-carl,1
timeouts,4
play-playing,2
broccoli,1
oxytocin,1
nda,2
kauai,1
check-ins,1
a-a-a-ayy,1
onc,1
inseparabl,1
armchair,1
outraged,1
declamation,1
upstaged,1
falters,1
gunfire,2
yeeaaah,1
kilome,41
kilometres,16
tey,3
alomo,3
bitters,3
odogwu,1
chopstix,2
kilom,1
aje,2
bruddah,4
kilome-me-me,3
tird,1
yars,2
diffrent,2
trophis,1
outroped,1
redeye,6
trid,1
hre,8
locomotion,1
chug-a,27
chug-a-chug,1
curvy,1
la-la-la-la-la-la-la-la-la-la-la,4
thir,1
kn,1
m-i-s-s-i-n-g,2
m-i-s-t-e-r-y,2
bodied,6
odee,1
rollout,1
lotus,4
podium,1
groggy,1
taijutsu,1
nindo,1
royce,1
two-seat,4
murdah,1
habibi,1
bearable,1
happir,1
wll,3
bew,1
champagne-poppin,1
applebee,3
squeaky-squeakin,3
alabama-jamma,3
theskoal,1
maybelline,1
up-do,1
somtimes,1
shipwrecked,1
tucka,4
1-800-love-baby,2
1-800-l-you-v-b-a-b-y,2
heya,1
ovr,5
www.myspace.com/tuckalove,1
momnt,1
green-lit,1
ither,1
firs,1
seeming,1
singalong,1
slavering,2
advisors,1
perilously,1
brothel,1
creepers,1
colourless,1
praenuntius,2
maniacal,2
inescapeable,2
rvolution,1
trillion,2
multiversal,2
interjection,2
amalgamation,2
uprising,1
blotted,2
reprival,1
sharpens,1
prtty,1
bonshen,5
aza,1
mamalet,2
pesh,2
bakasi,2
panpana,1
godstone,2
clientele,1
prospering,1
oversaturated,1
kai,2
wachi,1
trensetter,2
on-grid,1
dubstep,1
pixelate,1
remembr,1
haz,1
tetell,4
lololove,1
iit,1
mepull,2
loudloulou,4
aoh,4
amigos,1
oh-uh-uh-uh,1
100k,2
turbo,2
decimals,1
money-making,1
binge,1
postd,1
5k,1
edg,1
braven,1
poss,1
obfuscate,1
revolvers,1
prov,1
borse,1
safty,1
yeah-yah,1
wuleep,4
gio,3
ownr,1
knox,1
don-na,1
receipt,2
audemar,1
yeng,4
boasy,3
paula,1
jermy,1
a'diana,1
mutually,2
proxy,1
preemptive,1
crux,1
taks,1
plase,2
a-curlin,1
evning,1
lovd,3
elevn,1
nam,1
road-trippin,4
want-want-want-want,1
jumpsuit,3
charlotte,1
uncl,1
pretzel,1
playtime,1
doggin,1
canines,1
phenomena,1
19th,1
physicists,1
postulatd,1
permated,1
buzzzzz,1
ase,1
beekeeper,1
acclaim,1
tacky,2
celebratin,1
buzzzzzzzz,1
pollinators,5
gi-gi-girl,3
undefeatd,1
ba-baby,1
romancs,1
characterized,1
marshmello,1
supernovacane,2
supernovacan,1
shockwave,29
galloping,1
clop,1
mugler,1
doja,1
paches,1
baches,1
oh-ah-ah-ah-oh-yeah,1
uh-woah,2
torque,14
decore,4
jook,1
enu,1
twek,1
spnd,1
yestrday,1
checkd,1
decieve,1
rlying,1
fraidy,2
firehouse,2
jerital,1
merital,1
hissed,1
half-awake,1
sooted,1
desertion,1
char,1
muddied,1
wincing,1
swaths,1
respites,2
unearther,1
respits,1
oh-ooh-ah,1
nd,1
spruces,1
red-blooded,1
tenfold,1
diorama,1
goddesses,1
robyn,1
fenty,2
regina,1
tomboy,1
p.c.h,2
pasta,3
squid,16
invertebrates,1
swimmer,1
phelps,2
propulsion,1
cephalopod,2
cuttlefish,1
debut,1
mollusk,1
compost,8
annabelle,1
smartie,1
rac,1
finishin,1
zeppelin,1
doug,1
spacey,1
avery,3
burt,1
shanise,1
trivia,1
inhaler,2
flappin,1
carey,1
hayden,2
brittney,1
terrence,1
devon,1
hakeen,1
aria,1
demar,1
sophia,1
poopin,1
motional,1
rflections,1
diffrently,1
normalcy,1
properties,1
ashin,3
nuances,2
roll-up,1
sippy,1
mimosa,1
ayatollah,1
rovr,1
strawbrry,1
recharge,3
ignitions,1
agreement,2
mope,1
corporation,1
sunri-i-ise,1
da-na-na-na-na-na-na,6
lie-ie-ie,2
bateman,1
plowing,1
saver,1
mov,1
do-do-do-do-do-do-do-do-do,13
cordadis,1
kanmunnile,2
thaaramalai,2
nenjinile,2
kayam,2
thoondrathe,2
yaarkittayum,2
sollamalai,2
ethir,2
paarthath,2
irai,2
erthavathe,2
breakfree,6
panopticon,1
thos,1
ay-ay-ay-ay-ay,1
hold-up,1
i-65,1
victorious-us-us,8
aliv,1
wooh-oh-oh-oh,2
criss-cross,3
hardaway,1
fingrs,1
nebraska,6
oh-oh-oh-oh-oh-oh-oh-oh-oh,1
picnics,1
shlf,1
shew,1
walth,1
un-moveable,1
alters,1
employers,1
verything,3
lawns,1
shrooms,1
dingalings,1
half-baked,1
lonelinss,2
rason,2
superpowers,3
4:55,1
6:58,1
peakin,1
8:31,1
slurrin,1
shapeshifter,5
minddrifter,1
switcher,3
kaboom,1
mula,31
spectrum,5
la-la-la-la-la-la-la-la-la,4
rooting,2
20k,1
weeknight,2
contrast,1
drop-dead,2
tongue-tid,1
immorality,1
conspiritists,1
surveying,1
sanctum,1
re-appear,1
sidetracked,1
btween,2
essentially,1
communicaton,1
extraterrestrials,1
spiky,1
anyon,1
you-oo-oo,7
you-oo-oo-oo-oo,7
chargie,1
ee-ee-ee,1
shenseea,1
oohh,4
drownd,1
tnnessee,1
chuleee,1
telli,6
ai,1
investment,2
chulo,5
stoopid,3
consur,1
detector,1
abov,1
cyfal,1
tsaha,2
pw,1
upsid,1
factime,1
togther,2
hy-hey,1
soothin,3
forver,1
government-issued,1
complains,1
o-o-oh,1
saturate,10
wellspring,1
dangr,1
unrested,1
yeah-ee-yeah,2
eastsyde,1
baddi,2
deh-deh,1
pawpa,1
zacapa,1
donada,1
jal,1
ansa,1
imminently,1
sematary,1
derangements,1
ayup,1
rsist,1
past-tense,1
liquors,1
staircases,1
drago,1
clubber,1
religiously,1
venturing,1
underw,6
wham,2
rata-tata,12
rata-tata-dabadaba,6
go-ooh-ooh-ooh-ooh-ooh-ooh-ooh-ooh,3
go-ooh-ooh-ooh-ooh-ooh-ooh,3
chalked,1
standup,1
southeast,2
bristles,1
prompto,1
goth,1
sedimentary,1
aristotle,1
camisado,1
rsum,8
blu,1
unimportant,1
lenny,1
ahmaud,1
airbone,1
studyin,2
evolvin,1
hb,1
tarantino,1
curbin,1
pinot,1
casinos,1
ethos,1
placin,1
shopped,1
copped,1
shish,1
kebab,1
streetwear,1
hit-boy,2
contendin,1
sumbling,1
drived,1
grounding,2
befallen,1
defacing,1
remotely,1
exempt,1
dysentery,2
hatching,1
piloting,2
propelling,1
gliders,1
frindly,1
sic,5
chambered,1
honst,1
bullseye,1
ali-i-i,1
allure,2
attraction-ah,2
go-oh-oh,3
hickory,3
rustlin,1
sun-settin,1
advertisement,2
witchery,2
precipitation,1
sedimentation,1
reprobation,1
recrimination,2
invntions,1
expending,1
unhollowed,1
relapsing,2
confronting,1
awaking,3
putrefying,2
intermediary,1
recriment,1
brath,1
messag,1
retraced,1
roadsid,1
dvil,1
duchenne,1
jae5,2
pence,1
234,1
naij,1
primate,1
euston,1
brekkie,1
s.i,1
bling-bling,1
endoparasitic,2
ulcers,1
perennial,3
7s,1
strengths,1
mincecore,2
bylaws,1
indiscreet,1
stick-and-poke,1
mincing,1
undaunted,1
basquait,1
hoser,3
mirth,1
ons,1
avoidable,1
ribcage,2
draughts,1
skywards,2
juries,1
convalescence,1
engulfing,1
woodland,2
hatework,1
reclaiming,3
pythogenesis,3
laydown,1
venerated,1
quarry,1
inlet,1
ever-swaying,1
wherein,1
eichler,1
half-ass,1
lay-low,3
microscopes,1
pacifists,1
heave-ho,1
prettily,1
wnt,2
disassociating,1
yeow,1
record-buying,1
w-w-w-w-we,1
oh-oh-oh-ah-ah-ah,4
oh-oh-ah-ah-ah,4
oh-oh-ah-ah,4
dp-ddd-dp,17
dp-d,1
he-e-e-e-e,1
hip-hip-hooray,1
sepia,1
gumball,1
die-ie-ie,2
demon-defiant,1
frak,1
numbskulls,1
mightest,1
s'all,1
comma,1
crul,1
rmember,1
lulls,1
spaking,1
lins,2
careened,1
cruellest,15
ie,2
ine,3
pppp,1
kele,4
paso,2
dey-dey-dey,12
gbe-gbe-gbe,9
rotay,6
koya,3
tey-tey,3
kojoro,1
yansh,1
joromi,1
withdrawing,1
aaaahh,1
checklist,1
sha-na-na,6
unbearably,1
misrables,1
rondo,1
bongos,1
pongo,1
maybelle,13
a-courtin,1
a-sortin,1
inflated,1
dependant,1
entitlement,1
engrained,1
shortened,1
encircles,1
validate,2
grazing,1
gir,1
mih,9
dih,7
fih,2
tik,1
watchya,3
vividly,1
opn,1
ssence,1
baraag,2
cluck-cluck,1
ruff-ruff-ruff,1
snort-snort-snort,1
zoe,3
cock-a-doodle-doo,2
rcoil,1
faction,1
slinging,1
smitherines,1
freaker,1
dysfunctional,3
acapulco,2
bitcoin,1
doge,1
besid,1
coin-based,1
payslip,1
kayla,7
4.5,2
brokn,1
bgin,1
roarin,1
echoin,1
loathed,1
abracadaver,4
obscures,1
rceding,1
scrw,1
che-che-che-check,1
money-makin,2
dolla,10
dollas,2
wons,1
yens,1
dun-dun-dun-dun-dun,4
dun-dun-dun-dun-dun-dun,2
twinkly,2
b-b-but,3
hard-headed,1
memoriz,1
tectonic,1
two-hundred,1
besties,1
adversaries,2
dvotion,1
emphasized,1
allez,6
zoots,1
nabbed,1
trialed,1
porky,1
quand,1
frre,1
vendait,1
drogue,1
disait,1
gros,1
fais,1
boire,1
clopes,1
pense,1
belles,1
mlodies,1
promets,1
tous,2
potes,1
frres,1
ils,1
m'ont,1
qu'un,1
jour,1
ferai,1
monde,1
famille,1
midnights,2
synchronise,2
cantankerous,1
lightrs,1
navigators,2
eh-heh,1
6ixx,5
hutle,3
woes,4
neglecting,1
t.k,1
ooh-wee,2
b61,2
wringing,1
ic,1
anthracite,1
forty-one,1
firewood,1
spcial,1
racy,4
bravado,1
friendless,1
didt,1
accounted,1
untainted,1
illiterates,1
barbiturate,1
marketed,1
cagey,1
backbon,1
cravenly,1
lintels,1
tug,1
forelock,1
cowardice,1
aftrnoon,1
skirting,1
rocknroll,1
aplenty,1
weekday,1
retired,1
11:30,1
portfolio,1
mercedes-benz,3
richst,1
a-lyin,1
half-open,2
scrapbook,1
hitchhikin,1
predisposed,2
self-deprecating,2
coladas,2
hyperventilating,2
self-help,4
misdirection,1
balconies,1
pinker,1
oranges,1
claat,3
hotdog,2
scrapyard,2
lampard,2
cabana,1
client,1
boa,1
grandkids,1
toodaloo,1
jackel,1
nincompoop,1
ramalam,1
truckrs,1
f.you.c.k,4
o.f.f,4
one-fifty,3
smoothie,1
huracan,1
corsa,1
two-seaters,1
crinkle,1
nw,2
sntenced,1
microwaved,5
865,1
ragtop,1
hand-me-down,1
waffles,1
angl,1
bna,1
matched,1
preachr,1
a-scrubbin,1
tater,1
a-diggin,1
maters,1
a-shuckin,1
finger-lickin'-good,1
treed,1
raymond,2
pounder,1
extensions,3
i'on,2
todoroki,3
katana,1
tanjiro,1
wacked,1
eren,1
swagenese,1
mins,1
duh-duh-duh,2
duh-duh-duh-duh,1
duh-duh-duh-duh-duh-duh,4
apologis,1
units,14
requesting,2
emt,1
deserv,1
effeminacy,3
pursuant,1
simmerin,6
ever-so,1
perfct,1
hank-crankin,1
beer-drinkin,1
sprang,1
a-plenty,2
a-borning,1
whnever,2
73,1
foden,2
glitz,2
rodie,2
cuffed,2
brassed,1
crypto,1
sturmmann,1
escalation,4
jgers,1
pioneers,1
encircling,1
aligns,1
kaiserschlacht,1
microscope,1
self-critical,1
unfixable,1
snippets,2
guss,1
am-ma-ma-ma-ma,2
am-ma-ma-ma-ma-lo-o-o-o-ser,1
make-belief,1
rottn,1
160,1
nightcap,3
sason,1
widen,1
easiest,1
i-i-i-io,1
styl,1
moderat,1
bridget,3
iotosh,1
aqueduct,1
moderate,2
nowher,1
raisd,1
zs,1
fav,1
denominator,1
re-up,1
hydration,1
confirmin,1
calibrated,1
calld,1
dominoes,1
glinding,1
chats,1
jokeman,1
10/10,1
immersive,2
gainless,2
catboy,1
owlette,4
gecko,1
spotting,1
all-day,2
tamd,1
oversleeping,1
laurn,1
pretnding,1
arkhen,2
sacrum,1
brw,1
psychosphere,2
marshy,1
runestones,1
nighthawks,2
perknas,1
sulphurous,1
fathomless,1
grandeur,1
dust-path,1
spellfire,1
auroras,1
braves,3
lynyrd,3
houndstooth,3
twnty,1
vols,1
neyland,1
tennessean,1
frat,2
un-drive,1
un-buy,1
un-get,1
normies,1
deplorable,1
theywait,1
off-ass,1
haga,1
transicin,1
damian,1
lillard,1
unoriginal,1
awkwafina,1
weak-ass,2
woke-ass,1
incels,1
clipse,1
jntate,1
direccin,1
tus,1
sueos,1
encuentra,1
fuerza,1
sonido,1
landin,1
consciously,1
tiptoeing,7
fantasising,3
parasols,1
harshest,1
arid,1
extendo,1
beefing,1
reappearing,1
gaz,2
ozumba,9
mbadiwe,9
abike,1
kini,1
ise,1
snippet,7
borin,1
annoyin,1
mournin,1
scarper,2
bandolero,1
pretty-pretty,1
shingbain,7
sise,1
godogbo,3
mushin,2
ajina,1
jina,1
d'olowo,3
fashionista,3
iniesta,2
stuffers,1
formers,1
nogs,1
troubl,1
wooh-ooh-ooh-ooh-ooh,2
own-ah,1
muhahahahaha,1
insisted,1
aback,1
suffr,1
walkers,2
snow-blind,1
onside,2
carbonized,6
self-conscious,1
carbonize,1
watercolour,1
cornflower,2
vanguard,2
rivr,1
lalaladadada,1
wystical,1
woahh,1
"31,000",2
dra-matic,1
multitaskin,1
smackin,1
suprstars,1
shitted,2
kutthroat,1
businezz,1
ktb,1
half-steppin,1
sofas,1
yak,1
ooothe,1
ooonaan,1
poonalum,1
naan,1
iruppen,1
duwayein,1
hai,14
bharosa,1
bhi,6
rocketship,1
self-inflict,6
projection,1
bounded,1
obsessin,1
wavering,2
likelihood,3
teetering,3
sunburns,1
charlaay,1
ho-o-o-old,9
yaadie,3
ho-old,3
me-e-e-e-e,3
longtime,1
disrespectful,1
artistry,1
hoardin,1
flops,1
swar,1
day-ones,1
vessels,2
ligatures,1
surrogates,1
one-light,1
asli,13
hoon,32
beaton,6
jungli,6
dheet,6
sanki,6
karta,6
praaaaah,1
aaj,12
kal,2
yahan,4
boht,4
jan,4
bhaunke,2
milte,2
tujhe,2
chahiye,2
jung,2
bhej,2
apni,2
gaane,2
soch,2
gareeb,2
dedo,2
donation,2
desi,2
lage,6
jaise,7
toh,5
hamesha,1
agar,1
inki,3
topi,1
uda,1
doon,2
practising,1
karoo,4
leke,3
karna,1
krrrr,1
maharathi,1
lagoo,1
narad,1
bharti,1
bhasha,1
inke,1
maha,2
raddi,1
nadi,1
parvati,1
sarathy,1
kinare,1
utaaro,1
aarti,1
akela,1
aur,3
ghoomta,1
nahi,5
saath,1
bhot,4
tix,1
karenge,2
baat,1
jhaat,1
barabar,1
aukaat,1
makasam,1
chod,1
daala,1
diya,1
inhe,1
thi,1
mazak,1
dabaoo,1
huye,1
kare,2
rent-free,1
haan,2
mujhe,1
dhamki,1
jamti,1
jaisa,1
vocab,1
daloo,1
lagega,1
ghodi,1
lagoge,1
shakal,1
bojack,1
gaano,1
kara,1
burglary,1
perjury,1
soche,1
burberry,1
sinbad,1
syntax,1
rule-hai-ye,1
khol,1
lagenge,1
dost,1
banenge,1
fanpage,1
jaake,1
roz,1
prrrraaaah,1
wasta,1
rishta,1
khaas,1
gaana,1
paas,1
kr,1
saanp,1
zyaada,1
ghaans,1
kaat,1
raasta,2
dikhta,1
khaata,1
naashta,1
emcees,1
talha,1
mosley,1
brrraaa,1
itne,1
baar,2
baitha,1
bata,1
kaun,1
saare,1
penelope,1
every-everybody,20
photographer,2
watchy,1
pums,1
kisko,1
becah,1
8:05,1
la-la-la-life,7
sterns,1
grasses,1
y.m.c.a,1
wst,1
rhearse,1
n.y,1
concession,2
pvp,8
ris,1
invincibility,4
vigor,1
overdu,1
revenant,2
susto,3
alivio,2
hace,1
reventar,1
s-h-you-t-h-e-f-you-c-k-you-p,4
coucou,3
chloe,3
ample,1
carpal,2
craftsmanship,1
decmber,1
suddn,1
jungl,1
sirns,1
molotovs,1
noi,1
hlp,1
unselfishly,1
luxuries,1
shayo,20
senegal,1
unilag,1
behaves,1
hoodlum,1
uniport,1
okpo,1
shule,2
olosho,1
eeyo,1
oyo,1
bridle,1
gaily,1
pled,2
romany,1
ales,1
a-tasking,1
smlls,1
haves,5
shadowboxing,1
devilry,1
similarities,1
idntities,1
shamelessly,1
insiciously,1
spacetime,2
testo,1
bod,1
anabolic,1
activating,1
gluts,1
boatload,1
stress-free,1
anniversaries,1
what-ifs,1
c4,1
emmy,1
97,1
ebro,1
egot,1
dunk,1
roddy,1
gtting,1
movi,1
simpl,1
ye-eah,2
mana,2
idgaf,2
dav,1
chappell,4
joks,1
1st,1
census,1
saboteurs,1
preached,1
rarin,1
duties,2
faygo,2
j-cole,2
50k,1
taxing,1
essay,1
invit,1
simulacra,2
bla-blood,1
johns,1
un-break,1
cray,1
whirly,11
warbler,1
scoopin,1
jhk,1
wish-list,1
post-it,2
elegies,1
goku,2
nwc,1
inah,4
sydenham,1
headphone,1
govi,2
undones,2
pictur,1
cosmonauts,1
nah-nah-nah-nah,3
shimmie,25
doo-d-d-d-do,1
d-d-d-d-d-do,4
whol,1
darla,5
duct,1
waylons,1
bfe,3
wishlist,1
lue,1
bustamante,1
recal,1
rosa,1
guevara,1
mugabe,1
preston,1
lionel,1
cracklin,1
40-16,1
employees,1
laneys,1
scorchin,1
handsomely,1
cryp,1
quotes,1
seagram,1
tweakin,2
entertainer,1
millionaires,2
billi,1
gyy,1
soundscape,7
welcom,1
high-fives,1
sixty-minute,1
privat,1
mrry,1
sincer,1
haezer,2
lipo,1
laudo,2
gotham,2
mothrfucking,1
guidelines,1
primetime,1
full-time,1
skylines,13
will-i,2
violat,1
litany,1
ottoman,1
grown-ass,1
best-laid,1
clawfoot,1
deluged,1
mosaic,1
contingencies,1
refreshed,1
103.5,1
mant,1
uuuhh,1
versions,2
scrips,1
fifths,1
h-h-h,1
baiter,1
resolute,1
petulant,1
glut,2
toothless,1
disharmony,1
brained,1
bullies,1
coordinated,1
candescent,1
electrifies,1
designd,1
finely,1
craftsmans,1
pinpricks,1
deliria,1
overcasts,2
tearless,1
d-d-d-death,1
m-m-memory,1
b-b-b-best,1
tr-tr-tragedy,1
half-finished,1
serpentile,2
reawakening,1
cobbles,2
subterfuge,1
arson,1
hous,1
carry-on,3
dolly-ly-ly,1
different-different,2
t-rex,2
actively,1
retrac,1
lss,1
motels,1
self-aware,1
reverberations,1
negatory,1
wilco,1
rachmaninoff,1
particles,1
subatomic,1
ante,2
shallowness,1
grimace,1
gatecreepers,1
bisbee,1
corundum,1
half-smile,2
multiplications,1
pre-emptive,1
inexorable,1
menacing,1
credulity,1
consign,1
factitious,1
dismantler,1
gratest,1
ligature,1
likeness,1
indefinitely,1
malediction,1
consummated,1
spillways,15
dispelled,1
wight,1
halts,1
wreaking,1
gunpowder,1
perspicuous,1
strategize,1
unfilial,4
lychnobite,1
backstabbed,1
villainized,1
signatory,2
hegemony,2
straitjacket,1
wrack,1
lockd,1
deflux,1
pawww,1
deiform,1
gateless,1
yet-harmless,1
novum,1
benedicite,1
nomini,1
eius,1
canceling,3
jokhim,1
bhara,1
kathin,2
gira,1
utha,4
badha,1
taano,1
sar,4
jhuka,2
kaioken,4
smashin,4
shredder,6
chal,3
badhe,3
bhula,3
dhadkano,4
rehti,4
ujjad,3
zillato,3
zindagi,3
badh,3
janma,4
firse,4
aisi,1
halchal,1
pal-pal,1
thaka,1
pade,1
kismat,1
ruka,1
agyaat,1
khaau,1
maat,1
kadam,1
saboot,1
mazboot,1
ekdum,1
sirf,3
shuruwaat,3
alrady,1
i'ii,2
flling,1
1993,1
2009,1
basking,1
tees,2
replac,1
fitz,1
platypus,1
greta,1
a-sailin,1
censorship,1
bar-fly,1
cannonballs,5
one-hundered,1
heiress,1
lada,2
intrude,1
plac,1
camry,1
buck-ten,3
55,3
casamigos,1
sob,1
regretful,1
boiler,1
sturgeon,1
totals,1
kinfolks,1
antiquity,1
irani,1
toleration,1
heritage,1
courageousness,1
persia,2
persepolis,1
masonry,2
reing,1
delict,2
carnality,2
dath,1
intenerate,1
xerxes,2
geomancer,1
ahura,1
disappeard,1
peacock,1
re-lock,1
nickname,1
cardiak,1
heffer,1
margiela,1
vette,1
fredo,1
dijonai,1
jancoby,1
bigalow,1
juggin,7
rwind,1
balancin,1
ah-yeah,1
bumaye,1
kumbaye,1
pre-designed,1
cerise,1
sensimilia,1
licensee,1
visually,1
christen,1
carnivorans,1
understated,1
riveter,1
staycation,1
specifics,1
veryone,1
missd,1
lose-lose,1
opned,1
thu-thugs,3
lazer,1
ducati,1
kimone,1
santo,1
domingos,1
enlarge,1
quaker,1
tir,1
mayfield,1
utensils,1
adjudicated,1
tissu,1
realist,1
tss,1
lv,1
handshakin,1
cosigning,1
baow,30
tsa,5
book-bag,2
comp,1
bass-line,3
m-o-v-n,6
emojis,1
cross-roads,1
glitchin,1
honeydew,1
probly,4
barly,1
hardships,3
heartlss,1
2022,1
sorrys,1
powering,3
harpers,1
c-r-you-s-h,2
eight-hundred,4
half-price,3
confessin,2
collared,1
should,5
anxietys,1
napping,1
mm-mm-mm-mm-mm,1
flams,2
inescapable,1
seltzers,1
chopp,1
covid,2
stush,1
jussa,3
wonda,3
hawd,4
elevat,1
fatha,1
tuh,1
shatta,1
promota,1
lvitate,1
stary,7
fanatix,1
bramma,3
yar,1
chip-chop,1
orville,1
rik,1
rok,1
rmy,1
nineteen-forty-two,1
herro,1
blair,1
frigidaire,1
lovindeer,1
juro,1
pienso,1
vuelo,1
gentlemn,1
skeltons,1
tast,1
brac,1
turnstile,2
today-ay-ay-ay-ay-ay-ay-yeah,2
today-ay-ay-ay-yeah,2
dynamit,1
hurtlin,1
darkenin,1
whiskeys,3
i'da,1
crystallize,6
smok,1
rappening,1
maskin,1
chit,1
sidestep,1
upping,1
honeybrains,5
unloving,5
oe,1
bullshitter,3
prerogative,1
bcomes,1
expird,1
ah-ahh,1
yoh,1
punchinello,1
chink,1
shelled,1
shella,1
askella,1
worser,1
beranger,1
whoahh,6
woahhh-uoahh,1
oti,2
strngth,1
nds,1
retola,1
sola,1
strider,1
avenger,1
etrnity,1
manly,1
handiwork,1
awesomeness,1
carolers,1
thick-thirty,1
bizzouch,1
whoof,9
ahhhn,3
gbana,2
hennssy,1
demma,2
yah-ah-ah,1
bentayga,1
guantanamera,1
unbordered,1
parol,1
ahn-ahn-ahn,1
ayyyyiiii,1
mee,2
lbc,1
whistles,1
answrs,1
ahuh-huh-huh-huh,1
leyonce,1
vasili,2
peyton,2
vasili/peyton,1
tlling,1
cutsleeve,3
yallahs,1
sittn,6
moonie,2
crawny,2
trelawny,2
shortman,1
axio,1
v6,1
dealership,1
relentlessly,1
movie-plots,1
unsurprisingly,1
alley-oop,1
goyard,1
playdoh,1
clayco,1
ak47s,1
dibs,4
overbuyin,1
brabus,1
ventilation,1
prais,1
sledgren,1
dyslexic,6
homis,1
fib,1
ldn,1
arz,1
invitin,1
decidin,1
dow,1
hypnotizin,1
o-r-o-you-s,5
pineapple,1
givenchy,1
downsides,1
downsize,1
angus,1
anymor,1
copied,1
shrank,1
wuuwuuu,9
thermoplastic,1
indiscriminately,1
whoaaoaooaaaooaaaoao,1
bye-bye-bye,1
lie-aye-aye,1
aye-aye-aye,1
m.you.t.e,1
ohhohhohh,1
beautys,1
xd,1
kadapa,1
juvie,2
sone,1
genisis,1
schedul,1
h-eh-eh,1
prcious,1
sight-see,1
high-beams,1
oppers,3
lockbox,2
gtter,1
make-outs,1
