Student_ID,Gender,Academic_Level,Avg_Daily_Usage_Hours,Affects_Academic_Performance,Sleep_Hours_Per_Night,Mental_Health_Score,Conflicts_Over_Social_Media,Addicted_Score,Most_Used_Platform_Facebook,Most_Used_Platform_Instagram,Most_Used_Platform_KakaoTalk,Most_Used_Platform_LINE,Most_Used_Platform_LinkedIn,Most_Used_Platform_Snapchat,Most_Used_Platform_TikTok,Most_Used_Platform_Twitter,Most_Used_Platform_VKontakte,Most_Used_Platform_WeChat,Most_Used_Platform_WhatsApp,Most_Used_Platform_YouTube,Relationship_Status_Complicated,Relationship_Status_In Relationship,Relationship_Status_Single
1,0,-0.7465038537843945,0.2238567851584937,1,-0.32763788208478745,-0.20552043295802125,0.15706306555634025,0.9855499657710435,False,True,False,False,False,False,False,False,False,False,False,False,False,True,False
2,1,1.019553921108217,-2.243309145067867,0,0.5604232746617522,1.6056283824845383,-2.976789610402713,-2.166957864848674,False,False,False,False,False,False,False,True,False,False,False,False,False,False,True
3,0,-0.7465038537843945,0.860544767152393,1,-1.659729617204597,-1.111094840679301,1.201680624209358,1.616051531894987,False,False,False,False,False,False,True,False,False,False,False,False,True,False,False
4,1,-2.512561628677006,-1.52703516532473,0,0.11639269628848238,0.7000539747632586,-1.9321720517496952,-1.5364562987247306,False,False,False,False,False,False,False,False,False,False,False,True,False,False,True
5,1,1.019553921108217,-0.3332451990861685,1,-0.7716684604580573,-0.20552043295802125,-0.8875544930966774,0.3550483996471,True,False,False,False,False,False,False,False,False,False,False,False,False,True,False
6,0,-0.7465038537843945,1.8155767401432423,1,-2.1037601955778666,-2.016669248400581,2.246298182862376,1.616051531894987,False,True,False,False,False,False,False,False,False,False,False,False,True,False,False
7,1,1.019553921108217,-2.7208251315632914,0,1.004453853035022,2.511202790205818,-2.976789610402713,-2.7974594309726175,False,False,False,False,True,False,False,False,False,False,False,False,False,False,True
8,0,-0.7465038537843945,0.701372771653918,1,-0.7716684604580573,-0.20552043295802125,-0.8875544930966774,0.9855499657710435,False,False,False,False,False,True,False,False,False,False,False,False,False,True,False
9,1,-2.512561628677006,-0.7311751878323557,0,-0.32763788208478745,0.7000539747632586,-1.9321720517496952,-0.9059547326007871,False,False,False,False,False,False,True,False,False,False,False,False,False,False,True
10,0,1.019553921108217,-1.2882771720770179,0,0.11639269628848238,0.7000539747632586,-1.9321720517496952,-1.5364562987247306,False,True,False,False,False,False,False,False,False,False,False,False,False,True,False
11,1,-0.7465038537843945,-0.09448720583845635,1,-0.5940562291087492,-1.111094840679301,0.15706306555634025,0.3550483996471,False,False,False,False,False,True,False,False,False,False,False,False,True,False,False
12,0,-0.7465038537843945,0.46261477840620585,1,-0.9492806918073653,-0.20552043295802125,-0.8875544930966774,0.9855499657710435,False,False,False,False,False,False,True,False,False,False,False,False,False,True,False
13,1,1.019553921108217,-1.686207160823205,0,0.29400492763779046,1.6056283824845383,-1.9321720517496952,-1.5364562987247306,False,False,False,False,True,False,False,False,False,False,False,False,False,False,True
14,0,-2.512561628677006,1.2584747558985803,1,-1.2156990388313271,-1.111094840679301,1.201680624209358,1.616051531894987,False,True,False,False,False,False,False,False,False,False,False,False,False,False,True
15,1,-0.7465038537843945,-0.9699331810800679,0,-0.06121953506082571,0.7000539747632586,-0.8875544930966774,-0.9059547326007871,False,False,False,False,False,False,False,False,False,False,False,True,False,True,False
16,0,-0.7465038537843945,-0.5720031923338806,1,-0.7716684604580573,-0.20552043295802125,0.15706306555634025,0.3550483996471,False,False,False,False,False,False,True,False,False,False,False,False,True,False,False
17,1,1.019553921108217,-2.3228951428171043,0,0.826841621685714,1.6056283824845383,-2.976789610402713,-2.166957864848674,False,False,False,False,True,False,False,False,False,False,False,False,False,False,True
18,0,-2.512561628677006,0.06468478966001867,1,-1.038086807482019,-1.111094840679301,0.15706306555634025,0.9855499657710435,False,True,False,False,False,False,False,False,False,False,False,False,False,True,False
19,1,-0.7465038537843945,-1.129105176578543,0,-0.15002565073547935,0.7000539747632586,-1.9321720517496952,-0.9059547326007871,True,False,False,False,False,False,False,False,False,False,False,False,False,False,True
20,0,-0.7465038537843945,-0.17407320358769351,1,-0.8604745761327109,-0.20552043295802125,0.15706306555634025,0.3550483996471,False,False,False,False,False,True,False,False,False,False,False,False,True,False,False
21,1,-2.512561628677006,0.30344278290773086,1,-1.2156990388313271,-1.111094840679301,1.201680624209358,0.9855499657710435,False,False,False,False,False,False,True,False,False,False,False,False,False,False,True
22,0,1.019553921108217,-1.9249651540709172,0,0.3828110433124441,1.6056283824845383,-1.9321720517496952,-1.5364562987247306,False,False,False,False,True,False,False,False,False,False,False,False,False,True,False
23,1,-0.7465038537843945,-0.014901208089218486,1,-0.9492806918073653,-0.20552043295802125,0.15706306555634025,0.3550483996471,False,True,False,False,False,False,False,False,False,False,False,False,True,False,False
24,0,-0.7465038537843945,0.6217867739046808,1,-1.3045051545059807,-1.111094840679301,1.201680624209358,0.9855499657710435,False,False,False,False,False,False,True,False,False,False,False,False,False,False,True
25,1,1.019553921108217,-1.367863169826255,0,0.027586580613828727,0.7000539747632586,-0.8875544930966774,-0.9059547326007871,True,False,False,False,False,False,False,False,False,False,False,False,False,True,False
26,0,-2.512561628677006,0.9401307649016302,1,-1.4821173858552887,-1.111094840679301,1.201680624209358,1.616051531894987,False,True,False,False,False,False,False,False,False,False,False,False,True,False,False
27,1,-0.7465038537843945,-0.8903471833308307,0,-0.2388317664101338,0.7000539747632586,-1.9321720517496952,-0.9059547326007871,False,False,False,False,False,False,False,False,False,False,False,True,False,False,True
28,0,-0.7465038537843945,-0.41283119683540564,1,-0.8604745761327109,-0.20552043295802125,0.15706306555634025,0.3550483996471,False,False,False,False,False,False,True,False,False,False,False,False,False,True,False
29,1,1.019553921108217,-2.1637231473186294,0,0.47161715898709855,1.6056283824845383,-2.976789610402713,-2.166957864848674,False,False,False,False,True,False,False,False,False,False,False,False,False,False,True
30,0,-2.512561628677006,0.7809587694031559,1,-1.3933112701806352,-1.111094840679301,1.201680624209358,0.9855499657710435,False,True,False,False,False,False,False,False,False,False,False,False,True,False,False
31,1,-0.7465038537843945,-1.0495191788293055,0,-0.15002565073547935,0.7000539747632586,-1.9321720517496952,-0.9059547326007871,True,False,False,False,False,False,False,False,False,False,False,False,False,False,True
32,0,-0.7465038537843945,-0.09448720583845635,1,-1.038086807482019,-0.20552043295802125,0.15706306555634025,0.3550483996471,False,False,False,False,False,True,False,False,False,False,False,False,False,True,False
33,1,-2.512561628677006,0.3830287806569687,1,-1.3045051545059807,-1.111094840679301,1.201680624209358,0.9855499657710435,False,False,False,False,False,False,True,False,False,False,False,False,True,False,False
34,0,1.019553921108217,-1.8453791563216797,0,0.29400492763779046,1.6056283824845383,-1.9321720517496952,-1.5364562987247306,False,False,False,False,True,False,False,False,False,False,False,False,False,False,True
35,1,-0.7465038537843945,-0.17407320358769351,1,-0.9492806918073653,-0.20552043295802125,0.15706306555634025,0.3550483996471,False,True,False,False,False,False,False,False,False,False,False,False,False,True,False
36,0,-0.7465038537843945,0.542200776155443,1,-1.2156990388313271,-1.111094840679301,1.201680624209358,0.9855499657710435,False,False,False,False,False,False,True,False,False,False,False,False,True,False,False
37,1,1.019553921108217,-1.4474491675754926,0,-0.06121953506082571,0.7000539747632586,-1.9321720517496952,-0.9059547326007871,True,False,False,False,False,False,False,False,False,False,False,False,False,False,True
38,0,-2.512561628677006,1.019716762650868,1,-1.5709235015299432,-1.111094840679301,1.201680624209358,1.616051531894987,False,True,False,False,False,False,False,False,False,False,False,False,False,True,False
39,1,-0.7465038537843945,-0.8107611855815932,0,-0.32763788208478745,0.7000539747632586,-0.8875544930966774,-0.27545316647684354,False,False,False,False,False,False,False,False,False,False,False,True,True,False,False
40,0,-0.7465038537843945,-0.3332451990861685,1,-0.9492806918073653,-0.20552043295802125,0.15706306555634025,0.3550483996471,False,False,False,False,False,False,True,False,False,False,False,False,False,False,True
41,1,1.019553921108217,-2.084137149569392,0,0.3828110433124441,1.6056283824845383,-1.9321720517496952,-1.5364562987247306,False,False,False,False,True,False,False,False,False,False,False,False,False,True,False
42,0,-2.512561628677006,0.701372771653918,1,-1.3045051545059807,-1.111094840679301,1.201680624209358,0.9855499657710435,False,True,False,False,False,False,False,False,False,False,False,False,True,False,False
43,1,-0.7465038537843945,-0.9699331810800679,0,-0.2388317664101338,0.7000539747632586,-0.8875544930966774,-0.9059547326007871,True,False,False,False,False,False,False,False,False,False,False,False,False,False,True
44,0,-0.7465038537843945,-0.2536592013369314,1,-1.038086807482019,-0.20552043295802125,0.15706306555634025,0.3550483996471,False,False,False,False,False,True,False,False,False,False,False,False,False,True,False
45,1,-2.512561628677006,0.46261477840620585,1,-1.3933112701806352,-1.111094840679301,1.201680624209358,0.9855499657710435,False,False,False,False,False,False,True,False,False,False,False,False,False,False,True
46,0,1.019553921108217,-1.7657931585724422,0,0.20519881196313602,1.6056283824845383,-1.9321720517496952,-1.5364562987247306,False,False,False,False,True,False,False,False,False,False,False,False,True,False,False
47,1,-0.7465038537843945,-0.09448720583845635,1,-0.8604745761327109,-0.20552043295802125,0.15706306555634025,0.3550483996471,False,True,False,False,False,False,False,False,False,False,False,False,False,True,False
48,0,-0.7465038537843945,0.46261477840620585,1,-1.1268929231566733,-1.111094840679301,1.201680624209358,0.9855499657710435,False,False,False,False,False,False,True,False,False,False,False,False,False,False,True
49,1,1.019553921108217,-1.2882771720770179,0,-0.15002565073547935,0.7000539747632586,-0.8875544930966774,-0.9059547326007871,True,False,False,False,False,False,False,False,False,False,False,False,False,True,False
50,0,-2.512561628677006,1.099302760400105,1,-1.4821173858552887,-1.111094840679301,1.201680624209358,1.616051531894987,False,True,False,False,False,False,False,False,False,False,False,False,True,False,False
51,1,-0.7465038537843945,-0.8903471833308307,0,-0.4164439977594411,0.7000539747632586,-0.8875544930966774,-0.27545316647684354,False,False,False,False,False,False,False,False,False,False,False,True,False,False,True
52,0,-0.7465038537843945,-0.17407320358769351,1,-0.9492806918073653,-0.20552043295802125,0.15706306555634025,0.3550483996471,False,False,False,False,False,False,True,False,False,False,False,False,False,True,False
53,1,1.019553921108217,-2.004551151820155,0,0.29400492763779046,1.6056283824845383,-1.9321720517496952,-1.5364562987247306,False,False,False,False,True,False,False,False,False,False,False,False,True,False,False
54,0,-2.512561628677006,0.6217867739046808,1,-1.2156990388313271,-1.111094840679301,1.201680624209358,0.9855499657710435,False,True,False,False,False,False,False,False,False,False,False,False,False,False,True
55,1,-0.7465038537843945,-1.0495191788293055,0,-0.32763788208478745,0.7000539747632586,-0.8875544930966774,-0.9059547326007871,True,False,False,False,False,False,False,False,False,False,False,False,False,True,False
56,0,-0.7465038537843945,-0.014901208089218486,1,-1.1268929231566733,-0.20552043295802125,0.15706306555634025,0.3550483996471,False,False,False,False,False,True,False,False,False,False,False,False,True,False,False
57,1,-2.512561628677006,0.542200776155443,1,-1.4821173858552887,-1.111094840679301,1.201680624209358,0.9855499657710435,False,False,False,False,False,False,True,False,False,False,False,False,False,False,True
58,0,1.019553921108217,-1.686207160823205,0,0.11639269628848238,1.6056283824845383,-1.9321720517496952,-1.5364562987247306,False,False,False,False,True,False,False,False,False,False,False,False,False,True,False
59,1,-0.7465038537843945,-0.2536592013369314,1,-0.8604745761327109,-0.20552043295802125,0.15706306555634025,0.3550483996471,False,True,False,False,False,False,False,False,False,False,False,False,True,False,False
60,0,-0.7465038537843945,0.3830287806569687,1,-1.038086807482019,-1.111094840679301,1.201680624209358,0.9855499657710435,False,False,False,False,False,False,True,False,False,False,False,False,False,False,True
61,1,1.019553921108217,-1.4474491675754926,0,0.20519881196313602,0.7000539747632586,-1.9321720517496952,-0.9059547326007871,True,False,False,False,False,False,False,False,False,False,False,False,False,False,True
62,0,-0.7465038537843945,0.542200776155443,1,-1.1268929231566733,-1.111094840679301,0.15706306555634025,0.9855499657710435,False,True,False,False,False,False,False,False,False,False,False,False,False,True,False
63,1,-0.7465038537843945,-0.5720031923338806,1,-0.7716684604580573,-0.20552043295802125,0.15706306555634025,0.3550483996471,False,False,False,False,False,False,True,False,False,False,False,False,True,False,False
64,0,-2.512561628677006,0.9401307649016302,1,-1.4821173858552887,-2.016669248400581,1.201680624209358,1.616051531894987,False,False,False,False,False,True,False,False,False,False,False,False,False,False,True
65,1,1.019553921108217,-2.084137149569392,0,0.47161715898709855,1.6056283824845383,-1.9321720517496952,-2.166957864848674,False,False,False,False,True,False,False,False,False,False,False,False,False,True,False
66,0,-0.7465038537843945,-0.09448720583845635,1,-0.9492806918073653,-0.20552043295802125,0.15706306555634025,0.3550483996471,False,True,False,False,False,False,False,False,False,False,False,False,False,False,True
67,1,-0.7465038537843945,-0.8107611855815932,0,-0.32763788208478745,0.7000539747632586,-0.8875544930966774,-0.27545316647684354,False,False,False,False,False,False,False,False,False,False,False,True,True,False,False
68,0,-2.512561628677006,0.6217867739046808,1,-1.3045051545059807,-1.111094840679301,1.201680624209358,0.9855499657710435,False,False,False,False,False,False,True,False,False,False,False,False,False,True,False
69,1,1.019553921108217,-1.686207160823205,0,0.29400492763779046,1.6056283824845383,-1.9321720517496952,-1.5364562987247306,False,False,False,False,True,False,False,False,False,False,False,False,False,False,True
70,0,-0.7465038537843945,-0.3332451990861685,1,-0.8604745761327109,-0.20552043295802125,0.15706306555634025,0.3550483996471,False,True,False,False,False,False,False,False,False,False,False,False,True,False,False
71,1,-2.512561628677006,0.3830287806569687,1,-1.2156990388313271,-1.111094840679301,1.201680624209358,0.9855499657710435,False,False,False,False,False,True,False,False,False,False,False,False,False,False,True
72,0,1.019553921108217,-1.367863169826255,0,-0.06121953506082571,0.7000539747632586,-0.8875544930966774,-0.9059547326007871,True,False,False,False,False,False,False,False,False,False,False,False,False,True,False
73,1,-0.7465038537843945,-0.014901208089218486,1,-1.038086807482019,-0.20552043295802125,0.15706306555634025,0.3550483996471,False,False,False,False,False,False,True,False,False,False,False,False,True,False,False
74,0,-0.7465038537843945,0.701372771653918,1,-1.3933112701806352,-1.111094840679301,1.201680624209358,0.9855499657710435,False,True,False,False,False,False,False,False,False,False,False,False,False,False,True
75,1,1.019553921108217,-1.9249651540709172,0,0.3828110433124441,1.6056283824845383,-1.9321720517496952,-1.5364562987247306,False,False,False,False,True,False,False,False,False,False,False,False,False,True,False
76,0,-0.7465038537843945,-0.2536592013369314,1,-0.9492806918073653,-0.20552043295802125,0.15706306555634025,0.3550483996471,False,False,False,False,False,True,False,False,False,False,False,False,False,False,True
77,1,-2.512561628677006,0.46261477840620585,1,-1.3045051545059807,-1.111094840679301,1.201680624209358,0.9855499657710435,False,False,False,False,False,False,True,False,False,False,False,False,True,False,False
78,0,1.019553921108217,-1.6066211630739675,0,0.11639269628848238,0.7000539747632586,-0.8875544930966774,-0.9059547326007871,True,False,False,False,False,False,False,False,False,False,False,False,False,True,False
79,1,-0.7465038537843945,-0.17407320358769351,1,-0.8604745761327109,-0.20552043295802125,0.15706306555634025,0.3550483996471,False,False,False,False,False,False,False,False,False,False,False,True,False,False,True
80,0,-2.512561628677006,0.7809587694031559,1,-1.4821173858552887,-1.111094840679301,1.201680624209358,1.616051531894987,False,True,False,False,False,False,False,False,False,False,False,False,True,False,False
81,1,1.019553921108217,-1.52703516532473,0,0.20519881196313602,1.6056283824845383,-1.9321720517496952,-1.5364562987247306,False,False,False,False,True,False,False,False,False,False,False,False,False,True,False
82,0,-0.7465038537843945,-0.09448720583845635,1,-1.038086807482019,-0.20552043295802125,0.15706306555634025,0.3550483996471,False,False,False,False,False,False,True,False,False,False,False,False,False,False,True
83,1,-0.7465038537843945,-0.8903471833308307,0,-0.2388317664101338,0.7000539747632586,-0.8875544930966774,-0.27545316647684354,True,False,False,False,False,False,False,False,False,False,False,False,True,False,False
84,0,1.019553921108217,-1.7657931585724422,0,0.29400492763779046,1.6056283824845383,-1.9321720517496952,-1.5364562987247306,False,False,False,False,True,False,False,False,False,False,False,False,False,True,False
85,1,-2.512561628677006,0.542200776155443,1,-1.3933112701806352,-1.111094840679301,1.201680624209358,0.9855499657710435,False,False,False,False,False,True,False,False,False,False,False,False,False,False,True
86,0,-0.7465038537843945,-0.3332451990861685,1,-0.9492806918073653,-0.20552043295802125,0.15706306555634025,0.3550483996471,False,True,False,False,False,False,False,False,False,False,False,False,True,False,False
87,1,-2.512561628677006,0.30344278290773086,1,-1.2156990388313271,-1.111094840679301,1.201680624209358,0.9855499657710435,False,False,False,False,False,False,True,False,False,False,False,False,False,True,False
88,0,1.019553921108217,-1.8453791563216797,0,0.3828110433124441,1.6056283824845383,-1.9321720517496952,-1.5364562987247306,False,False,False,False,True,False,False,False,False,False,False,False,False,False,True
89,1,-0.7465038537843945,-0.41283119683540564,1,-0.7716684604580573,-0.20552043295802125,0.15706306555634025,0.3550483996471,False,False,False,False,False,False,False,False,False,False,False,True,True,False,False
90,0,-2.512561628677006,0.701372771653918,1,-1.4821173858552887,-1.111094840679301,1.201680624209358,1.616051531894987,False,True,False,False,False,False,False,False,False,False,False,False,False,False,True
91,1,1.019553921108217,-1.6066211630739675,0,0.11639269628848238,0.7000539747632586,-0.8875544930966774,-0.9059547326007871,True,False,False,False,False,False,False,False,False,False,False,False,False,True,False
92,0,-0.7465038537843945,-0.17407320358769351,1,-0.9492806918073653,-0.20552043295802125,0.15706306555634025,0.3550483996471,False,False,False,False,False,False,True,False,False,False,False,False,True,False,False
93,1,-0.7465038537843945,-0.9699331810800679,0,-0.32763788208478745,0.7000539747632586,-0.8875544930966774,-0.27545316647684354,False,False,False,False,False,True,False,False,False,False,False,False,False,False,True
94,0,-2.512561628677006,0.46261477840620585,1,-1.3045051545059807,-1.111094840679301,1.201680624209358,0.9855499657710435,False,True,False,False,False,False,False,False,False,False,False,False,False,True,False
95,1,1.019553921108217,-2.004551151820155,0,0.47161715898709855,1.6056283824845383,-1.9321720517496952,-1.5364562987247306,False,False,False,False,True,False,False,False,False,False,False,False,True,False,False
96,0,-0.7465038537843945,-0.014901208089218486,1,-1.038086807482019,-0.20552043295802125,0.15706306555634025,0.3550483996471,False,False,False,False,False,False,True,False,False,False,False,False,False,False,True
97,1,-2.512561628677006,0.6217867739046808,1,-1.3933112701806352,-1.111094840679301,1.201680624209358,0.9855499657710435,False,False,False,False,False,True,False,False,False,False,False,False,False,True,False
98,0,1.019553921108217,-1.686207160823205,0,0.20519881196313602,1.6056283824845383,-1.9321720517496952,-1.5364562987247306,False,False,False,False,True,False,False,False,False,False,False,False,True,False,False
99,1,-0.7465038537843945,-0.2536592013369314,1,-0.8604745761327109,-0.20552043295802125,0.15706306555634025,0.3550483996471,False,True,False,False,False,False,False,False,False,False,False,False,False,False,True
100,0,-0.7465038537843945,0.3830287806569687,1,-1.2156990388313271,-1.111094840679301,1.201680624209358,0.9855499657710435,False,False,False,False,False,False,True,False,False,False,False,False,False,True,False
101,1,-2.512561628677006,0.701372771653918,1,-1.4821173858552887,-1.111094840679301,1.201680624209358,1.616051531894987,False,False,False,False,False,False,False,False,False,False,False,True,True,False,False
102,0,1.019553921108217,-1.9249651540709172,0,0.3828110433124441,1.6056283824845383,-1.9321720517496952,-1.5364562987247306,False,False,False,False,True,False,False,False,False,False,False,False,False,False,True
103,1,-0.7465038537843945,-0.17407320358769351,1,-0.9492806918073653,-0.20552043295802125,0.15706306555634025,0.3550483996471,True,False,False,False,False,False,False,False,False,False,False,False,False,True,False
104,0,-2.512561628677006,0.542200776155443,1,-1.3045051545059807,-1.111094840679301,1.201680624209358,0.9855499657710435,False,True,False,False,False,False,False,False,False,False,False,False,False,False,True
105,1,1.019553921108217,-1.6066211630739675,0,0.11639269628848238,0.7000539747632586,-0.8875544930966774,-0.9059547326007871,False,False,False,False,True,False,False,False,False,False,False,False,True,False,False
106,0,-0.7465038537843945,-0.09448720583845635,1,-1.038086807482019,-0.20552043295802125,0.15706306555634025,0.3550483996471,False,False,False,False,False,False,True,False,False,False,False,False,False,True,False
107,1,-0.7465038537843945,-0.8903471833308307,0,-0.2388317664101338,0.7000539747632586,-0.8875544930966774,-0.27545316647684354,False,False,False,False,False,False,False,False,False,False,False,True,False,False,True
108,0,-2.512561628677006,0.46261477840620585,1,-1.2156990388313271,-1.111094840679301,1.201680624209358,0.9855499657710435,False,False,False,False,False,True,False,False,False,False,False,False,True,False,False
109,1,1.019553921108217,-1.8453791563216797,0,0.29400492763779046,1.6056283824845383,-1.9321720517496952,-1.5364562987247306,False,False,False,False,True,False,False,False,False,False,False,False,False,True,False
110,0,-0.7465038537843945,-0.014901208089218486,1,-0.9492806918073653,-0.20552043295802125,0.15706306555634025,0.3550483996471,False,True,False,False,False,False,False,False,False,False,False,False,False,False,True
111,1,-0.7465038537843945,0.9401307649016302,1,-0.5940562291087492,-1.111094840679301,1.201680624209358,0.9855499657710435,False,True,False,False,False,False,False,False,False,False,False,False,False,False,True
112,0,-0.7465038537843945,0.701372771653918,1,-0.8604745761327109,-0.20552043295802125,0.15706306555634025,0.3550483996471,False,False,False,False,False,False,True,False,False,False,False,False,False,True,False
113,1,-0.7465038537843945,-0.014901208089218486,0,0.20519881196313602,0.7000539747632586,-0.8875544930966774,-0.9059547326007871,True,False,False,False,False,False,False,False,False,False,False,False,False,False,True
114,0,1.019553921108217,0.46261477840620585,1,-0.7716684604580573,-1.111094840679301,1.201680624209358,0.9855499657710435,False,True,False,False,False,False,False,False,False,False,False,False,False,False,True
115,1,-0.7465038537843945,0.2238567851584937,1,-0.5052501134340955,-0.20552043295802125,0.15706306555634025,0.3550483996471,False,False,False,False,False,False,True,False,False,False,False,False,False,True,False
116,0,-0.7465038537843945,-0.09448720583845635,0,0.29400492763779046,1.6056283824845383,-0.8875544930966774,-0.9059547326007871,False,True,False,False,False,False,False,False,False,False,False,False,False,False,True
117,1,1.019553921108217,0.860544767152393,1,-0.9492806918073653,-1.111094840679301,1.201680624209358,0.9855499657710435,True,False,False,False,False,False,False,False,False,False,False,False,False,True,False
118,0,-0.7465038537843945,0.6217867739046808,1,-0.6828623447834036,-0.20552043295802125,0.15706306555634025,0.3550483996471,False,True,False,False,False,False,False,False,False,False,False,False,False,False,True
119,1,1.019553921108217,-0.17407320358769351,0,0.3828110433124441,0.7000539747632586,-0.8875544930966774,-0.9059547326007871,False,False,False,False,False,False,True,False,False,False,False,False,False,False,True
120,0,-0.7465038537843945,0.3830287806569687,1,-0.5940562291087492,-1.111094840679301,1.201680624209358,0.9855499657710435,False,True,False,False,False,False,False,False,False,False,False,False,False,True,False
121,1,-0.7465038537843945,0.7809587694031559,1,-0.8604745761327109,-0.20552043295802125,0.15706306555634025,0.3550483996471,True,False,False,False,False,False,False,False,False,False,False,False,False,False,True
122,0,1.019553921108217,-0.2536592013369314,0,0.47161715898709855,1.6056283824845383,-0.8875544930966774,-0.9059547326007871,False,True,False,False,False,False,False,False,False,False,False,False,False,True,False
123,1,-0.7465038537843945,0.30344278290773086,1,-0.5052501134340955,-1.111094840679301,1.201680624209358,0.9855499657710435,False,False,False,False,False,False,True,False,False,False,False,False,False,False,True
124,0,1.019553921108217,0.701372771653918,1,-0.9492806918073653,-0.20552043295802125,0.15706306555634025,0.3550483996471,False,True,False,False,False,False,False,False,False,False,False,False,False,True,False
125,1,-0.7465038537843945,-0.3332451990861685,0,0.5604232746617522,0.7000539747632586,-0.8875544930966774,-0.9059547326007871,True,False,False,False,False,False,False,False,False,False,False,False,False,False,True
126,0,1.019553921108217,0.2238567851584937,1,-0.4164439977594411,-1.111094840679301,1.201680624209358,0.9855499657710435,False,True,False,False,False,False,False,False,False,False,False,False,False,True,False
127,1,-0.7465038537843945,0.6217867739046808,1,-1.038086807482019,-0.20552043295802125,0.15706306555634025,0.3550483996471,False,False,False,False,False,False,True,False,False,False,False,False,False,False,True
128,0,-0.7465038537843945,-0.41283119683540564,0,0.6492293903364058,1.6056283824845383,-0.8875544930966774,-0.9059547326007871,False,True,False,False,False,False,False,False,False,False,False,False,False,True,False
129,1,1.019553921108217,0.14427078740925584,1,-0.32763788208478745,-1.111094840679301,1.201680624209358,0.9855499657710435,True,False,False,False,False,False,False,False,False,False,False,False,False,False,True
130,0,1.019553921108217,0.542200776155443,1,-1.1268929231566733,-0.20552043295802125,0.15706306555634025,0.3550483996471,False,True,False,False,False,False,False,False,False,False,False,False,False,True,False
131,1,-0.7465038537843945,-0.49241719458464356,0,0.7380355060110603,0.7000539747632586,-0.8875544930966774,-0.9059547326007871,False,False,False,False,False,False,True,False,False,False,False,False,False,False,True
132,0,-0.7465038537843945,0.06468478966001867,1,-0.2388317664101338,-1.111094840679301,1.201680624209358,0.9855499657710435,False,True,False,False,False,False,False,False,False,False,False,False,False,True,False
133,1,1.019553921108217,0.46261477840620585,1,-1.2156990388313271,-0.20552043295802125,0.15706306555634025,0.3550483996471,True,False,False,False,False,False,False,False,False,False,False,False,False,False,True
134,0,1.019553921108217,-0.5720031923338806,0,0.826841621685714,1.6056283824845383,-0.8875544930966774,-0.9059547326007871,False,True,False,False,False,False,False,False,False,False,False,False,False,True,False
135,1,-0.7465038537843945,-0.014901208089218486,1,-0.15002565073547935,-1.111094840679301,1.201680624209358,0.9855499657710435,False,False,False,False,False,False,True,False,False,False,False,False,False,False,True
136,0,-0.7465038537843945,0.3830287806569687,1,-1.3045051545059807,-0.20552043295802125,0.15706306555634025,0.3550483996471,False,True,False,False,False,False,False,False,False,False,False,False,False,True,False
137,1,1.019553921108217,-0.6515891900831186,0,0.9156477373603683,0.7000539747632586,-0.8875544930966774,-0.9059547326007871,True,False,False,False,False,False,False,False,False,False,False,False,False,False,True
138,0,1.019553921108217,-0.09448720583845635,1,-0.06121953506082571,-1.111094840679301,1.201680624209358,0.9855499657710435,False,True,False,False,False,False,False,False,False,False,False,False,False,True,False
139,1,-0.7465038537843945,0.30344278290773086,1,-1.3933112701806352,-0.20552043295802125,0.15706306555634025,0.3550483996471,False,False,False,False,False,False,True,False,False,False,False,False,False,False,True
140,0,-0.7465038537843945,-0.7311751878323557,0,1.004453853035022,1.6056283824845383,-0.8875544930966774,-0.9059547326007871,False,True,False,False,False,False,False,False,False,False,False,False,False,True,False
141,1,1.019553921108217,-0.17407320358769351,1,0.027586580613828727,-1.111094840679301,1.201680624209358,0.9855499657710435,True,False,False,False,False,False,False,False,False,False,False,False,False,False,True
142,0,1.019553921108217,0.2238567851584937,1,-1.4821173858552887,-0.20552043295802125,0.15706306555634025,0.3550483996471,False,True,False,False,False,False,False,False,False,False,False,False,False,True,False
143,1,-0.7465038537843945,-0.8107611855815932,0,1.0932599687096756,0.7000539747632586,-0.8875544930966774,-0.9059547326007871,False,False,False,False,False,False,True,False,False,False,False,False,False,False,True
144,0,-0.7465038537843945,-0.2536592013369314,1,0.11639269628848238,-1.111094840679301,1.201680624209358,0.9855499657710435,False,True,False,False,False,False,False,False,False,False,False,False,False,True,False
145,1,1.019553921108217,0.14427078740925584,1,-1.5709235015299432,-0.20552043295802125,0.15706306555634025,0.3550483996471,True,False,False,False,False,False,False,False,False,False,False,False,False,False,True
146,0,1.019553921108217,-0.8903471833308307,0,1.1820660843843294,1.6056283824845383,-0.8875544930966774,-0.9059547326007871,False,True,False,False,False,False,False,False,False,False,False,False,False,True,False
147,1,-0.7465038537843945,-0.3332451990861685,1,0.20519881196313602,-1.111094840679301,1.201680624209358,0.9855499657710435,False,False,False,False,False,False,True,False,False,False,False,False,False,False,True
148,0,-0.7465038537843945,0.06468478966001867,1,-1.659729617204597,-0.20552043295802125,0.15706306555634025,0.3550483996471,False,True,False,False,False,False,False,False,False,False,False,False,False,True,False
149,1,1.019553921108217,-0.9699331810800679,0,1.2708722000589845,0.7000539747632586,-0.8875544930966774,-0.9059547326007871,True,False,False,False,False,False,False,False,False,False,False,False,False,False,True
150,0,1.019553921108217,-0.41283119683540564,1,0.29400492763779046,-1.111094840679301,1.201680624209358,0.9855499657710435,False,True,False,False,False,False,False,False,False,False,False,False,False,True,False
151,1,-0.7465038537843945,-0.014901208089218486,1,-1.7485357328792506,-0.20552043295802125,0.15706306555634025,0.3550483996471,False,False,False,False,False,False,True,False,False,False,False,False,False,False,True
152,0,-0.7465038537843945,-1.0495191788293055,0,1.359678315733638,1.6056283824845383,-0.8875544930966774,-0.9059547326007871,False,True,False,False,False,False,False,False,False,False,False,False,False,True,False
153,1,1.019553921108217,-0.49241719458464356,1,0.3828110433124441,-1.111094840679301,1.201680624209358,0.9855499657710435,True,False,False,False,False,False,False,False,False,False,False,False,False,False,True
154,0,1.019553921108217,-0.09448720583845635,1,-1.837341848553905,-0.20552043295802125,0.15706306555634025,0.3550483996471,False,True,False,False,False,False,False,False,False,False,False,False,False,True,False
155,1,-0.7465038537843945,-1.129105176578543,0,1.4484844314082919,0.7000539747632586,-0.8875544930966774,-0.9059547326007871,False,False,False,False,False,False,True,False,False,False,False,False,False,False,True
156,0,-0.7465038537843945,-0.5720031923338806,1,0.47161715898709855,-1.111094840679301,1.201680624209358,0.9855499657710435,False,True,False,False,False,False,False,False,False,False,False,False,False,True,False
157,1,1.019553921108217,-0.17407320358769351,1,-1.9261479642285586,-0.20552043295802125,0.15706306555634025,0.3550483996471,True,False,False,False,False,False,False,False,False,False,False,False,False,False,True
158,0,1.019553921108217,-1.2086911743277804,0,1.5372905470829454,1.6056283824845383,-0.8875544930966774,-0.9059547326007871,False,True,False,False,False,False,False,False,False,False,False,False,False,True,False
159,1,-0.7465038537843945,-0.6515891900831186,1,0.5604232746617522,-1.111094840679301,1.201680624209358,0.9855499657710435,False,False,False,False,False,False,True,False,False,False,False,False,False,False,True
160,0,-0.7465038537843945,-0.2536592013369314,1,-2.014954079903213,-0.20552043295802125,0.15706306555634025,0.3550483996471,False,True,False,False,False,False,False,False,False,False,False,False,False,True,False
161,0,-0.7465038537843945,0.30344278290773086,1,-0.6828623447834036,-1.111094840679301,0.15706306555634025,0.3550483996471,False,True,False,False,False,False,False,False,False,False,False,False,False,False,True
162,1,1.019553921108217,-0.09448720583845635,0,0.29400492763779046,0.7000539747632586,-0.8875544930966774,-0.27545316647684354,True,False,False,False,False,False,False,False,False,False,False,False,False,True,False
163,0,-0.7465038537843945,0.46261477840620585,1,-0.8604745761327109,-0.20552043295802125,1.201680624209358,0.9855499657710435,False,False,False,False,False,False,True,False,False,False,False,False,False,False,True
164,1,1.019553921108217,-0.17407320358769351,1,-0.5052501134340955,-1.111094840679301,0.15706306555634025,0.3550483996471,False,True,False,False,False,False,False,False,False,False,False,False,False,True,False
165,0,-0.7465038537843945,0.14427078740925584,0,0.11639269628848238,0.7000539747632586,-0.8875544930966774,-0.9059547326007871,True,False,False,False,False,False,False,False,False,False,False,False,False,False,True
166,1,1.019553921108217,0.3830287806569687,1,-0.7716684604580573,-0.20552043295802125,1.201680624209358,0.9855499657710435,False,False,False,False,False,False,True,False,False,False,False,False,False,True,False
167,0,-0.7465038537843945,-0.014901208089218486,1,-0.4164439977594411,-1.111094840679301,0.15706306555634025,0.3550483996471,False,True,False,False,False,False,False,False,False,False,False,False,False,False,True
168,1,1.019553921108217,0.2238567851584937,0,0.20519881196313602,0.7000539747632586,-0.8875544930966774,-0.27545316647684354,True,False,False,False,False,False,False,False,False,False,False,False,False,True,False
169,0,-0.7465038537843945,0.542200776155443,1,-0.9492806918073653,-0.20552043295802125,1.201680624209358,0.9855499657710435,False,False,False,False,False,False,True,False,False,False,False,False,False,False,True
170,1,1.019553921108217,-0.2536592013369314,1,-0.32763788208478745,-1.111094840679301,0.15706306555634025,0.3550483996471,False,True,False,False,False,False,False,False,False,False,False,False,False,True,False
171,0,-0.7465038537843945,0.06468478966001867,0,0.3828110433124441,0.7000539747632586,-0.8875544930966774,-0.9059547326007871,True,False,False,False,False,False,False,False,False,False,False,False,False,False,True
172,1,1.019553921108217,0.30344278290773086,1,-1.038086807482019,-0.20552043295802125,1.201680624209358,0.9855499657710435,False,False,False,False,False,False,True,False,False,False,False,False,False,True,False
173,0,-0.7465038537843945,-0.09448720583845635,1,-0.2388317664101338,-1.111094840679301,0.15706306555634025,0.3550483996471,False,True,False,False,False,False,False,False,False,False,False,False,False,False,True
174,1,1.019553921108217,0.14427078740925584,0,0.47161715898709855,0.7000539747632586,-0.8875544930966774,-0.27545316647684354,True,False,False,False,False,False,False,False,False,False,False,False,False,True,False
175,0,-0.7465038537843945,0.6217867739046808,1,-1.1268929231566733,-0.20552043295802125,1.201680624209358,0.9855499657710435,False,False,False,False,False,False,True,False,False,False,False,False,False,False,True
176,1,1.019553921108217,-0.3332451990861685,1,-0.15002565073547935,-1.111094840679301,0.15706306555634025,0.3550483996471,False,True,False,False,False,False,False,False,False,False,False,False,False,True,False
177,0,-0.7465038537843945,-0.014901208089218486,0,0.5604232746617522,0.7000539747632586,-0.8875544930966774,-0.9059547326007871,True,False,False,False,False,False,False,False,False,False,False,False,False,False,True
178,1,1.019553921108217,0.2238567851584937,1,-1.2156990388313271,-0.20552043295802125,1.201680624209358,0.9855499657710435,False,False,False,False,False,False,True,False,False,False,False,False,False,True,False
179,0,-0.7465038537843945,-0.17407320358769351,1,-0.06121953506082571,-1.111094840679301,0.15706306555634025,0.3550483996471,False,True,False,False,False,False,False,False,False,False,False,False,False,False,True
180,1,1.019553921108217,0.06468478966001867,0,0.6492293903364058,0.7000539747632586,-0.8875544930966774,-0.27545316647684354,True,False,False,False,False,False,False,False,False,False,False,False,False,True,False
181,0,-0.7465038537843945,0.701372771653918,1,-1.3045051545059807,-0.20552043295802125,1.201680624209358,0.9855499657710435,False,False,False,False,False,False,True,False,False,False,False,False,False,False,True
182,1,1.019553921108217,-0.41283119683540564,1,0.027586580613828727,-1.111094840679301,0.15706306555634025,0.3550483996471,False,True,False,False,False,False,False,False,False,False,False,False,False,True,False
183,0,-0.7465038537843945,-0.09448720583845635,0,0.7380355060110603,0.7000539747632586,-0.8875544930966774,-0.9059547326007871,True,False,False,False,False,False,False,False,False,False,False,False,False,False,True
184,1,1.019553921108217,0.14427078740925584,1,-1.3933112701806352,-0.20552043295802125,1.201680624209358,0.9855499657710435,False,False,False,False,False,False,True,False,False,False,False,False,False,True,False
185,0,-0.7465038537843945,-0.2536592013369314,1,0.11639269628848238,-1.111094840679301,0.15706306555634025,0.3550483996471,False,True,False,False,False,False,False,False,False,False,False,False,False,False,True
186,1,1.019553921108217,-0.014901208089218486,0,0.826841621685714,0.7000539747632586,-0.8875544930966774,-0.27545316647684354,True,False,False,False,False,False,False,False,False,False,False,False,False,True,False
187,0,-0.7465038537843945,0.7809587694031559,1,-1.4821173858552887,-0.20552043295802125,1.201680624209358,0.9855499657710435,False,False,False,False,False,False,True,False,False,False,False,False,False,False,True
188,1,1.019553921108217,-0.49241719458464356,1,0.20519881196313602,-1.111094840679301,0.15706306555634025,0.3550483996471,False,True,False,False,False,False,False,False,False,False,False,False,False,True,False
189,0,-0.7465038537843945,-0.17407320358769351,0,0.9156477373603683,0.7000539747632586,-0.8875544930966774,-0.9059547326007871,True,False,False,False,False,False,False,False,False,False,False,False,False,False,True
190,1,1.019553921108217,0.06468478966001867,1,-1.5709235015299432,-0.20552043295802125,1.201680624209358,0.9855499657710435,False,False,False,False,False,False,True,False,False,False,False,False,False,True,False
191,0,-0.7465038537843945,-0.3332451990861685,1,0.29400492763779046,-1.111094840679301,0.15706306555634025,0.3550483996471,False,True,False,False,False,False,False,False,False,False,False,False,False,False,True
192,1,1.019553921108217,-0.09448720583845635,0,1.004453853035022,0.7000539747632586,-0.8875544930966774,-0.27545316647684354,True,False,False,False,False,False,False,False,False,False,False,False,False,True,False
193,0,-0.7465038537843945,0.860544767152393,1,-1.659729617204597,-0.20552043295802125,1.201680624209358,0.9855499657710435,False,False,False,False,False,False,True,False,False,False,False,False,False,False,True
194,1,1.019553921108217,-0.5720031923338806,1,0.3828110433124441,-1.111094840679301,0.15706306555634025,0.3550483996471,False,True,False,False,False,False,False,False,False,False,False,False,False,True,False
195,0,-0.7465038537843945,-0.2536592013369314,0,1.0932599687096756,0.7000539747632586,-0.8875544930966774,-0.9059547326007871,True,False,False,False,False,False,False,False,False,False,False,False,False,False,True
196,1,1.019553921108217,-0.014901208089218486,1,-1.7485357328792506,-0.20552043295802125,1.201680624209358,0.9855499657710435,False,False,False,False,False,False,True,False,False,False,False,False,False,True,False
197,0,-0.7465038537843945,-0.41283119683540564,1,0.47161715898709855,-1.111094840679301,0.15706306555634025,0.3550483996471,False,True,False,False,False,False,False,False,False,False,False,False,False,False,True
198,1,1.019553921108217,-0.17407320358769351,0,1.1820660843843294,0.7000539747632586,-0.8875544930966774,-0.27545316647684354,True,False,False,False,False,False,False,False,False,False,False,False,False,True,False
199,0,-0.7465038537843945,0.9401307649016302,1,-1.837341848553905,-0.20552043295802125,1.201680624209358,0.9855499657710435,False,False,False,False,False,False,True,False,False,False,False,False,False,False,True
200,1,1.019553921108217,-0.6515891900831186,1,0.5604232746617522,-1.111094840679301,0.15706306555634025,0.3550483996471,False,True,False,False,False,False,False,False,False,False,False,False,False,True,False
201,0,-0.7465038537843945,-0.3332451990861685,0,1.2708722000589845,0.7000539747632586,-0.8875544930966774,-0.9059547326007871,True,False,False,False,False,False,False,False,False,False,False,False,False,False,True
202,1,1.019553921108217,-0.09448720583845635,1,-1.9261479642285586,-0.20552043295802125,1.201680624209358,0.9855499657710435,False,False,False,False,False,False,True,False,False,False,False,False,False,True,False
203,0,-0.7465038537843945,-0.49241719458464356,1,0.6492293903364058,-1.111094840679301,0.15706306555634025,0.3550483996471,False,True,False,False,False,False,False,False,False,False,False,False,False,False,True
204,1,1.019553921108217,-0.2536592013369314,0,1.359678315733638,0.7000539747632586,-0.8875544930966774,-0.27545316647684354,True,False,False,False,False,False,False,False,False,False,False,False,False,True,False
205,0,-0.7465038537843945,1.019716762650868,1,-2.014954079903213,-0.20552043295802125,1.201680624209358,0.9855499657710435,False,False,False,False,False,False,True,False,False,False,False,False,False,False,True
206,1,1.019553921108217,-0.7311751878323557,1,0.7380355060110603,-1.111094840679301,0.15706306555634025,0.3550483996471,False,True,False,False,False,False,False,False,False,False,False,False,False,True,False
207,0,-0.7465038537843945,-0.41283119683540564,0,1.4484844314082919,0.7000539747632586,-0.8875544930966774,-0.9059547326007871,True,False,False,False,False,False,False,False,False,False,False,False,False,False,True
208,1,1.019553921108217,-0.17407320358769351,1,-2.1037601955778666,-0.20552043295802125,1.201680624209358,0.9855499657710435,False,False,False,False,False,False,True,False,False,False,False,False,False,True,False
209,0,-0.7465038537843945,-0.5720031923338806,1,0.826841621685714,-1.111094840679301,0.15706306555634025,0.3550483996471,False,True,False,False,False,False,False,False,False,False,False,False,False,False,True
210,1,1.019553921108217,-0.3332451990861685,0,1.5372905470829454,0.7000539747632586,-0.8875544930966774,-0.27545316647684354,True,False,False,False,False,False,False,False,False,False,False,False,False,True,False
211,0,-0.7465038537843945,1.099302760400105,1,-2.1925663112525204,-0.20552043295802125,1.201680624209358,0.9855499657710435,False,False,False,False,False,False,True,False,False,False,False,False,False,False,True
212,1,1.019553921108217,-0.8107611855815932,1,0.9156477373603683,-1.111094840679301,0.15706306555634025,0.3550483996471,False,True,False,False,False,False,False,False,False,False,False,False,False,True,False
213,0,-0.7465038537843945,-0.49241719458464356,0,1.626096662757599,0.7000539747632586,-0.8875544930966774,-0.9059547326007871,True,False,False,False,False,False,False,False,False,False,False,False,False,False,True
214,1,1.019553921108217,-0.2536592013369314,1,-2.2813724269271747,-0.20552043295802125,1.201680624209358,0.9855499657710435,False,False,False,False,False,False,True,False,False,False,False,False,False,True,False
215,0,-0.7465038537843945,-0.6515891900831186,1,1.004453853035022,-1.111094840679301,0.15706306555634025,0.3550483996471,False,True,False,False,False,False,False,False,False,False,False,False,False,False,True
216,1,1.019553921108217,-0.41283119683540564,0,1.7149027784322544,0.7000539747632586,-0.8875544930966774,-0.27545316647684354,True,False,False,False,False,False,False,False,False,False,False,False,False,True,False
217,0,-0.7465038537843945,1.178888758149343,1,-2.3701785426018285,-0.20552043295802125,1.201680624209358,0.9855499657710435,False,False,False,False,False,False,True,False,False,False,False,False,False,False,True
218,1,1.019553921108217,-0.8903471833308307,1,1.0932599687096756,-1.111094840679301,0.15706306555634025,0.3550483996471,False,True,False,False,False,False,False,False,False,False,False,False,False,True,False
219,0,-0.7465038537843945,-0.5720031923338806,0,1.803708894106908,0.7000539747632586,-0.8875544930966774,-0.9059547326007871,True,False,False,False,False,False,False,False,False,False,False,False,False,False,True
220,1,1.019553921108217,-0.3332451990861685,1,-2.4589846582764827,-0.20552043295802125,1.201680624209358,0.9855499657710435,False,False,False,False,False,False,True,False,False,False,False,False,False,True,False
221,0,-0.7465038537843945,1.2584747558985803,1,-0.7716684604580573,-1.111094840679301,1.201680624209358,1.616051531894987,False,True,False,False,False,False,False,False,False,False,False,False,False,False,True
222,1,1.019553921108217,0.701372771653918,1,-0.32763788208478745,-0.20552043295802125,0.15706306555634025,0.3550483996471,False,False,False,False,False,False,True,False,False,False,False,False,False,True,False
223,0,-0.7465038537843945,-0.3332451990861685,0,0.5604232746617522,1.6056283824845383,-0.8875544930966774,-0.9059547326007871,False,True,False,False,False,False,False,False,False,False,False,False,False,False,True
224,1,1.019553921108217,-0.5720031923338806,0,0.826841621685714,0.7000539747632586,-0.8875544930966774,-1.5364562987247306,True,False,False,False,False,False,False,False,False,False,False,False,False,True,False
225,0,-0.7465038537843945,-0.8903471833308307,0,0.9156477373603683,1.6056283824845383,-1.9321720517496952,-2.166957864848674,False,False,False,True,False,False,False,False,False,False,False,False,False,False,True
226,1,1.019553921108217,0.46261477840620585,1,-0.06121953506082571,-0.20552043295802125,0.15706306555634025,0.3550483996471,False,True,False,False,False,False,False,False,False,False,False,False,False,False,True
227,0,-0.7465038537843945,0.2238567851584937,1,-0.32763788208478745,-0.20552043295802125,0.15706306555634025,-0.27545316647684354,False,False,True,False,False,False,False,False,False,False,False,False,False,True,False
228,1,1.019553921108217,-0.09448720583845635,0,0.29400492763779046,0.7000539747632586,-0.8875544930966774,-0.9059547326007871,False,False,False,False,False,False,False,False,True,False,False,False,False,False,True
229,0,-0.7465038537843945,1.6564047446447674,1,-0.9492806918073653,-2.016669248400581,1.201680624209358,1.616051531894987,False,False,False,False,False,False,True,False,False,False,False,False,False,True,False
230,1,1.019553921108217,0.46261477840620585,1,-0.15002565073547935,-0.20552043295802125,0.15706306555634025,0.3550483996471,False,True,False,False,False,False,False,False,False,False,False,False,False,False,True
231,0,-0.7465038537843945,-0.17407320358769351,0,0.47161715898709855,0.7000539747632586,-0.8875544930966774,-0.9059547326007871,True,False,False,False,False,False,False,False,False,False,False,False,False,True,False
232,1,1.019553921108217,-0.7311751878323557,0,0.9156477373603683,1.6056283824845383,-1.9321720517496952,-1.5364562987247306,False,True,False,False,False,False,False,False,False,False,False,False,False,False,True
233,0,-0.7465038537843945,-1.129105176578543,0,1.004453853035022,1.6056283824845383,-1.9321720517496952,-2.166957864848674,False,False,False,True,False,False,False,False,False,False,False,False,False,False,True
234,1,1.019553921108217,0.6217867739046808,1,-0.32763788208478745,-1.111094840679301,0.15706306555634025,0.9855499657710435,False,False,False,False,False,False,True,False,False,False,False,False,False,True,False
235,0,-0.7465038537843945,0.06468478966001867,1,-0.06121953506082571,-0.20552043295802125,0.15706306555634025,-0.27545316647684354,False,False,True,False,False,False,False,False,False,False,False,False,False,False,True
236,1,1.019553921108217,-0.3332451990861685,0,0.47161715898709855,0.7000539747632586,-0.8875544930966774,-0.9059547326007871,False,False,False,False,False,False,False,False,True,False,False,False,False,True,False
237,0,-0.7465038537843945,1.4972327491462925,1,-0.8604745761327109,-2.016669248400581,1.201680624209358,1.616051531894987,False,True,False,False,False,False,False,False,False,False,False,False,False,False,True
238,1,1.019553921108217,0.542200776155443,1,-0.2388317664101338,-0.20552043295802125,0.15706306555634025,0.3550483996471,True,False,False,False,False,False,False,False,False,False,False,False,False,True,False
239,0,-0.7465038537843945,-0.2536592013369314,0,0.3828110433124441,0.7000539747632586,-0.8875544930966774,-0.9059547326007871,False,True,False,False,False,False,False,False,False,False,False,False,False,False,True
240,1,1.019553921108217,-0.6515891900831186,0,0.7380355060110603,1.6056283824845383,-0.8875544930966774,-1.5364562987247306,True,False,False,False,False,False,False,False,False,False,False,False,False,True,False
241,0,-0.7465038537843945,-0.9699331810800679,0,0.826841621685714,1.6056283824845383,-1.9321720517496952,-2.166957864848674,False,False,False,True,False,False,False,False,False,False,False,False,False,False,True
242,1,1.019553921108217,0.3830287806569687,1,-0.15002565073547935,-1.111094840679301,0.15706306555634025,0.3550483996471,False,True,False,False,False,False,False,False,False,False,False,False,False,False,True
243,0,-0.7465038537843945,0.14427078740925584,1,-0.2388317664101338,-0.20552043295802125,0.15706306555634025,-0.27545316647684354,False,False,True,False,False,False,False,False,False,False,False,False,False,True,False
244,1,1.019553921108217,-0.17407320358769351,0,0.3828110433124441,0.7000539747632586,-0.8875544930966774,-0.9059547326007871,False,False,False,False,False,False,False,False,True,False,False,False,False,False,True
245,0,-0.7465038537843945,1.5768187468955301,1,-1.038086807482019,-2.016669248400581,1.201680624209358,1.616051531894987,False,False,False,False,False,False,True,False,False,False,False,False,False,True,False
246,1,1.019553921108217,0.6217867739046808,1,-0.4164439977594411,-0.20552043295802125,0.15706306555634025,0.3550483996471,False,True,False,False,False,False,False,False,False,False,False,False,False,False,True
247,0,-0.7465038537843945,-0.09448720583845635,0,0.29400492763779046,0.7000539747632586,-0.8875544930966774,-0.9059547326007871,True,False,False,False,False,False,False,False,False,False,False,False,False,True,False
248,1,1.019553921108217,-0.8107611855815932,0,0.826841621685714,1.6056283824845383,-1.9321720517496952,-1.5364562987247306,False,True,False,False,False,False,False,False,False,False,False,False,False,False,True
249,0,-0.7465038537843945,-1.0495191788293055,0,1.0932599687096756,1.6056283824845383,-1.9321720517496952,-2.166957864848674,False,False,False,True,False,False,False,False,False,False,False,False,False,False,True
250,1,1.019553921108217,0.542200776155443,1,-0.2388317664101338,-1.111094840679301,0.15706306555634025,0.9855499657710435,False,False,False,False,False,False,True,False,False,False,False,False,False,True,False
251,0,-0.7465038537843945,-0.014901208089218486,1,0.027586580613828727,-0.20552043295802125,0.15706306555634025,-0.27545316647684354,False,False,True,False,False,False,False,False,False,False,False,False,False,False,True
252,1,1.019553921108217,-0.2536592013369314,0,0.5604232746617522,0.7000539747632586,-0.8875544930966774,-0.9059547326007871,False,False,False,False,False,False,False,False,True,False,False,False,False,True,False
253,0,-0.7465038537843945,1.4176467513970552,1,-0.9492806918073653,-2.016669248400581,1.201680624209358,1.616051531894987,False,True,False,False,False,False,False,False,False,False,False,False,False,False,True
254,1,1.019553921108217,0.3830287806569687,1,-0.32763788208478745,-0.20552043295802125,0.15706306555634025,0.3550483996471,True,False,False,False,False,False,False,False,False,False,False,False,False,True,False
255,0,-0.7465038537843945,-0.41283119683540564,0,0.47161715898709855,0.7000539747632586,-0.8875544930966774,-0.9059547326007871,False,True,False,False,False,False,False,False,False,False,False,False,False,False,True
256,1,1.019553921108217,-0.7311751878323557,0,0.6492293903364058,1.6056283824845383,-0.8875544930966774,-1.5364562987247306,True,False,False,False,False,False,False,False,False,False,False,False,False,True,False
257,0,-0.7465038537843945,-1.2086911743277804,0,1.1820660843843294,1.6056283824845383,-1.9321720517496952,-2.166957864848674,False,False,False,True,False,False,False,False,False,False,False,False,False,False,True
258,1,1.019553921108217,0.30344278290773086,1,-0.06121953506082571,-1.111094840679301,0.15706306555634025,0.3550483996471,False,True,False,False,False,False,False,False,False,False,False,False,False,False,True
259,0,-0.7465038537843945,0.06468478966001867,1,-0.15002565073547935,-0.20552043295802125,0.15706306555634025,-0.27545316647684354,False,False,True,False,False,False,False,False,False,False,False,False,False,True,False
260,1,1.019553921108217,-0.41283119683540564,0,0.6492293903364058,0.7000539747632586,-0.8875544930966774,-0.9059547326007871,False,False,False,False,False,False,False,False,True,False,False,False,False,False,True
261,0,-0.7465038537843945,1.3380607536478173,1,-1.1268929231566733,-2.016669248400581,1.201680624209358,1.616051531894987,False,False,False,False,False,False,True,False,False,False,False,False,False,True,False
262,1,1.019553921108217,0.30344278290773086,1,-0.5052501134340955,-0.20552043295802125,0.15706306555634025,0.3550483996471,False,True,False,False,False,False,False,False,False,False,False,False,False,False,True
263,0,-0.7465038537843945,-0.49241719458464356,0,0.5604232746617522,0.7000539747632586,-0.8875544930966774,-0.9059547326007871,True,False,False,False,False,False,False,False,False,False,False,False,False,True,False
264,1,1.019553921108217,-0.8903471833308307,0,0.7380355060110603,1.6056283824845383,-1.9321720517496952,-1.5364562987247306,False,True,False,False,False,False,False,False,False,False,False,False,False,False,True
265,0,-0.7465038537843945,-1.2882771720770179,0,1.2708722000589845,1.6056283824845383,-1.9321720517496952,-2.166957864848674,False,False,False,True,False,False,False,False,False,False,False,False,False,False,True
266,1,1.019553921108217,0.2238567851584937,1,0.027586580613828727,-1.111094840679301,0.15706306555634025,0.9855499657710435,False,False,False,False,False,False,True,False,False,False,False,False,False,True,False
267,0,-0.7465038537843945,-0.09448720583845635,1,0.11639269628848238,-0.20552043295802125,0.15706306555634025,-0.27545316647684354,False,False,True,False,False,False,False,False,False,False,False,False,False,False,True
268,1,1.019553921108217,-0.49241719458464356,0,0.7380355060110603,0.7000539747632586,-0.8875544930966774,-0.9059547326007871,False,False,False,False,False,False,False,False,True,False,False,False,False,True,False
269,0,-0.7465038537843945,1.178888758149343,1,-1.038086807482019,-2.016669248400581,1.201680624209358,1.616051531894987,False,True,False,False,False,False,False,False,False,False,False,False,False,False,True
270,1,1.019553921108217,0.2238567851584937,1,-0.4164439977594411,-0.20552043295802125,0.15706306555634025,0.3550483996471,True,False,False,False,False,False,False,False,False,False,False,False,False,True,False
271,0,-0.7465038537843945,-0.3332451990861685,0,0.3828110433124441,0.7000539747632586,-0.8875544930966774,-0.9059547326007871,False,True,False,False,False,False,False,False,False,False,False,False,False,False,True
272,1,1.019553921108217,-0.9699331810800679,0,0.826841621685714,1.6056283824845383,-1.9321720517496952,-1.5364562987247306,True,False,False,False,False,False,False,False,False,False,False,False,False,True,False
273,0,-0.7465038537843945,-1.367863169826255,0,1.359678315733638,1.6056283824845383,-1.9321720517496952,-2.166957864848674,False,False,False,True,False,False,False,False,False,False,False,False,False,False,True
274,1,1.019553921108217,0.3830287806569687,1,-0.15002565073547935,-1.111094840679301,0.15706306555634025,0.3550483996471,False,True,False,False,False,False,False,False,False,False,False,False,False,False,True
275,0,-0.7465038537843945,-0.17407320358769351,1,0.20519881196313602,-0.20552043295802125,0.15706306555634025,-0.27545316647684354,False,False,True,False,False,False,False,False,False,False,False,False,False,True,False
276,1,1.019553921108217,-0.5720031923338806,0,0.826841621685714,0.7000539747632586,-0.8875544930966774,-0.9059547326007871,False,False,False,False,False,False,False,False,True,False,False,False,False,False,True
277,0,-0.7465038537843945,1.3380607536478173,1,-1.2156990388313271,-2.016669248400581,1.201680624209358,1.616051531894987,False,False,False,False,False,False,True,False,False,False,False,False,False,True,False
278,1,1.019553921108217,0.14427078740925584,1,-0.32763788208478745,-0.20552043295802125,0.15706306555634025,0.3550483996471,False,True,False,False,False,False,False,False,False,False,False,False,False,False,True
279,0,-0.7465038537843945,-0.41283119683540564,0,0.47161715898709855,0.7000539747632586,-0.8875544930966774,-0.9059547326007871,True,False,False,False,False,False,False,False,False,False,False,False,False,True,False
280,1,1.019553921108217,-1.0495191788293055,0,0.9156477373603683,1.6056283824845383,-1.9321720517496952,-1.5364562987247306,False,True,False,False,False,False,False,False,False,False,False,False,False,False,True
281,0,-0.7465038537843945,-1.4474491675754926,0,1.4484844314082919,1.6056283824845383,-1.9321720517496952,-2.166957864848674,False,False,False,True,False,False,False,False,False,False,False,False,False,False,True
282,1,1.019553921108217,0.30344278290773086,1,-0.06121953506082571,-1.111094840679301,0.15706306555634025,0.9855499657710435,False,False,False,False,False,False,True,False,False,False,False,False,False,True,False
283,0,-0.7465038537843945,-0.2536592013369314,1,0.29400492763779046,-0.20552043295802125,0.15706306555634025,-0.27545316647684354,False,False,True,False,False,False,False,False,False,False,False,False,False,False,True
284,1,1.019553921108217,-0.6515891900831186,0,0.9156477373603683,0.7000539747632586,-0.8875544930966774,-0.9059547326007871,False,False,False,False,False,False,False,False,True,False,False,False,False,True,False
285,0,-0.7465038537843945,1.4176467513970552,1,-1.3045051545059807,-2.016669248400581,1.201680624209358,1.616051531894987,False,True,False,False,False,False,False,False,False,False,False,False,False,False,True
286,1,1.019553921108217,0.06468478966001867,1,-0.2388317664101338,-0.20552043295802125,0.15706306555634025,0.3550483996471,True,False,False,False,False,False,False,False,False,False,False,False,False,True,False
287,0,-0.7465038537843945,-0.49241719458464356,0,0.5604232746617522,0.7000539747632586,-0.8875544930966774,-0.9059547326007871,False,True,False,False,False,False,False,False,False,False,False,False,False,False,True
288,1,1.019553921108217,-1.129105176578543,0,1.004453853035022,1.6056283824845383,-1.9321720517496952,-1.5364562987247306,True,False,False,False,False,False,False,False,False,False,False,False,False,True,False
289,0,-0.7465038537843945,-1.52703516532473,0,1.5372905470829454,1.6056283824845383,-1.9321720517496952,-2.166957864848674,False,False,False,True,False,False,False,False,False,False,False,False,False,False,True
290,1,1.019553921108217,0.2238567851584937,1,0.027586580613828727,-1.111094840679301,0.15706306555634025,0.3550483996471,False,True,False,False,False,False,False,False,False,False,False,False,False,False,True
291,0,-0.7465038537843945,-0.3332451990861685,1,0.3828110433124441,-0.20552043295802125,0.15706306555634025,-0.27545316647684354,False,False,True,False,False,False,False,False,False,False,False,False,False,True,False
292,1,1.019553921108217,-0.7311751878323557,0,1.004453853035022,0.7000539747632586,-0.8875544930966774,-0.9059547326007871,False,False,False,False,False,False,False,False,True,False,False,False,False,False,True
293,0,-0.7465038537843945,1.4972327491462925,1,-1.3933112701806352,-2.016669248400581,1.201680624209358,1.616051531894987,False,False,False,False,False,False,True,False,False,False,False,False,False,True,False
294,1,1.019553921108217,-0.014901208089218486,1,-0.15002565073547935,-0.20552043295802125,0.15706306555634025,0.3550483996471,False,True,False,False,False,False,False,False,False,False,False,False,False,False,True
295,0,-0.7465038537843945,-0.5720031923338806,0,0.6492293903364058,0.7000539747632586,-0.8875544930966774,-0.9059547326007871,True,False,False,False,False,False,False,False,False,False,False,False,False,True,False
296,1,1.019553921108217,-1.2086911743277804,0,1.0932599687096756,1.6056283824845383,-1.9321720517496952,-1.5364562987247306,False,True,False,False,False,False,False,False,False,False,False,False,False,False,True
297,0,-0.7465038537843945,-1.6066211630739675,0,1.626096662757599,1.6056283824845383,-1.9321720517496952,-2.166957864848674,False,False,False,True,False,False,False,False,False,False,False,False,False,False,True
298,1,1.019553921108217,0.14427078740925584,1,0.11639269628848238,-1.111094840679301,0.15706306555634025,0.9855499657710435,False,False,False,False,False,False,True,False,False,False,False,False,False,True,False
299,0,-0.7465038537843945,-0.41283119683540564,1,0.47161715898709855,-0.20552043295802125,0.15706306555634025,-0.27545316647684354,False,False,True,False,False,False,False,False,False,False,False,False,False,False,True
300,1,1.019553921108217,-0.8107611855815932,0,1.0932599687096756,0.7000539747632586,-0.8875544930966774,-0.9059547326007871,False,False,False,False,False,False,False,False,True,False,False,False,False,True,False
301,0,-0.7465038537843945,1.5768187468955301,1,-1.4821173858552887,-2.016669248400581,1.201680624209358,1.616051531894987,False,True,False,False,False,False,False,False,False,False,False,False,False,False,True
302,1,1.019553921108217,-0.09448720583845635,1,-0.06121953506082571,-0.20552043295802125,0.15706306555634025,0.3550483996471,True,False,False,False,False,False,False,False,False,False,False,False,False,True,False
303,0,-0.7465038537843945,-0.6515891900831186,0,0.7380355060110603,0.7000539747632586,-0.8875544930966774,-0.9059547326007871,False,True,False,False,False,False,False,False,False,False,False,False,False,False,True
304,1,1.019553921108217,-1.2882771720770179,0,1.1820660843843294,1.6056283824845383,-1.9321720517496952,-1.5364562987247306,True,False,False,False,False,False,False,False,False,False,False,False,False,True,False
305,0,-0.7465038537843945,-1.686207160823205,0,1.7149027784322544,1.6056283824845383,-1.9321720517496952,-2.166957864848674,False,False,False,True,False,False,False,False,False,False,False,False,False,False,True
306,1,1.019553921108217,0.06468478966001867,1,0.20519881196313602,-1.111094840679301,0.15706306555634025,0.3550483996471,False,True,False,False,False,False,False,False,False,False,False,False,False,False,True
307,0,-0.7465038537843945,-0.49241719458464356,1,0.5604232746617522,-0.20552043295802125,0.15706306555634025,-0.27545316647684354,False,False,True,False,False,False,False,False,False,False,False,False,False,True,False
308,1,1.019553921108217,-0.8903471833308307,0,1.1820660843843294,0.7000539747632586,-0.8875544930966774,-0.9059547326007871,False,False,False,False,False,False,False,False,True,False,False,False,False,False,True
309,0,-0.7465038537843945,1.6564047446447674,1,-1.5709235015299432,-2.016669248400581,1.201680624209358,1.616051531894987,False,False,False,False,False,False,True,False,False,False,False,False,False,True,False
310,1,1.019553921108217,-0.17407320358769351,1,0.027586580613828727,-0.20552043295802125,0.15706306555634025,0.3550483996471,False,True,False,False,False,False,False,False,False,False,False,False,False,False,True
311,0,-0.7465038537843945,-0.7311751878323557,0,0.826841621685714,0.7000539747632586,-0.8875544930966774,-0.9059547326007871,True,False,False,False,False,False,False,False,False,False,False,False,False,True,False
312,1,1.019553921108217,-1.367863169826255,0,1.2708722000589845,1.6056283824845383,-1.9321720517496952,-1.5364562987247306,False,True,False,False,False,False,False,False,False,False,False,False,False,False,True
313,0,-0.7465038537843945,-1.7657931585724422,0,1.803708894106908,1.6056283824845383,-1.9321720517496952,-2.166957864848674,False,False,False,True,False,False,False,False,False,False,False,False,False,False,True
314,1,1.019553921108217,-0.014901208089218486,1,0.29400492763779046,-1.111094840679301,0.15706306555634025,0.9855499657710435,False,False,False,False,False,False,True,False,False,False,False,False,False,True,False
315,0,-0.7465038537843945,-0.5720031923338806,1,0.6492293903364058,-0.20552043295802125,0.15706306555634025,-0.27545316647684354,False,False,True,False,False,False,False,False,False,False,False,False,False,False,True
316,1,1.019553921108217,-0.9699331810800679,0,1.2708722000589845,0.7000539747632586,-0.8875544930966774,-0.9059547326007871,False,False,False,False,False,False,False,False,True,False,False,False,False,True,False
317,0,-0.7465038537843945,1.7359907423940046,1,-1.659729617204597,-2.016669248400581,1.201680624209358,1.616051531894987,False,True,False,False,False,False,False,False,False,False,False,False,False,False,True
318,1,1.019553921108217,-0.2536592013369314,1,0.11639269628848238,-0.20552043295802125,0.15706306555634025,0.3550483996471,True,False,False,False,False,False,False,False,False,False,False,False,False,True,False
319,0,-0.7465038537843945,-0.8107611855815932,0,0.9156477373603683,0.7000539747632586,-0.8875544930966774,-0.9059547326007871,False,True,False,False,False,False,False,False,False,False,False,False,False,False,True
320,1,1.019553921108217,-1.4474491675754926,0,1.359678315733638,1.6056283824845383,-1.9321720517496952,-1.5364562987247306,True,False,False,False,False,False,False,False,False,False,False,False,False,True,False
321,0,-0.7465038537843945,0.2238567851584937,1,-0.06121953506082571,-0.20552043295802125,0.15706306555634025,0.3550483996471,False,True,False,False,False,False,False,False,False,False,False,False,False,False,True
322,1,1.019553921108217,-0.6515891900831186,0,0.826841621685714,1.6056283824845383,-0.8875544930966774,-1.5364562987247306,True,False,False,False,False,False,False,False,False,False,False,False,False,True,False
323,0,-0.7465038537843945,0.06468478966001867,1,0.11639269628848238,0.7000539747632586,0.15706306555634025,-0.27545316647684354,False,True,False,False,False,False,False,False,False,False,False,False,False,False,True
324,1,1.019553921108217,0.701372771653918,1,-0.32763788208478745,-1.111094840679301,1.201680624209358,0.9855499657710435,False,False,False,False,False,False,False,False,False,False,True,False,False,True,False
325,0,-0.7465038537843945,-0.7311751878323557,0,0.9156477373603683,1.6056283824845383,-0.8875544930966774,-1.5364562987247306,False,True,False,False,False,False,False,False,False,False,False,False,False,False,True
326,1,1.019553921108217,0.46261477840620585,1,-0.15002565073547935,-0.20552043295802125,0.15706306555634025,0.3550483996471,False,True,False,False,False,False,False,False,False,False,False,False,False,False,True
327,0,-0.7465038537843945,1.4972327491462925,1,-1.2156990388313271,-1.111094840679301,1.201680624209358,1.616051531894987,False,False,False,False,False,False,True,False,False,False,False,False,False,True,False
328,1,1.019553921108217,0.542200776155443,1,-0.2388317664101338,-0.20552043295802125,0.15706306555634025,0.3550483996471,False,False,False,False,False,False,False,False,False,False,True,False,False,False,True
329,0,-0.7465038537843945,-0.3332451990861685,0,0.5604232746617522,0.7000539747632586,-0.8875544930966774,-0.9059547326007871,False,True,False,False,False,False,False,False,False,False,False,False,False,True,False
330,1,1.019553921108217,0.30344278290773086,1,0.027586580613828727,-0.20552043295802125,0.15706306555634025,0.3550483996471,False,True,False,False,False,False,False,False,False,False,False,False,False,False,True
331,0,-0.7465038537843945,0.14427078740925584,1,-0.15002565073547935,-0.20552043295802125,0.15706306555634025,0.3550483996471,False,False,False,False,False,False,True,False,False,False,False,False,False,False,True
332,1,1.019553921108217,-0.8107611855815932,0,0.9156477373603683,1.6056283824845383,-0.8875544930966774,-1.5364562987247306,True,False,False,False,False,False,False,False,False,False,False,False,False,True,False
333,0,-0.7465038537843945,-0.09448720583845635,1,0.20519881196313602,0.7000539747632586,0.15706306555634025,-0.27545316647684354,False,True,False,False,False,False,False,False,False,False,False,False,False,False,True
334,1,1.019553921108217,0.7809587694031559,1,-0.4164439977594411,-1.111094840679301,1.201680624209358,0.9855499657710435,False,False,False,False,False,False,False,False,False,False,True,False,False,True,False
335,0,-0.7465038537843945,-0.8903471833308307,0,1.004453853035022,1.6056283824845383,-0.8875544930966774,-1.5364562987247306,False,True,False,False,False,False,False,False,False,False,False,False,False,False,True
336,1,1.019553921108217,0.3830287806569687,1,-0.06121953506082571,-0.20552043295802125,0.15706306555634025,0.3550483996471,False,False,False,False,False,False,True,False,False,False,False,False,False,False,True
337,0,-0.7465038537843945,1.5768187468955301,1,-1.3045051545059807,-1.111094840679301,1.201680624209358,1.616051531894987,False,True,False,False,False,False,False,False,False,False,False,False,False,True,False
338,1,1.019553921108217,0.6217867739046808,1,-0.32763788208478745,-0.20552043295802125,0.15706306555634025,0.3550483996471,False,False,False,False,False,False,False,False,False,False,True,False,False,False,True
339,0,-0.7465038537843945,-0.41283119683540564,0,0.6492293903364058,0.7000539747632586,-0.8875544930966774,-0.9059547326007871,False,True,False,False,False,False,False,False,False,False,False,False,False,True,False
340,1,1.019553921108217,0.2238567851584937,1,0.11639269628848238,-0.20552043295802125,0.15706306555634025,0.3550483996471,False,False,False,False,False,False,True,False,False,False,False,False,False,False,True
341,0,-0.7465038537843945,0.06468478966001867,1,0.027586580613828727,-0.20552043295802125,0.15706306555634025,0.3550483996471,False,True,False,False,False,False,False,False,False,False,False,False,False,False,True
342,1,1.019553921108217,-0.8903471833308307,0,1.004453853035022,1.6056283824845383,-0.8875544930966774,-1.5364562987247306,True,False,False,False,False,False,False,False,False,False,False,False,False,True,False
343,0,-0.7465038537843945,-0.17407320358769351,1,0.29400492763779046,0.7000539747632586,0.15706306555634025,-0.27545316647684354,False,False,False,False,False,False,True,False,False,False,False,False,False,False,True
344,1,1.019553921108217,0.860544767152393,1,-0.5052501134340955,-1.111094840679301,1.201680624209358,0.9855499657710435,False,False,False,False,False,False,False,False,False,False,True,False,False,True,False
345,0,-0.7465038537843945,-0.9699331810800679,0,1.0932599687096756,1.6056283824845383,-0.8875544930966774,-1.5364562987247306,False,True,False,False,False,False,False,False,False,False,False,False,False,False,True
346,1,1.019553921108217,0.30344278290773086,1,0.027586580613828727,-0.20552043295802125,0.15706306555634025,0.3550483996471,False,True,False,False,False,False,False,False,False,False,False,False,False,False,True
347,0,-0.7465038537843945,1.6564047446447674,1,-1.3933112701806352,-1.111094840679301,1.201680624209358,1.616051531894987,False,False,False,False,False,False,True,False,False,False,False,False,False,True,False
348,1,1.019553921108217,0.701372771653918,1,-0.4164439977594411,-0.20552043295802125,0.15706306555634025,0.3550483996471,False,False,False,False,False,False,False,False,False,False,True,False,False,False,True
349,0,-0.7465038537843945,-0.49241719458464356,0,0.7380355060110603,0.7000539747632586,-0.8875544930966774,-0.9059547326007871,False,True,False,False,False,False,False,False,False,False,False,False,False,True,False
350,1,1.019553921108217,0.14427078740925584,1,0.20519881196313602,-0.20552043295802125,0.15706306555634025,0.3550483996471,False,True,False,False,False,False,False,False,False,False,False,False,False,False,True
351,0,-0.7465038537843945,-0.014901208089218486,1,0.11639269628848238,-0.20552043295802125,0.15706306555634025,0.3550483996471,False,False,False,False,False,False,True,False,False,False,False,False,False,False,True
352,1,1.019553921108217,-0.9699331810800679,0,1.0932599687096756,1.6056283824845383,-0.8875544930966774,-1.5364562987247306,True,False,False,False,False,False,False,False,False,False,False,False,False,True,False
353,0,-0.7465038537843945,-0.2536592013369314,1,0.3828110433124441,0.7000539747632586,0.15706306555634025,-0.27545316647684354,False,True,False,False,False,False,False,False,False,False,False,False,False,False,True
354,1,1.019553921108217,0.9401307649016302,1,-0.5940562291087492,-1.111094840679301,1.201680624209358,0.9855499657710435,False,False,False,False,False,False,False,False,False,False,True,False,False,True,False
355,0,-0.7465038537843945,-1.0495191788293055,0,1.1820660843843294,1.6056283824845383,-0.8875544930966774,-1.5364562987247306,False,True,False,False,False,False,False,False,False,False,False,False,False,False,True
356,1,1.019553921108217,0.2238567851584937,1,0.11639269628848238,-0.20552043295802125,0.15706306555634025,0.3550483996471,False,False,False,False,False,False,True,False,False,False,False,False,False,False,True
357,0,-0.7465038537843945,1.7359907423940046,1,-1.4821173858552887,-1.111094840679301,1.201680624209358,1.616051531894987,False,True,False,False,False,False,False,False,False,False,False,False,False,True,False
358,1,1.019553921108217,0.7809587694031559,1,-0.5052501134340955,-0.20552043295802125,0.15706306555634025,0.3550483996471,False,False,False,False,False,False,False,False,False,False,True,False,False,False,True
359,0,-0.7465038537843945,-0.5720031923338806,0,0.826841621685714,0.7000539747632586,-0.8875544930966774,-0.9059547326007871,False,True,False,False,False,False,False,False,False,False,False,False,False,True,False
360,1,1.019553921108217,0.06468478966001867,1,0.29400492763779046,-0.20552043295802125,0.15706306555634025,0.3550483996471,False,False,False,False,False,False,True,False,False,False,False,False,False,False,True
361,0,-0.7465038537843945,-0.09448720583845635,1,0.20519881196313602,-0.20552043295802125,0.15706306555634025,0.3550483996471,False,True,False,False,False,False,False,False,False,False,False,False,False,False,True
362,1,1.019553921108217,-1.0495191788293055,0,1.1820660843843294,1.6056283824845383,-0.8875544930966774,-1.5364562987247306,True,False,False,False,False,False,False,False,False,False,False,False,False,True,False
363,0,-0.7465038537843945,-0.3332451990861685,1,0.47161715898709855,0.7000539747632586,0.15706306555634025,-0.27545316647684354,False,False,False,False,False,False,True,False,False,False,False,False,False,False,True
364,1,1.019553921108217,1.019716762650868,1,-0.6828623447834036,-1.111094840679301,1.201680624209358,0.9855499657710435,False,False,False,False,False,False,False,False,False,False,True,False,False,True,False
365,0,-0.7465038537843945,-1.129105176578543,0,1.2708722000589845,1.6056283824845383,-0.8875544930966774,-1.5364562987247306,False,True,False,False,False,False,False,False,False,False,False,False,False,False,True
366,1,1.019553921108217,0.14427078740925584,1,0.20519881196313602,-0.20552043295802125,0.15706306555634025,0.3550483996471,False,True,False,False,False,False,False,False,False,False,False,False,False,False,True
367,0,-0.7465038537843945,1.8155767401432423,1,-1.5709235015299432,-1.111094840679301,1.201680624209358,1.616051531894987,False,False,False,False,False,False,True,False,False,False,False,False,False,True,False
368,1,1.019553921108217,0.860544767152393,1,-0.5940562291087492,-0.20552043295802125,0.15706306555634025,0.3550483996471,False,False,False,False,False,False,False,False,False,False,True,False,False,False,True
369,0,-0.7465038537843945,-0.6515891900831186,0,0.9156477373603683,0.7000539747632586,-0.8875544930966774,-0.9059547326007871,False,True,False,False,False,False,False,False,False,False,False,False,False,True,False
370,1,1.019553921108217,-0.014901208089218486,1,0.3828110433124441,-0.20552043295802125,0.15706306555634025,0.3550483996471,False,True,False,False,False,False,False,False,False,False,False,False,False,False,True
371,0,-0.7465038537843945,-0.17407320358769351,1,0.29400492763779046,-0.20552043295802125,0.15706306555634025,0.3550483996471,False,False,False,False,False,False,True,False,False,False,False,False,False,False,True
372,1,1.019553921108217,-1.129105176578543,0,1.2708722000589845,1.6056283824845383,-0.8875544930966774,-1.5364562987247306,True,False,False,False,False,False,False,False,False,False,False,False,False,True,False
373,0,-0.7465038537843945,-0.41283119683540564,1,0.5604232746617522,0.7000539747632586,0.15706306555634025,-0.27545316647684354,False,True,False,False,False,False,False,False,False,False,False,False,False,False,True
374,1,1.019553921108217,1.099302760400105,1,-0.7716684604580573,-1.111094840679301,1.201680624209358,0.9855499657710435,False,False,False,False,False,False,False,False,False,False,True,False,False,True,False
375,0,-0.7465038537843945,-1.2086911743277804,0,1.359678315733638,1.6056283824845383,-0.8875544930966774,-1.5364562987247306,False,True,False,False,False,False,False,False,False,False,False,False,False,False,True
376,1,1.019553921108217,0.06468478966001867,1,0.29400492763779046,-0.20552043295802125,0.15706306555634025,0.3550483996471,False,False,False,False,False,False,True,False,False,False,False,False,False,False,True
377,0,-0.7465038537843945,1.8951627378924796,1,-1.659729617204597,-1.111094840679301,1.201680624209358,1.616051531894987,False,True,False,False,False,False,False,False,False,False,False,False,False,True,False
378,1,1.019553921108217,0.9401307649016302,1,-0.6828623447834036,-0.20552043295802125,0.15706306555634025,0.3550483996471,False,False,False,False,False,False,False,False,False,False,True,False,False,False,True
379,0,-0.7465038537843945,-0.7311751878323557,0,1.004453853035022,0.7000539747632586,-0.8875544930966774,-0.9059547326007871,False,True,False,False,False,False,False,False,False,False,False,False,False,True,False
380,1,1.019553921108217,-0.09448720583845635,1,0.47161715898709855,-0.20552043295802125,0.15706306555634025,0.3550483996471,False,False,False,False,False,False,True,False,False,False,False,False,False,False,True
381,0,-0.7465038537843945,-0.2536592013369314,1,0.3828110433124441,-0.20552043295802125,0.15706306555634025,0.3550483996471,False,True,False,False,False,False,False,False,False,False,False,False,False,False,True
382,1,1.019553921108217,-1.2086911743277804,0,1.359678315733638,1.6056283824845383,-0.8875544930966774,-1.5364562987247306,True,False,False,False,False,False,False,False,False,False,False,False,False,True,False
383,0,-0.7465038537843945,-0.49241719458464356,1,0.6492293903364058,0.7000539747632586,0.15706306555634025,-0.27545316647684354,False,False,False,False,False,False,True,False,False,False,False,False,False,False,True
384,1,1.019553921108217,1.178888758149343,1,-0.8604745761327109,-1.111094840679301,1.201680624209358,0.9855499657710435,False,False,False,False,False,False,False,False,False,False,True,False,False,True,False
385,0,-0.7465038537843945,-1.2882771720770179,0,1.4484844314082919,1.6056283824845383,-0.8875544930966774,-1.5364562987247306,False,True,False,False,False,False,False,False,False,False,False,False,False,False,True
386,1,1.019553921108217,-0.014901208089218486,1,0.3828110433124441,-0.20552043295802125,0.15706306555634025,0.3550483996471,False,True,False,False,False,False,False,False,False,False,False,False,False,False,True
387,0,-0.7465038537843945,1.9747487356417175,1,-1.7485357328792506,-1.111094840679301,1.201680624209358,1.616051531894987,False,False,False,False,False,False,True,False,False,False,False,False,False,True,False
388,1,1.019553921108217,1.019716762650868,1,-0.7716684604580573,-0.20552043295802125,0.15706306555634025,0.3550483996471,False,False,False,False,False,False,False,False,False,False,True,False,False,False,True
389,0,-0.7465038537843945,-0.8107611855815932,0,1.0932599687096756,0.7000539747632586,-0.8875544930966774,-0.9059547326007871,False,True,False,False,False,False,False,False,False,False,False,False,False,True,False
390,1,1.019553921108217,-0.17407320358769351,1,0.5604232746617522,-0.20552043295802125,0.15706306555634025,0.3550483996471,False,True,False,False,False,False,False,False,False,False,False,False,False,False,True
391,0,-0.7465038537843945,-0.3332451990861685,1,0.47161715898709855,-0.20552043295802125,0.15706306555634025,0.3550483996471,False,False,False,False,False,False,True,False,False,False,False,False,False,False,True
392,1,1.019553921108217,-1.2882771720770179,0,1.4484844314082919,1.6056283824845383,-0.8875544930966774,-1.5364562987247306,True,False,False,False,False,False,False,False,False,False,False,False,False,True,False
393,0,-0.7465038537843945,-0.5720031923338806,1,0.7380355060110603,0.7000539747632586,0.15706306555634025,-0.27545316647684354,False,True,False,False,False,False,False,False,False,False,False,False,False,False,True
394,1,1.019553921108217,1.2584747558985803,1,-0.9492806918073653,-1.111094840679301,1.201680624209358,0.9855499657710435,False,False,False,False,False,False,False,False,False,False,True,False,False,True,False
395,0,-0.7465038537843945,-1.367863169826255,0,1.5372905470829454,1.6056283824845383,-0.8875544930966774,-1.5364562987247306,False,True,False,False,False,False,False,False,False,False,False,False,False,False,True
396,1,1.019553921108217,-0.09448720583845635,1,0.47161715898709855,-0.20552043295802125,0.15706306555634025,0.3550483996471,False,False,False,False,False,False,True,False,False,False,False,False,False,False,True
397,0,-0.7465038537843945,2.0543347333909545,1,-1.837341848553905,-1.111094840679301,1.201680624209358,1.616051531894987,False,True,False,False,False,False,False,False,False,False,False,False,False,True,False
398,1,1.019553921108217,1.099302760400105,1,-0.8604745761327109,-0.20552043295802125,0.15706306555634025,0.3550483996471,False,False,False,False,False,False,False,False,False,False,True,False,False,False,True
399,0,-0.7465038537843945,-0.8903471833308307,0,1.1820660843843294,0.7000539747632586,-0.8875544930966774,-0.9059547326007871,False,True,False,False,False,False,False,False,False,False,False,False,False,True,False
400,1,1.019553921108217,-0.2536592013369314,1,0.6492293903364058,-0.20552043295802125,0.15706306555634025,0.3550483996471,False,False,False,False,False,False,True,False,False,False,False,False,False,False,True
401,0,-0.7465038537843945,-0.41283119683540564,1,0.5604232746617522,-0.20552043295802125,0.15706306555634025,0.3550483996471,False,True,False,False,False,False,False,False,False,False,False,False,False,False,True
402,1,1.019553921108217,-1.367863169826255,0,1.5372905470829454,1.6056283824845383,-0.8875544930966774,-1.5364562987247306,True,False,False,False,False,False,False,False,False,False,False,False,False,True,False
403,0,-0.7465038537843945,-0.6515891900831186,1,0.826841621685714,0.7000539747632586,0.15706306555634025,-0.27545316647684354,False,False,False,False,False,False,True,False,False,False,False,False,False,False,True
404,1,1.019553921108217,1.3380607536478173,1,-1.038086807482019,-1.111094840679301,1.201680624209358,0.9855499657710435,False,False,False,False,False,False,False,False,False,False,True,False,False,True,False
405,0,-0.7465038537843945,-1.4474491675754926,0,1.626096662757599,1.6056283824845383,-0.8875544930966774,-1.5364562987247306,False,True,False,False,False,False,False,False,False,False,False,False,False,False,True
406,1,1.019553921108217,-0.17407320358769351,1,0.5604232746617522,-0.20552043295802125,0.15706306555634025,0.3550483996471,False,True,False,False,False,False,False,False,False,False,False,False,False,False,True
407,0,-0.7465038537843945,2.1339207311401918,1,-1.9261479642285586,-1.111094840679301,1.201680624209358,1.616051531894987,False,False,False,False,False,False,True,False,False,False,False,False,False,True,False
408,1,1.019553921108217,1.178888758149343,1,-0.9492806918073653,-0.20552043295802125,0.15706306555634025,0.3550483996471,False,False,False,False,False,False,False,False,False,False,True,False,False,False,True
409,0,-0.7465038537843945,-0.9699331810800679,0,1.2708722000589845,0.7000539747632586,-0.8875544930966774,-0.9059547326007871,False,True,False,False,False,False,False,False,False,False,False,False,False,True,False
410,1,1.019553921108217,-0.3332451990861685,1,0.7380355060110603,-0.20552043295802125,0.15706306555634025,0.3550483996471,False,True,False,False,False,False,False,False,False,False,False,False,False,False,True
411,0,-0.7465038537843945,-0.49241719458464356,1,0.6492293903364058,-0.20552043295802125,0.15706306555634025,0.3550483996471,False,False,False,False,False,False,True,False,False,False,False,False,False,False,True
412,1,1.019553921108217,-1.4474491675754926,0,1.626096662757599,1.6056283824845383,-0.8875544930966774,-1.5364562987247306,True,False,False,False,False,False,False,False,False,False,False,False,False,True,False
413,0,-0.7465038537843945,-0.7311751878323557,1,0.9156477373603683,0.7000539747632586,0.15706306555634025,-0.27545316647684354,False,True,False,False,False,False,False,False,False,False,False,False,False,False,True
414,1,1.019553921108217,1.4176467513970552,1,-1.1268929231566733,-1.111094840679301,1.201680624209358,0.9855499657710435,False,False,False,False,False,False,False,False,False,False,True,False,False,True,False
415,0,-0.7465038537843945,-1.52703516532473,0,1.7149027784322544,1.6056283824845383,-0.8875544930966774,-1.5364562987247306,False,True,False,False,False,False,False,False,False,False,False,False,False,False,True
416,1,1.019553921108217,-0.2536592013369314,1,0.6492293903364058,-0.20552043295802125,0.15706306555634025,0.3550483996471,False,False,False,False,False,False,True,False,False,False,False,False,False,False,True
417,0,-0.7465038537843945,2.2135067288894295,1,-2.014954079903213,-1.111094840679301,1.201680624209358,1.616051531894987,False,True,False,False,False,False,False,False,False,False,False,False,False,True,False
418,1,1.019553921108217,1.2584747558985803,1,-1.038086807482019,-0.20552043295802125,0.15706306555634025,0.3550483996471,False,False,False,False,False,False,False,False,False,False,True,False,False,False,True
419,0,-0.7465038537843945,-1.0495191788293055,0,1.359678315733638,0.7000539747632586,-0.8875544930966774,-0.9059547326007871,False,True,False,False,False,False,False,False,False,False,False,False,False,True,False
420,1,1.019553921108217,-0.41283119683540564,1,0.826841621685714,-0.20552043295802125,0.15706306555634025,0.3550483996471,False,False,False,False,False,False,True,False,False,False,False,False,False,False,True
421,0,-0.7465038537843945,-0.5720031923338806,1,0.7380355060110603,-0.20552043295802125,0.15706306555634025,0.3550483996471,False,True,False,False,False,False,False,False,False,False,False,False,False,False,True
422,1,1.019553921108217,-1.52703516532473,0,1.7149027784322544,1.6056283824845383,-0.8875544930966774,-1.5364562987247306,True,False,False,False,False,False,False,False,False,False,False,False,False,True,False
423,0,-0.7465038537843945,-0.8107611855815932,1,1.004453853035022,0.7000539747632586,0.15706306555634025,-0.27545316647684354,False,False,False,False,False,False,True,False,False,False,False,False,False,False,True
424,1,1.019553921108217,1.4972327491462925,1,-1.2156990388313271,-1.111094840679301,1.201680624209358,0.9855499657710435,False,False,False,False,False,False,False,False,False,False,True,False,False,True,False
425,0,-0.7465038537843945,-1.6066211630739675,0,1.803708894106908,1.6056283824845383,-0.8875544930966774,-1.5364562987247306,False,True,False,False,False,False,False,False,False,False,False,False,False,False,True
426,1,1.019553921108217,-0.3332451990861685,1,0.7380355060110603,-0.20552043295802125,0.15706306555634025,0.3550483996471,False,True,False,False,False,False,False,False,False,False,False,False,False,False,True
427,0,-0.7465038537843945,2.2930927266386667,1,-2.1037601955778666,-1.111094840679301,1.201680624209358,1.616051531894987,False,False,False,False,False,False,True,False,False,False,False,False,False,True,False
428,1,1.019553921108217,1.3380607536478173,1,-1.1268929231566733,-0.20552043295802125,0.15706306555634025,0.3550483996471,False,False,False,False,False,False,False,False,False,False,True,False,False,False,True
429,0,-0.7465038537843945,-1.129105176578543,0,1.4484844314082919,0.7000539747632586,-0.8875544930966774,-0.9059547326007871,False,True,False,False,False,False,False,False,False,False,False,False,False,True,False
430,1,1.019553921108217,-0.49241719458464356,1,0.9156477373603683,-0.20552043295802125,0.15706306555634025,0.3550483996471,False,True,False,False,False,False,False,False,False,False,False,False,False,False,True
431,0,-0.7465038537843945,-0.6515891900831186,1,0.826841621685714,-0.20552043295802125,0.15706306555634025,0.3550483996471,False,False,False,False,False,False,True,False,False,False,False,False,False,False,True
432,1,1.019553921108217,-1.6066211630739675,0,1.803708894106908,1.6056283824845383,-0.8875544930966774,-1.5364562987247306,True,False,False,False,False,False,False,False,False,False,False,False,False,True,False
433,0,-0.7465038537843945,-0.8903471833308307,1,1.0932599687096756,0.7000539747632586,0.15706306555634025,-0.27545316647684354,False,True,False,False,False,False,False,False,False,False,False,False,False,False,True
434,1,1.019553921108217,1.5768187468955301,1,-1.3045051545059807,-1.111094840679301,1.201680624209358,0.9855499657710435,False,False,False,False,False,False,False,False,False,False,True,False,False,True,False
435,0,-0.7465038537843945,-1.686207160823205,0,1.8925150097815617,1.6056283824845383,-0.8875544930966774,-1.5364562987247306,False,True,False,False,False,False,False,False,False,False,False,False,False,False,True
436,1,1.019553921108217,-0.41283119683540564,1,0.826841621685714,-0.20552043295802125,0.15706306555634025,0.3550483996471,False,False,False,False,False,False,True,False,False,False,False,False,False,False,True
437,0,-0.7465038537843945,2.372678724387905,1,-2.1925663112525204,-1.111094840679301,1.201680624209358,1.616051531894987,False,True,False,False,False,False,False,False,False,False,False,False,False,True,False
438,1,1.019553921108217,1.4176467513970552,1,-1.2156990388313271,-0.20552043295802125,0.15706306555634025,0.3550483996471,False,False,False,False,False,False,False,False,False,False,True,False,False,False,True
439,0,-0.7465038537843945,-1.2086911743277804,0,1.5372905470829454,0.7000539747632586,-0.8875544930966774,-0.9059547326007871,False,True,False,False,False,False,False,False,False,False,False,False,False,True,False
440,1,1.019553921108217,-0.5720031923338806,1,1.004453853035022,-0.20552043295802125,0.15706306555634025,0.3550483996471,False,False,False,False,False,False,True,False,False,False,False,False,False,False,True
441,0,-0.7465038537843945,-0.7311751878323557,1,0.9156477373603683,-0.20552043295802125,0.15706306555634025,0.3550483996471,False,True,False,False,False,False,False,False,False,False,False,False,False,False,True
442,1,1.019553921108217,-1.686207160823205,0,1.8925150097815617,1.6056283824845383,-0.8875544930966774,-1.5364562987247306,True,False,False,False,False,False,False,False,False,False,False,False,False,True,False
443,0,-0.7465038537843945,-0.9699331810800679,1,1.1820660843843294,0.7000539747632586,0.15706306555634025,-0.27545316647684354,False,False,False,False,False,False,True,False,False,False,False,False,False,False,True
444,1,1.019553921108217,1.6564047446447674,1,-1.3933112701806352,-1.111094840679301,1.201680624209358,0.9855499657710435,False,False,False,False,False,False,False,False,False,False,True,False,False,True,False
445,0,-0.7465038537843945,-1.7657931585724422,0,1.9813211254562153,1.6056283824845383,-0.8875544930966774,-1.5364562987247306,False,True,False,False,False,False,False,False,False,False,False,False,False,False,True
446,1,1.019553921108217,-0.49241719458464356,1,0.9156477373603683,-0.20552043295802125,0.15706306555634025,0.3550483996471,False,True,False,False,False,False,False,False,False,False,False,False,False,False,True
447,0,-0.7465038537843945,2.4522647221371416,1,-2.2813724269271747,-1.111094840679301,1.201680624209358,1.616051531894987,False,False,False,False,False,False,True,False,False,False,False,False,False,True,False
448,1,1.019553921108217,1.4972327491462925,1,-1.3045051545059807,-0.20552043295802125,0.15706306555634025,0.3550483996471,False,False,False,False,False,False,False,False,False,False,True,False,False,False,True
449,0,-0.7465038537843945,-1.2882771720770179,0,1.626096662757599,0.7000539747632586,-0.8875544930966774,-0.9059547326007871,False,True,False,False,False,False,False,False,False,False,False,False,False,True,False
450,1,1.019553921108217,-0.6515891900831186,1,1.0932599687096756,-0.20552043295802125,0.15706306555634025,0.3550483996471,False,True,False,False,False,False,False,False,False,False,False,False,False,False,True
451,0,-0.7465038537843945,-0.8107611855815932,1,1.004453853035022,-0.20552043295802125,0.15706306555634025,0.3550483996471,False,False,False,False,False,False,True,False,False,False,False,False,False,False,True
452,1,1.019553921108217,-1.7657931585724422,0,1.9813211254562153,1.6056283824845383,-0.8875544930966774,-1.5364562987247306,True,False,False,False,False,False,False,False,False,False,False,False,False,True,False
453,0,-0.7465038537843945,-1.0495191788293055,1,1.2708722000589845,0.7000539747632586,0.15706306555634025,-0.27545316647684354,False,True,False,False,False,False,False,False,False,False,False,False,False,False,True
454,1,1.019553921108217,1.7359907423940046,1,-1.4821173858552887,-1.111094840679301,1.201680624209358,0.9855499657710435,False,False,False,False,False,False,False,False,False,False,True,False,False,True,False
455,0,-0.7465038537843945,-1.8453791563216797,0,2.070127241130869,1.6056283824845383,-0.8875544930966774,-1.5364562987247306,False,True,False,False,False,False,False,False,False,False,False,False,False,False,True
456,1,1.019553921108217,-0.5720031923338806,1,1.004453853035022,-0.20552043295802125,0.15706306555634025,0.3550483996471,False,False,False,False,False,False,True,False,False,False,False,False,False,False,True
457,0,-0.7465038537843945,2.531850719886379,1,-2.3701785426018285,-1.111094840679301,1.201680624209358,1.616051531894987,False,True,False,False,False,False,False,False,False,False,False,False,False,True,False
458,1,1.019553921108217,1.5768187468955301,1,-1.3933112701806352,-0.20552043295802125,0.15706306555634025,0.3550483996471,False,False,False,False,False,False,False,False,False,False,True,False,False,False,True
459,0,-0.7465038537843945,-1.367863169826255,0,1.7149027784322544,0.7000539747632586,-0.8875544930966774,-0.9059547326007871,False,True,False,False,False,False,False,False,False,False,False,False,False,True,False
460,1,1.019553921108217,-0.7311751878323557,1,1.1820660843843294,-0.20552043295802125,0.15706306555634025,0.3550483996471,False,False,False,False,False,False,True,False,False,False,False,False,False,False,True
461,0,-0.7465038537843945,-0.8903471833308307,1,1.0932599687096756,-0.20552043295802125,0.15706306555634025,0.3550483996471,False,True,False,False,False,False,False,False,False,False,False,False,False,False,True
462,1,1.019553921108217,-1.8453791563216797,0,2.070127241130869,1.6056283824845383,-0.8875544930966774,-1.5364562987247306,True,False,False,False,False,False,False,False,False,False,False,False,False,True,False
463,0,-0.7465038537843945,-1.129105176578543,1,1.359678315733638,0.7000539747632586,0.15706306555634025,-0.27545316647684354,False,False,False,False,False,False,True,False,False,False,False,False,False,False,True
464,1,1.019553921108217,1.8155767401432423,1,-1.5709235015299432,-1.111094840679301,1.201680624209358,0.9855499657710435,False,False,False,False,False,False,False,False,False,False,True,False,False,True,False
465,0,-0.7465038537843945,-1.9249651540709172,0,2.158933356805524,1.6056283824845383,-0.8875544930966774,-1.5364562987247306,False,True,False,False,False,False,False,False,False,False,False,False,False,False,True
466,1,1.019553921108217,-0.6515891900831186,1,1.0932599687096756,-0.20552043295802125,0.15706306555634025,0.3550483996471,False,True,False,False,False,False,False,False,False,False,False,False,False,False,True
467,0,-0.7465038537843945,2.611436717635616,1,-2.4589846582764827,-1.111094840679301,1.201680624209358,1.616051531894987,False,False,False,False,False,False,True,False,False,False,False,False,False,True,False
468,1,1.019553921108217,1.6564047446447674,1,-1.4821173858552887,-0.20552043295802125,0.15706306555634025,0.3550483996471,False,False,False,False,False,False,False,False,False,False,True,False,False,False,True
469,0,-0.7465038537843945,-1.4474491675754926,0,1.803708894106908,0.7000539747632586,-0.8875544930966774,-0.9059547326007871,False,True,False,False,False,False,False,False,False,False,False,False,False,True,False
470,1,1.019553921108217,-0.8107611855815932,1,1.2708722000589845,-0.20552043295802125,0.15706306555634025,0.3550483996471,False,True,False,False,False,False,False,False,False,False,False,False,False,False,True
471,0,-0.7465038537843945,-0.9699331810800679,1,1.1820660843843294,-0.20552043295802125,0.15706306555634025,0.3550483996471,False,False,False,False,False,False,True,False,False,False,False,False,False,False,True
472,1,1.019553921108217,-1.9249651540709172,0,2.158933356805524,1.6056283824845383,-0.8875544930966774,-1.5364562987247306,True,False,False,False,False,False,False,False,False,False,False,False,False,True,False
473,0,-0.7465038537843945,-1.2086911743277804,1,1.4484844314082919,0.7000539747632586,0.15706306555634025,-0.27545316647684354,False,True,False,False,False,False,False,False,False,False,False,False,False,False,True
474,1,1.019553921108217,1.8951627378924796,1,-1.659729617204597,-1.111094840679301,1.201680624209358,0.9855499657710435,False,False,False,False,False,False,False,False,False,False,True,False,False,True,False
475,0,-0.7465038537843945,-2.004551151820155,0,2.247739472480178,1.6056283824845383,-0.8875544930966774,-1.5364562987247306,False,True,False,False,False,False,False,False,False,False,False,False,False,False,True
476,1,1.019553921108217,-0.7311751878323557,1,1.1820660843843294,-0.20552043295802125,0.15706306555634025,0.3550483996471,False,False,False,False,False,False,True,False,False,False,False,False,False,False,True
477,0,-0.7465038537843945,2.6910227153848547,1,-2.5477907739511365,-1.111094840679301,1.201680624209358,1.616051531894987,False,True,False,False,False,False,False,False,False,False,False,False,False,True,False
478,1,1.019553921108217,1.7359907423940046,1,-1.5709235015299432,-0.20552043295802125,0.15706306555634025,0.3550483996471,False,False,False,False,False,False,False,False,False,False,True,False,False,False,True
479,0,-0.7465038537843945,-1.52703516532473,0,1.8925150097815617,0.7000539747632586,-0.8875544930966774,-0.9059547326007871,False,True,False,False,False,False,False,False,False,False,False,False,False,True,False
480,1,1.019553921108217,-0.8903471833308307,1,1.359678315733638,-0.20552043295802125,0.15706306555634025,0.3550483996471,False,False,False,False,False,False,True,False,False,False,False,False,False,False,True
481,0,-0.7465038537843945,-1.0495191788293055,1,1.2708722000589845,-0.20552043295802125,0.15706306555634025,0.3550483996471,False,True,False,False,False,False,False,False,False,False,False,False,False,False,True
482,1,1.019553921108217,-2.004551151820155,0,2.247739472480178,1.6056283824845383,-0.8875544930966774,-1.5364562987247306,True,False,False,False,False,False,False,False,False,False,False,False,False,True,False
483,0,-0.7465038537843945,-1.2882771720770179,1,1.5372905470829454,0.7000539747632586,0.15706306555634025,-0.27545316647684354,False,False,False,False,False,False,True,False,False,False,False,False,False,False,True
484,1,1.019553921108217,1.9747487356417175,1,-1.7485357328792506,-1.111094840679301,1.201680624209358,0.9855499657710435,False,False,False,False,False,False,False,False,False,False,True,False,False,True,False
485,0,-0.7465038537843945,-2.084137149569392,0,2.3365455881548316,1.6056283824845383,-0.8875544930966774,-1.5364562987247306,False,True,False,False,False,False,False,False,False,False,False,False,False,False,True
486,1,1.019553921108217,-0.8107611855815932,1,1.2708722000589845,-0.20552043295802125,0.15706306555634025,0.3550483996471,False,True,False,False,False,False,False,False,False,False,False,False,False,False,True
487,0,-0.7465038537843945,2.770608713134092,1,-2.6365968896257908,-1.111094840679301,1.201680624209358,1.616051531894987,False,False,False,False,False,False,True,False,False,False,False,False,False,True,False
488,1,1.019553921108217,1.8155767401432423,1,-1.659729617204597,-0.20552043295802125,0.15706306555634025,0.3550483996471,False,False,False,False,False,False,False,False,False,False,True,False,False,False,True
489,0,-0.7465038537843945,-1.6066211630739675,0,1.9813211254562153,0.7000539747632586,-0.8875544930966774,-0.9059547326007871,False,True,False,False,False,False,False,False,False,False,False,False,False,True,False
490,1,1.019553921108217,-0.9699331810800679,1,1.4484844314082919,-0.20552043295802125,0.15706306555634025,0.3550483996471,False,True,False,False,False,False,False,False,False,False,False,False,False,False,True
491,0,-0.7465038537843945,-1.129105176578543,1,1.359678315733638,-0.20552043295802125,0.15706306555634025,0.3550483996471,False,False,False,False,False,False,True,False,False,False,False,False,False,False,True
492,1,1.019553921108217,-2.084137149569392,0,2.3365455881548316,1.6056283824845383,-0.8875544930966774,-1.5364562987247306,True,False,False,False,False,False,False,False,False,False,False,False,False,True,False
493,0,-0.7465038537843945,-1.367863169826255,1,1.626096662757599,0.7000539747632586,0.15706306555634025,-0.27545316647684354,False,True,False,False,False,False,False,False,False,False,False,False,False,False,True
494,1,1.019553921108217,2.0543347333909545,1,-1.837341848553905,-1.111094840679301,1.201680624209358,0.9855499657710435,False,False,False,False,False,False,False,False,False,False,True,False,False,True,False
495,0,-0.7465038537843945,-2.1637231473186294,0,2.425351703829485,1.6056283824845383,-0.8875544930966774,-1.5364562987247306,False,True,False,False,False,False,False,False,False,False,False,False,False,False,True
496,1,1.019553921108217,-0.8903471833308307,1,1.359678315733638,-0.20552043295802125,0.15706306555634025,0.3550483996471,False,False,False,False,False,False,True,False,False,False,False,False,False,False,True
497,0,-0.7465038537843945,2.8501947108833288,1,-2.7254030053004445,-1.111094840679301,1.201680624209358,1.616051531894987,False,True,False,False,False,False,False,False,False,False,False,False,False,True,False
498,1,1.019553921108217,1.8951627378924796,1,-1.7485357328792506,-0.20552043295802125,0.15706306555634025,0.3550483996471,False,False,False,False,False,False,False,False,False,False,True,False,False,False,True
499,0,-0.7465038537843945,-1.686207160823205,0,2.070127241130869,0.7000539747632586,-0.8875544930966774,-0.9059547326007871,False,True,False,False,False,False,False,False,False,False,False,False,False,True,False
500,1,1.019553921108217,-1.0495191788293055,1,1.5372905470829454,-0.20552043295802125,0.15706306555634025,0.3550483996471,False,False,False,False,False,False,True,False,False,False,False,False,False,False,True
501,0,-0.7465038537843945,1.019716762650868,1,-0.5052501134340955,-0.20552043295802125,0.15706306555634025,0.3550483996471,False,False,False,False,False,False,False,False,False,False,True,False,False,False,True
502,1,1.019553921108217,-0.3332451990861685,0,0.826841621685714,0.7000539747632586,-0.8875544930966774,-0.9059547326007871,False,False,False,False,False,False,False,False,False,True,False,False,False,True,False
503,0,-0.7465038537843945,-0.8903471833308307,0,1.1820660843843294,1.6056283824845383,-0.8875544930966774,-1.5364562987247306,False,True,False,False,False,False,False,False,False,False,False,False,False,False,True
504,1,1.019553921108217,-0.17407320358769351,1,0.5604232746617522,0.7000539747632586,0.15706306555634025,-0.27545316647684354,False,True,False,False,False,False,False,False,False,False,False,False,False,True,False
505,0,-0.7465038537843945,0.14427078740925584,1,0.11639269628848238,-0.20552043295802125,0.15706306555634025,0.3550483996471,False,False,False,False,False,False,True,False,False,False,False,False,False,False,True
506,1,1.019553921108217,0.46261477840620585,1,-0.06121953506082571,-0.20552043295802125,0.15706306555634025,0.3550483996471,False,False,False,False,False,False,False,False,False,False,True,False,False,False,True
507,0,-0.7465038537843945,1.2584747558985803,1,-0.32763788208478745,-1.111094840679301,1.201680624209358,0.9855499657710435,False,True,False,False,False,False,False,False,False,False,False,False,False,True,False
508,1,1.019553921108217,-0.5720031923338806,0,0.9156477373603683,0.7000539747632586,-0.8875544930966774,-0.9059547326007871,True,False,False,False,False,False,False,False,False,False,False,False,False,False,True
509,0,-0.7465038537843945,1.4972327491462925,1,-0.7716684604580573,-1.111094840679301,1.201680624209358,0.9855499657710435,False,False,False,False,False,False,False,False,False,False,True,False,False,True,False
510,1,1.019553921108217,-0.09448720583845635,1,0.47161715898709855,0.7000539747632586,0.15706306555634025,-0.27545316647684354,False,True,False,False,False,False,False,False,False,False,False,False,False,False,True
511,0,-0.7465038537843945,0.9401307649016302,1,-0.4164439977594411,-0.20552043295802125,0.15706306555634025,0.3550483996471,False,True,False,False,False,False,False,False,False,False,False,False,False,False,True
512,1,1.019553921108217,-0.41283119683540564,0,0.9156477373603683,0.7000539747632586,-0.8875544930966774,-0.9059547326007871,False,False,False,False,False,False,False,False,False,True,False,False,False,True,False
513,0,-0.7465038537843945,-0.9699331810800679,0,1.2708722000589845,1.6056283824845383,-0.8875544930966774,-1.5364562987247306,False,False,False,False,False,False,True,False,False,False,False,False,False,False,True
514,1,1.019553921108217,-0.2536592013369314,1,0.6492293903364058,0.7000539747632586,0.15706306555634025,-0.27545316647684354,False,True,False,False,False,False,False,False,False,False,False,False,False,True,False
515,0,-0.7465038537843945,0.2238567851584937,1,0.027586580613828727,-0.20552043295802125,0.15706306555634025,0.3550483996471,False,False,False,False,False,False,True,False,False,False,False,False,False,False,True
516,1,1.019553921108217,0.542200776155443,1,-0.15002565073547935,-0.20552043295802125,0.15706306555634025,0.3550483996471,False,False,False,False,False,False,False,False,False,False,True,False,False,False,True
517,0,-0.7465038537843945,1.3380607536478173,1,-0.4164439977594411,-1.111094840679301,1.201680624209358,0.9855499657710435,False,True,False,False,False,False,False,False,False,False,False,False,False,True,False
518,1,1.019553921108217,-0.6515891900831186,0,1.004453853035022,0.7000539747632586,-0.8875544930966774,-0.9059547326007871,True,False,False,False,False,False,False,False,False,False,False,False,False,False,True
519,0,-0.7465038537843945,1.5768187468955301,1,-0.8604745761327109,-1.111094840679301,1.201680624209358,0.9855499657710435,False,False,False,False,False,False,False,False,False,False,True,False,False,True,False
520,1,1.019553921108217,-0.17407320358769351,1,0.5604232746617522,0.7000539747632586,0.15706306555634025,-0.27545316647684354,False,False,False,False,False,False,True,False,False,False,False,False,False,False,True
521,0,-0.7465038537843945,0.860544767152393,1,-0.32763788208478745,-0.20552043295802125,0.15706306555634025,0.3550483996471,False,False,False,False,False,False,False,False,False,False,True,False,False,False,True
522,1,1.019553921108217,-0.49241719458464356,0,1.004453853035022,0.7000539747632586,-0.8875544930966774,-0.9059547326007871,False,False,False,False,False,False,False,False,False,True,False,False,False,True,False
523,0,-0.7465038537843945,-1.0495191788293055,0,1.359678315733638,1.6056283824845383,-0.8875544930966774,-1.5364562987247306,False,True,False,False,False,False,False,False,False,False,False,False,False,False,True
524,1,1.019553921108217,-0.3332451990861685,1,0.7380355060110603,0.7000539747632586,0.15706306555634025,-0.27545316647684354,True,False,False,False,False,False,False,False,False,False,False,False,False,True,False
525,0,-0.7465038537843945,0.30344278290773086,1,-0.06121953506082571,-0.20552043295802125,0.15706306555634025,0.3550483996471,False,False,False,False,False,False,True,False,False,False,False,False,False,False,True
526,1,1.019553921108217,0.6217867739046808,1,-0.2388317664101338,-0.20552043295802125,0.15706306555634025,0.3550483996471,False,False,False,False,False,False,False,False,False,False,True,False,False,False,True
527,0,-0.7465038537843945,1.4176467513970552,1,-0.5052501134340955,-1.111094840679301,1.201680624209358,0.9855499657710435,False,True,False,False,False,False,False,False,False,False,False,False,False,True,False
528,1,1.019553921108217,-0.7311751878323557,0,1.0932599687096756,0.7000539747632586,-0.8875544930966774,-0.9059547326007871,True,False,False,False,False,False,False,False,False,False,False,False,False,False,True
529,0,-0.7465038537843945,1.6564047446447674,1,-0.9492806918073653,-1.111094840679301,1.201680624209358,0.9855499657710435,False,False,False,False,False,False,False,False,False,False,True,False,False,True,False
530,1,1.019553921108217,-0.2536592013369314,1,0.6492293903364058,0.7000539747632586,0.15706306555634025,-0.27545316647684354,False,True,False,False,False,False,False,False,False,False,False,False,False,False,True
531,0,-0.7465038537843945,0.7809587694031559,1,-0.2388317664101338,-0.20552043295802125,0.15706306555634025,0.3550483996471,False,False,False,False,False,False,True,False,False,False,False,False,False,False,True
532,1,1.019553921108217,-0.5720031923338806,0,1.0932599687096756,0.7000539747632586,-0.8875544930966774,-0.9059547326007871,False,False,False,False,False,False,False,False,False,True,False,False,False,True,False
533,0,-0.7465038537843945,-1.129105176578543,0,1.4484844314082919,1.6056283824845383,-0.8875544930966774,-1.5364562987247306,False,True,False,False,False,False,False,False,False,False,False,False,False,False,True
534,1,1.019553921108217,-0.41283119683540564,1,0.826841621685714,0.7000539747632586,0.15706306555634025,-0.27545316647684354,True,False,False,False,False,False,False,False,False,False,False,False,False,True,False
535,0,-0.7465038537843945,0.3830287806569687,1,-0.15002565073547935,-0.20552043295802125,0.15706306555634025,0.3550483996471,False,False,False,False,False,False,True,False,False,False,False,False,False,False,True
536,1,1.019553921108217,0.701372771653918,1,-0.32763788208478745,-0.20552043295802125,0.15706306555634025,0.3550483996471,False,False,False,False,False,False,False,False,False,False,True,False,False,False,True
537,0,-0.7465038537843945,1.4972327491462925,1,-0.5940562291087492,-1.111094840679301,1.201680624209358,0.9855499657710435,False,True,False,False,False,False,False,False,False,False,False,False,False,True,False
538,1,1.019553921108217,-0.8107611855815932,0,1.1820660843843294,0.7000539747632586,-0.8875544930966774,-0.9059547326007871,True,False,False,False,False,False,False,False,False,False,False,False,False,False,True
539,0,-0.7465038537843945,1.7359907423940046,1,-1.038086807482019,-1.111094840679301,1.201680624209358,0.9855499657710435,False,False,False,False,False,False,False,False,False,False,True,False,False,True,False
540,1,1.019553921108217,-0.3332451990861685,1,0.7380355060110603,0.7000539747632586,0.15706306555634025,-0.27545316647684354,False,False,False,False,False,False,True,False,False,False,False,False,False,False,True
541,0,-0.7465038537843945,0.701372771653918,1,-0.15002565073547935,-0.20552043295802125,0.15706306555634025,0.3550483996471,False,False,False,False,False,False,False,False,False,False,True,False,False,False,True
542,1,1.019553921108217,-0.6515891900831186,0,1.1820660843843294,0.7000539747632586,-0.8875544930966774,-0.9059547326007871,False,False,False,False,False,False,False,False,False,True,False,False,False,True,False
543,0,-0.7465038537843945,-1.2086911743277804,0,1.5372905470829454,1.6056283824845383,-0.8875544930966774,-1.5364562987247306,False,True,False,False,False,False,False,False,False,False,False,False,False,False,True
544,1,1.019553921108217,-0.49241719458464356,1,0.9156477373603683,0.7000539747632586,0.15706306555634025,-0.27545316647684354,False,True,False,False,False,False,False,False,False,False,False,False,False,True,False
545,0,-0.7465038537843945,0.46261477840620585,1,-0.2388317664101338,-0.20552043295802125,0.15706306555634025,0.3550483996471,False,False,False,False,False,False,True,False,False,False,False,False,False,False,True
546,1,1.019553921108217,0.7809587694031559,1,-0.4164439977594411,-0.20552043295802125,0.15706306555634025,0.3550483996471,False,False,False,False,False,False,False,False,False,False,True,False,False,False,True
547,0,-0.7465038537843945,1.5768187468955301,1,-0.6828623447834036,-1.111094840679301,1.201680624209358,0.9855499657710435,False,True,False,False,False,False,False,False,False,False,False,False,False,True,False
548,1,1.019553921108217,-0.8903471833308307,0,1.2708722000589845,0.7000539747632586,-0.8875544930966774,-0.9059547326007871,True,False,False,False,False,False,False,False,False,False,False,False,False,False,True
549,0,-0.7465038537843945,1.8155767401432423,1,-1.1268929231566733,-1.111094840679301,1.201680624209358,0.9855499657710435,False,False,False,False,False,False,False,False,False,False,True,False,False,True,False
550,1,1.019553921108217,-0.41283119683540564,1,0.826841621685714,0.7000539747632586,0.15706306555634025,-0.27545316647684354,False,True,False,False,False,False,False,False,False,False,False,False,False,False,True
551,0,-0.7465038537843945,0.6217867739046808,1,-0.06121953506082571,-0.20552043295802125,0.15706306555634025,0.3550483996471,False,False,False,False,False,False,True,False,False,False,False,False,False,False,True
552,1,1.019553921108217,-0.7311751878323557,0,1.2708722000589845,0.7000539747632586,-0.8875544930966774,-0.9059547326007871,False,False,False,False,False,False,False,False,False,True,False,False,False,True,False
553,0,-0.7465038537843945,-1.2882771720770179,0,1.626096662757599,1.6056283824845383,-0.8875544930966774,-1.5364562987247306,False,True,False,False,False,False,False,False,False,False,False,False,False,False,True
554,1,1.019553921108217,-0.5720031923338806,1,1.004453853035022,0.7000539747632586,0.15706306555634025,-0.27545316647684354,True,False,False,False,False,False,False,False,False,False,False,False,False,True,False
555,0,-0.7465038537843945,0.542200776155443,1,-0.32763788208478745,-0.20552043295802125,0.15706306555634025,0.3550483996471,False,False,False,False,False,False,True,False,False,False,False,False,False,False,True
556,1,1.019553921108217,0.860544767152393,1,-0.5052501134340955,-0.20552043295802125,0.15706306555634025,0.3550483996471,False,False,False,False,False,False,False,False,False,False,True,False,False,False,True
557,0,-0.7465038537843945,1.6564047446447674,1,-0.7716684604580573,-1.111094840679301,1.201680624209358,0.9855499657710435,False,True,False,False,False,False,False,False,False,False,False,False,False,True,False
558,1,1.019553921108217,-0.9699331810800679,0,1.359678315733638,0.7000539747632586,-0.8875544930966774,-0.9059547326007871,True,False,False,False,False,False,False,False,False,False,False,False,False,False,True
559,0,-0.7465038537843945,1.8951627378924796,1,-1.2156990388313271,-1.111094840679301,1.201680624209358,0.9855499657710435,False,False,False,False,False,False,False,False,False,False,True,False,False,True,False
560,1,1.019553921108217,-0.49241719458464356,1,0.9156477373603683,0.7000539747632586,0.15706306555634025,-0.27545316647684354,False,False,False,False,False,False,True,False,False,False,False,False,False,False,True
561,0,-0.7465038537843945,0.542200776155443,1,0.027586580613828727,-0.20552043295802125,0.15706306555634025,0.3550483996471,False,False,False,False,False,False,False,False,False,False,True,False,False,False,True
562,1,1.019553921108217,-0.8107611855815932,0,1.359678315733638,0.7000539747632586,-0.8875544930966774,-0.9059547326007871,False,False,False,False,False,False,False,False,False,True,False,False,False,True,False
563,0,-0.7465038537843945,-1.367863169826255,0,1.7149027784322544,1.6056283824845383,-0.8875544930966774,-1.5364562987247306,False,True,False,False,False,False,False,False,False,False,False,False,False,False,True
564,1,1.019553921108217,-0.6515891900831186,1,1.0932599687096756,0.7000539747632586,0.15706306555634025,-0.27545316647684354,False,True,False,False,False,False,False,False,False,False,False,False,False,True,False
565,0,-0.7465038537843945,0.6217867739046808,1,-0.4164439977594411,-0.20552043295802125,0.15706306555634025,0.3550483996471,False,False,False,False,False,False,True,False,False,False,False,False,False,False,True
566,1,1.019553921108217,0.9401307649016302,1,-0.5940562291087492,-0.20552043295802125,0.15706306555634025,0.3550483996471,False,False,False,False,False,False,False,False,False,False,True,False,False,False,True
567,0,-0.7465038537843945,1.7359907423940046,1,-0.8604745761327109,-1.111094840679301,1.201680624209358,0.9855499657710435,False,True,False,False,False,False,False,False,False,False,False,False,False,True,False
568,1,1.019553921108217,-1.0495191788293055,0,1.4484844314082919,0.7000539747632586,-0.8875544930966774,-0.9059547326007871,True,False,False,False,False,False,False,False,False,False,False,False,False,False,True
569,0,-0.7465038537843945,1.9747487356417175,1,-1.3045051545059807,-1.111094840679301,1.201680624209358,0.9855499657710435,False,False,False,False,False,False,False,False,False,False,True,False,False,True,False
570,1,1.019553921108217,-0.5720031923338806,1,1.004453853035022,0.7000539747632586,0.15706306555634025,-0.27545316647684354,False,True,False,False,False,False,False,False,False,False,False,False,False,False,True
571,0,-0.7465038537843945,0.9401307649016302,1,0.29400492763779046,-1.111094840679301,1.201680624209358,0.3550483996471,False,True,False,False,False,False,False,False,False,False,False,False,False,False,True
572,1,1.019553921108217,-0.8903471833308307,0,0.826841621685714,1.6056283824845383,-0.8875544930966774,-1.5364562987247306,False,False,False,False,False,False,False,True,False,False,False,False,False,True,False
573,0,-0.7465038537843945,0.46261477840620585,1,-0.06121953506082571,-0.20552043295802125,1.201680624209358,0.9855499657710435,False,False,False,False,False,False,True,False,False,False,False,False,False,False,True
574,1,1.019553921108217,1.8155767401432423,1,-0.8604745761327109,-2.016669248400581,2.246298182862376,1.616051531894987,True,False,False,False,False,False,False,False,False,False,False,False,False,False,True
575,0,-0.7465038537843945,-0.5720031923338806,0,0.5604232746617522,0.7000539747632586,-0.8875544930966774,-0.9059547326007871,False,True,False,False,False,False,False,False,False,False,False,False,False,True,False
576,1,1.019553921108217,1.4972327491462925,1,-0.5940562291087492,-1.111094840679301,1.201680624209358,0.9855499657710435,False,False,False,False,False,False,True,False,False,False,False,False,False,False,True
577,0,-0.7465038537843945,0.7809587694031559,1,-0.15002565073547935,-0.20552043295802125,0.15706306555634025,0.3550483996471,False,True,False,False,False,False,False,False,False,False,False,False,False,True,False
578,1,1.019553921108217,1.2584747558985803,1,-0.6828623447834036,-1.111094840679301,1.201680624209358,0.9855499657710435,True,False,False,False,False,False,False,False,False,False,False,False,False,False,True
579,0,-0.7465038537843945,-0.17407320358769351,0,0.47161715898709855,0.7000539747632586,-0.8875544930966774,-0.9059547326007871,False,False,False,False,False,False,False,True,False,False,False,False,False,False,True
580,1,1.019553921108217,0.2238567851584937,1,0.11639269628848238,-0.20552043295802125,0.15706306555634025,-0.27545316647684354,False,True,False,False,False,False,False,False,False,False,False,False,False,True,False
581,0,-0.7465038537843945,1.099302760400105,1,-0.4164439977594411,-1.111094840679301,1.201680624209358,0.9855499657710435,False,False,False,False,False,False,True,False,False,False,False,False,False,False,True
582,1,1.019553921108217,-0.014901208089218486,0,0.3828110433124441,0.7000539747632586,-0.8875544930966774,-0.9059547326007871,True,False,False,False,False,False,False,False,False,False,False,False,False,True,False
583,0,-0.7465038537843945,1.4176467513970552,1,-0.7716684604580573,-1.111094840679301,1.201680624209358,0.9855499657710435,False,True,False,False,False,False,False,False,False,False,False,False,False,False,True
584,1,1.019553921108217,0.701372771653918,1,-0.32763788208478745,-0.20552043295802125,0.15706306555634025,0.3550483996471,False,False,False,False,False,False,False,False,False,True,False,False,False,True,False
585,0,-0.7465038537843945,-0.3332451990861685,0,0.6492293903364058,1.6056283824845383,-0.8875544930966774,-1.5364562987247306,False,False,False,False,False,False,False,True,False,False,False,False,False,False,True
586,1,1.019553921108217,1.178888758149343,1,-0.5052501134340955,-1.111094840679301,1.201680624209358,0.9855499657710435,True,False,False,False,False,False,False,False,False,False,False,False,False,False,True
587,0,-0.7465038537843945,-0.6515891900831186,0,0.7380355060110603,0.7000539747632586,-0.8875544930966774,-0.9059547326007871,False,True,False,False,False,False,False,False,False,False,False,False,False,True,False
588,1,1.019553921108217,1.3380607536478173,1,-0.5940562291087492,-1.111094840679301,1.201680624209358,0.9855499657710435,False,False,False,False,False,False,True,False,False,False,False,False,False,False,True
589,0,-0.7465038537843945,-0.41283119683540564,0,0.47161715898709855,0.7000539747632586,-0.8875544930966774,-0.9059547326007871,False,True,False,False,False,False,False,False,False,False,False,False,False,True,False
590,1,1.019553921108217,0.6217867739046808,1,-0.06121953506082571,-0.20552043295802125,0.15706306555634025,0.3550483996471,False,False,False,False,False,False,False,True,False,False,False,False,False,False,True
591,0,-0.7465038537843945,1.6564047446447674,1,-0.9492806918073653,-2.016669248400581,2.246298182862376,1.616051531894987,False,True,False,False,False,False,False,False,False,False,False,False,False,False,True
592,1,1.019553921108217,-0.49241719458464356,0,0.5604232746617522,0.7000539747632586,-0.8875544930966774,-0.9059547326007871,True,False,False,False,False,False,False,False,False,False,False,False,False,True,False
593,0,-0.7465038537843945,1.5768187468955301,1,-0.6828623447834036,-1.111094840679301,1.201680624209358,0.9855499657710435,False,False,False,False,False,False,True,False,False,False,False,False,False,False,True
594,1,1.019553921108217,0.542200776155443,1,0.027586580613828727,-0.20552043295802125,0.15706306555634025,0.3550483996471,False,True,False,False,False,False,False,False,False,False,False,False,False,True,False
595,0,-0.7465038537843945,1.019716762650868,1,-0.5052501134340955,-1.111094840679301,1.201680624209358,0.9855499657710435,True,False,False,False,False,False,False,False,False,False,False,False,False,False,True
596,1,-0.7465038537843945,0.701372771653918,1,-0.15002565073547935,-0.20552043295802125,0.15706306555634025,0.3550483996471,False,True,False,False,False,False,False,False,False,False,False,False,False,False,True
597,0,1.019553921108217,-0.014901208089218486,0,0.3828110433124441,0.7000539747632586,-0.8875544930966774,-0.9059547326007871,False,False,False,False,False,False,True,False,False,False,False,False,False,True,False
598,1,-0.7465038537843945,1.178888758149343,1,-0.5940562291087492,-1.111094840679301,1.201680624209358,0.9855499657710435,True,False,False,False,False,False,False,False,False,False,False,False,False,False,True
599,0,1.019553921108217,0.14427078740925584,0,0.20519881196313602,0.7000539747632586,-0.8875544930966774,-0.9059547326007871,False,False,False,False,False,False,False,True,False,False,False,False,False,True,False
600,1,-0.7465038537843945,1.4176467513970552,1,-0.7716684604580573,-2.016669248400581,1.201680624209358,0.9855499657710435,False,True,False,False,False,False,False,False,False,False,False,False,False,False,True
601,0,1.019553921108217,0.46261477840620585,1,-0.06121953506082571,-0.20552043295802125,0.15706306555634025,0.3550483996471,False,False,False,False,False,False,False,False,False,True,False,False,False,True,False
602,1,-0.7465038537843945,-0.49241719458464356,0,0.6492293903364058,1.6056283824845383,-0.8875544930966774,-1.5364562987247306,False,False,False,False,False,False,False,True,False,False,False,False,False,False,True
603,0,1.019553921108217,1.019716762650868,1,-0.4164439977594411,-1.111094840679301,1.201680624209358,0.9855499657710435,False,True,False,False,False,False,False,False,False,False,False,False,False,False,True
604,1,-0.7465038537843945,-0.3332451990861685,0,0.47161715898709855,0.7000539747632586,-0.8875544930966774,-0.9059547326007871,True,False,False,False,False,False,False,False,False,False,False,False,False,True,False
605,0,1.019553921108217,1.099302760400105,1,-0.5052501134340955,-1.111094840679301,1.201680624209358,0.9855499657710435,False,False,False,False,False,False,True,False,False,False,False,False,False,False,True
606,1,-0.7465038537843945,-0.17407320358769351,0,0.29400492763779046,0.7000539747632586,-0.8875544930966774,-0.9059547326007871,False,True,False,False,False,False,False,False,False,False,False,False,False,True,False
607,0,1.019553921108217,0.7809587694031559,1,-0.2388317664101338,-0.20552043295802125,0.15706306555634025,0.3550483996471,False,False,False,False,False,False,False,True,False,False,False,False,False,False,True
608,1,-0.7465038537843945,1.7359907423940046,1,-1.038086807482019,-2.016669248400581,2.246298182862376,1.616051531894987,True,False,False,False,False,False,False,False,False,False,False,False,False,False,True
609,0,1.019553921108217,-0.41283119683540564,0,0.47161715898709855,0.7000539747632586,-0.8875544930966774,-0.9059547326007871,False,True,False,False,False,False,False,False,False,False,False,False,False,True,False
610,1,-0.7465038537843945,1.3380607536478173,1,-0.5940562291087492,-1.111094840679301,1.201680624209358,0.9855499657710435,False,False,False,False,False,False,True,False,False,False,False,False,False,False,True
611,0,1.019553921108217,0.3830287806569687,1,0.027586580613828727,-0.20552043295802125,0.15706306555634025,0.3550483996471,False,True,False,False,False,False,False,False,False,False,False,False,False,True,False
612,1,-0.7465038537843945,1.2584747558985803,1,-0.6828623447834036,-1.111094840679301,1.201680624209358,0.9855499657710435,True,False,False,False,False,False,False,False,False,False,False,False,False,False,True
613,0,1.019553921108217,-0.09448720583845635,0,0.3828110433124441,0.7000539747632586,-0.8875544930966774,-0.9059547326007871,False,False,False,False,False,False,False,True,False,False,False,False,False,True,False
614,1,-0.7465038537843945,0.6217867739046808,1,-0.15002565073547935,-0.20552043295802125,0.15706306555634025,0.3550483996471,False,True,False,False,False,False,False,False,False,False,False,False,False,False,True
615,0,1.019553921108217,0.9401307649016302,1,-0.4164439977594411,-1.111094840679301,1.201680624209358,0.9855499657710435,False,False,False,False,False,False,True,False,False,False,False,False,False,False,True
616,1,-0.7465038537843945,-0.2536592013369314,0,0.29400492763779046,0.7000539747632586,-0.8875544930966774,-0.9059547326007871,True,False,False,False,False,False,False,False,False,False,False,False,False,True,False
617,0,1.019553921108217,1.4972327491462925,1,-0.8604745761327109,-2.016669248400581,2.246298182862376,1.616051531894987,False,True,False,False,False,False,False,False,False,False,False,False,False,False,True
618,1,-0.7465038537843945,0.542200776155443,1,-0.06121953506082571,-0.20552043295802125,0.15706306555634025,0.3550483996471,False,False,False,False,False,False,False,False,False,True,False,False,False,True,False
619,0,1.019553921108217,-0.5720031923338806,0,0.5604232746617522,1.6056283824845383,-0.8875544930966774,-1.5364562987247306,False,False,False,False,False,False,False,True,False,False,False,False,False,False,True
620,1,-0.7465038537843945,1.099302760400105,1,-0.5052501134340955,-1.111094840679301,1.201680624209358,0.9855499657710435,False,False,False,False,False,False,True,False,False,False,False,False,False,False,True
621,0,1.019553921108217,-0.41283119683540564,0,0.47161715898709855,0.7000539747632586,-0.8875544930966774,-0.9059547326007871,False,True,False,False,False,False,False,False,False,False,False,False,False,True,False
622,1,-0.7465038537843945,1.2584747558985803,1,-0.5940562291087492,-1.111094840679301,1.201680624209358,0.9855499657710435,True,False,False,False,False,False,False,False,False,False,False,False,False,False,True
623,0,1.019553921108217,-0.2536592013369314,0,0.3828110433124441,0.7000539747632586,-0.8875544930966774,-0.9059547326007871,False,False,False,False,False,False,False,True,False,False,False,False,False,True,False
624,1,-0.7465038537843945,0.701372771653918,1,-0.2388317664101338,-0.20552043295802125,0.15706306555634025,0.3550483996471,False,True,False,False,False,False,False,False,False,False,False,False,False,False,True
625,0,1.019553921108217,1.6564047446447674,1,-0.9492806918073653,-2.016669248400581,2.246298182862376,1.616051531894987,False,False,False,False,False,False,True,False,False,False,False,False,False,False,True
626,1,-0.7465038537843945,-0.3332451990861685,0,0.3828110433124441,0.7000539747632586,-0.8875544930966774,-0.9059547326007871,True,False,False,False,False,False,False,False,False,False,False,False,False,True,False
627,0,1.019553921108217,1.4176467513970552,1,-0.6828623447834036,-1.111094840679301,1.201680624209358,0.9855499657710435,False,True,False,False,False,False,False,False,False,False,False,False,False,False,True
628,1,-0.7465038537843945,0.46261477840620585,1,-0.06121953506082571,-0.20552043295802125,0.15706306555634025,0.3550483996471,False,False,False,False,False,False,False,True,False,False,False,False,False,True,False
629,0,1.019553921108217,1.178888758149343,1,-0.5940562291087492,-1.111094840679301,1.201680624209358,0.9855499657710435,True,False,False,False,False,False,False,False,False,False,False,False,False,False,True
630,1,-0.7465038537843945,-0.17407320358769351,0,0.29400492763779046,0.7000539747632586,-0.8875544930966774,-0.9059547326007871,False,True,False,False,False,False,False,False,False,False,False,False,False,True,False
631,0,1.019553921108217,0.542200776155443,1,-0.15002565073547935,-0.20552043295802125,0.15706306555634025,0.3550483996471,False,False,False,False,False,False,True,False,False,False,False,False,False,False,True
632,1,-0.7465038537843945,1.019716762650868,1,-0.5052501134340955,-1.111094840679301,1.201680624209358,0.9855499657710435,True,False,False,False,False,False,False,False,False,False,False,False,False,False,True
633,0,1.019553921108217,-0.09448720583845635,0,0.20519881196313602,0.7000539747632586,-0.8875544930966774,-0.9059547326007871,False,False,False,False,False,False,False,True,False,False,False,False,False,True,False
634,1,-0.7465038537843945,1.5768187468955301,1,-0.8604745761327109,-2.016669248400581,2.246298182862376,1.616051531894987,False,True,False,False,False,False,False,False,False,False,False,False,False,False,True
635,0,1.019553921108217,0.6217867739046808,1,-0.15002565073547935,-0.20552043295802125,0.15706306555634025,0.3550483996471,False,False,False,False,False,False,False,False,False,True,False,False,False,True,False
636,1,-0.7465038537843945,-0.41283119683540564,0,0.47161715898709855,1.6056283824845383,-0.8875544930966774,-1.5364562987247306,False,False,False,False,False,False,False,True,False,False,False,False,False,False,True
637,0,1.019553921108217,0.9401307649016302,1,-0.4164439977594411,-1.111094840679301,1.201680624209358,0.9855499657710435,False,False,False,False,False,False,True,False,False,False,False,False,False,False,True
638,1,-0.7465038537843945,-0.49241719458464356,0,0.5604232746617522,0.7000539747632586,-0.8875544930966774,-0.9059547326007871,False,True,False,False,False,False,False,False,False,False,False,False,False,True,False
639,0,1.019553921108217,1.178888758149343,1,-0.5940562291087492,-1.111094840679301,1.201680624209358,0.9855499657710435,True,False,False,False,False,False,False,False,False,False,False,False,False,False,True
640,1,-0.7465038537843945,-0.3332451990861685,0,0.3828110433124441,0.7000539747632586,-0.8875544930966774,-0.9059547326007871,False,False,False,False,False,False,False,True,False,False,False,False,False,True,False
641,0,1.019553921108217,0.7809587694031559,1,-0.32763788208478745,-0.20552043295802125,0.15706306555634025,0.3550483996471,False,True,False,False,False,False,False,False,False,False,False,False,False,False,True
642,1,-0.7465038537843945,1.8155767401432423,1,-1.038086807482019,-2.016669248400581,2.246298182862376,1.616051531894987,False,False,False,False,False,False,True,False,False,False,False,False,False,False,True
643,0,1.019553921108217,-0.2536592013369314,0,0.29400492763779046,0.7000539747632586,-0.8875544930966774,-0.9059547326007871,True,False,False,False,False,False,False,False,False,False,False,False,False,True,False
644,1,-0.7465038537843945,1.4972327491462925,1,-0.7716684604580573,-1.111094840679301,1.201680624209358,0.9855499657710435,False,True,False,False,False,False,False,False,False,False,False,False,False,False,True
645,0,1.019553921108217,0.30344278290773086,1,-0.06121953506082571,-0.20552043295802125,0.15706306555634025,0.3550483996471,False,False,False,False,False,False,False,True,False,False,False,False,False,True,False
646,1,1.019553921108217,1.099302760400105,1,-0.5940562291087492,-1.111094840679301,1.201680624209358,0.9855499657710435,True,False,False,False,False,False,False,False,False,False,False,False,False,False,True
647,0,-0.7465038537843945,-0.09448720583845635,0,0.20519881196313602,0.7000539747632586,-0.8875544930966774,-0.9059547326007871,False,True,False,False,False,False,False,False,False,False,False,False,False,True,False
648,1,1.019553921108217,0.6217867739046808,1,-0.2388317664101338,-0.20552043295802125,0.15706306555634025,0.3550483996471,False,False,False,False,False,False,True,False,False,False,False,False,False,False,True
649,0,-0.7465038537843945,1.019716762650868,1,-0.5052501134340955,-1.111094840679301,1.201680624209358,0.9855499657710435,False,False,False,False,False,False,False,True,False,False,False,False,False,False,True
650,1,1.019553921108217,-0.17407320358769351,0,0.29400492763779046,0.7000539747632586,-0.8875544930966774,-0.9059547326007871,True,False,False,False,False,False,False,False,False,False,False,False,False,True,False
651,0,-0.7465038537843945,1.4972327491462925,1,-0.8604745761327109,-2.016669248400581,2.246298182862376,1.616051531894987,False,True,False,False,False,False,False,False,False,False,False,False,False,False,True
652,1,1.019553921108217,0.542200776155443,1,-0.15002565073547935,-0.20552043295802125,0.15706306555634025,0.3550483996471,False,False,False,False,False,False,False,False,False,True,False,False,False,True,False
653,0,-0.7465038537843945,-0.49241719458464356,0,0.5604232746617522,1.6056283824845383,-0.8875544930966774,-1.5364562987247306,False,False,False,False,False,False,False,True,False,False,False,False,False,False,True
654,1,1.019553921108217,1.019716762650868,1,-0.5052501134340955,-1.111094840679301,1.201680624209358,0.9855499657710435,False,False,False,False,False,False,True,False,False,False,False,False,False,False,True
655,0,-0.7465038537843945,-0.41283119683540564,0,0.47161715898709855,0.7000539747632586,-0.8875544930966774,-0.9059547326007871,False,True,False,False,False,False,False,False,False,False,False,False,False,True,False
656,1,1.019553921108217,1.2584747558985803,1,-0.6828623447834036,-1.111094840679301,1.201680624209358,0.9855499657710435,True,False,False,False,False,False,False,False,False,False,False,False,False,False,True
657,0,-0.7465038537843945,-0.2536592013369314,0,0.3828110433124441,0.7000539747632586,-0.8875544930966774,-0.9059547326007871,False,False,False,False,False,False,False,True,False,False,False,False,False,True,False
658,1,1.019553921108217,0.701372771653918,1,-0.2388317664101338,-0.20552043295802125,0.15706306555634025,0.3550483996471,False,True,False,False,False,False,False,False,False,False,False,False,False,False,True
659,0,-0.7465038537843945,1.7359907423940046,1,-0.9492806918073653,-2.016669248400581,2.246298182862376,1.616051531894987,False,False,False,False,False,False,True,False,False,False,False,False,False,False,True
660,1,1.019553921108217,-0.3332451990861685,0,0.3828110433124441,0.7000539747632586,-0.8875544930966774,-0.9059547326007871,True,False,False,False,False,False,False,False,False,False,False,False,False,True,False
661,0,-0.7465038537843945,1.4176467513970552,1,-0.7716684604580573,-1.111094840679301,1.201680624209358,0.9855499657710435,False,True,False,False,False,False,False,False,False,False,False,False,False,False,True
662,1,1.019553921108217,0.3830287806569687,1,-0.06121953506082571,-0.20552043295802125,0.15706306555634025,0.3550483996471,False,False,False,False,False,False,False,True,False,False,False,False,False,True,False
663,0,-0.7465038537843945,1.178888758149343,1,-0.5940562291087492,-1.111094840679301,1.201680624209358,0.9855499657710435,False,False,False,False,False,False,True,False,False,False,False,False,False,False,True
664,1,1.019553921108217,-0.17407320358769351,0,0.29400492763779046,0.7000539747632586,-0.8875544930966774,-0.9059547326007871,True,False,False,False,False,False,False,False,False,False,False,False,False,True,False
665,0,-0.7465038537843945,0.542200776155443,1,-0.15002565073547935,-0.20552043295802125,0.15706306555634025,0.3550483996471,False,True,False,False,False,False,False,False,False,False,False,False,False,False,True
666,1,1.019553921108217,1.099302760400105,1,-0.5940562291087492,-1.111094840679301,1.201680624209358,0.9855499657710435,False,False,False,False,False,False,False,True,False,False,False,False,False,False,True
667,0,-0.7465038537843945,-0.09448720583845635,0,0.20519881196313602,0.7000539747632586,-0.8875544930966774,-0.9059547326007871,False,False,False,False,False,False,True,False,False,False,False,False,False,True,False
668,1,1.019553921108217,1.5768187468955301,1,-0.8604745761327109,-2.016669248400581,2.246298182862376,1.616051531894987,False,True,False,False,False,False,False,False,False,False,False,False,False,False,True
669,0,-0.7465038537843945,0.6217867739046808,1,-0.15002565073547935,-0.20552043295802125,0.15706306555634025,0.3550483996471,False,False,False,False,False,False,False,False,False,True,False,False,False,True,False
670,1,1.019553921108217,-0.41283119683540564,0,0.47161715898709855,1.6056283824845383,-0.8875544930966774,-1.5364562987247306,False,False,False,False,False,False,False,True,False,False,False,False,False,False,True
671,0,-0.7465038537843945,0.9401307649016302,1,-0.4164439977594411,-1.111094840679301,1.201680624209358,0.9855499657710435,True,False,False,False,False,False,False,False,False,False,False,False,False,False,True
672,1,1.019553921108217,-0.49241719458464356,0,0.5604232746617522,0.7000539747632586,-0.8875544930966774,-0.9059547326007871,False,True,False,False,False,False,False,False,False,False,False,False,False,True,False
673,0,-0.7465038537843945,1.178888758149343,1,-0.5940562291087492,-1.111094840679301,1.201680624209358,0.9855499657710435,False,False,False,False,False,False,True,False,False,False,False,False,False,False,True
674,1,1.019553921108217,-0.3332451990861685,0,0.3828110433124441,0.7000539747632586,-0.8875544930966774,-0.9059547326007871,False,False,False,False,False,False,False,True,False,False,False,False,False,True,False
675,0,-0.7465038537843945,0.7809587694031559,1,-0.32763788208478745,-0.20552043295802125,0.15706306555634025,0.3550483996471,False,True,False,False,False,False,False,False,False,False,False,False,False,False,True
676,1,1.019553921108217,1.8155767401432423,1,-1.038086807482019,-2.016669248400581,2.246298182862376,1.616051531894987,True,False,False,False,False,False,False,False,False,False,False,False,False,False,True
677,0,-0.7465038537843945,-0.2536592013369314,0,0.29400492763779046,0.7000539747632586,-0.8875544930966774,-0.9059547326007871,False,False,False,False,False,False,True,False,False,False,False,False,False,True,False
678,1,1.019553921108217,1.4972327491462925,1,-0.7716684604580573,-1.111094840679301,1.201680624209358,0.9855499657710435,False,True,False,False,False,False,False,False,False,False,False,False,False,False,True
679,0,-0.7465038537843945,0.30344278290773086,1,-0.06121953506082571,-0.20552043295802125,0.15706306555634025,0.3550483996471,False,False,False,False,False,False,False,True,False,False,False,False,False,True,False
680,1,1.019553921108217,1.019716762650868,1,-0.5052501134340955,-1.111094840679301,1.201680624209358,0.9855499657710435,True,False,False,False,False,False,False,False,False,False,False,False,False,False,True
681,0,-0.7465038537843945,-0.17407320358769351,0,0.29400492763779046,0.7000539747632586,-0.8875544930966774,-0.9059547326007871,False,True,False,False,False,False,False,False,False,False,False,False,False,True,False
682,1,1.019553921108217,0.701372771653918,1,-0.2388317664101338,-0.20552043295802125,0.15706306555634025,0.3550483996471,False,False,False,False,False,False,True,False,False,False,False,False,False,False,True
683,0,-0.7465038537843945,0.9401307649016302,1,-0.4164439977594411,-1.111094840679301,1.201680624209358,0.9855499657710435,False,False,False,False,False,False,False,True,False,False,False,False,False,False,True
684,1,1.019553921108217,-0.09448720583845635,0,0.20519881196313602,0.7000539747632586,-0.8875544930966774,-0.9059547326007871,True,False,False,False,False,False,False,False,False,False,False,False,False,True,False
685,0,-0.7465038537843945,1.4176467513970552,1,-0.7716684604580573,-2.016669248400581,2.246298182862376,1.616051531894987,False,True,False,False,False,False,False,False,False,False,False,False,False,False,True
686,1,1.019553921108217,0.46261477840620585,1,-0.06121953506082571,-0.20552043295802125,0.15706306555634025,0.3550483996471,False,False,False,False,False,False,False,False,False,True,False,False,False,True,False
687,0,-0.7465038537843945,-0.5720031923338806,0,0.5604232746617522,1.6056283824845383,-0.8875544930966774,-1.5364562987247306,False,False,False,False,False,False,False,True,False,False,False,False,False,False,True
688,1,1.019553921108217,1.099302760400105,1,-0.5940562291087492,-1.111094840679301,1.201680624209358,0.9855499657710435,False,False,False,False,False,False,True,False,False,False,False,False,False,False,True
689,0,-0.7465038537843945,-0.41283119683540564,0,0.47161715898709855,0.7000539747632586,-0.8875544930966774,-0.9059547326007871,False,True,False,False,False,False,False,False,False,False,False,False,False,True,False
690,1,1.019553921108217,1.2584747558985803,1,-0.6828623447834036,-1.111094840679301,1.201680624209358,0.9855499657710435,True,False,False,False,False,False,False,False,False,False,False,False,False,False,True
691,0,-0.7465038537843945,-0.2536592013369314,0,0.3828110433124441,0.7000539747632586,-0.8875544930966774,-0.9059547326007871,False,False,False,False,False,False,False,True,False,False,False,False,False,True,False
692,1,1.019553921108217,0.7809587694031559,1,-0.32763788208478745,-0.20552043295802125,0.15706306555634025,0.3550483996471,False,True,False,False,False,False,False,False,False,False,False,False,False,False,True
693,0,-0.7465038537843945,1.6564047446447674,1,-0.9492806918073653,-2.016669248400581,2.246298182862376,1.616051531894987,False,False,False,False,False,False,True,False,False,False,False,False,False,False,True
694,1,1.019553921108217,-0.3332451990861685,0,0.3828110433124441,0.7000539747632586,-0.8875544930966774,-0.9059547326007871,True,False,False,False,False,False,False,False,False,False,False,False,False,True,False
695,0,-0.7465038537843945,1.3380607536478173,1,-0.6828623447834036,-1.111094840679301,1.201680624209358,0.9855499657710435,False,True,False,False,False,False,False,False,False,False,False,False,False,False,True
696,1,1.019553921108217,0.46261477840620585,1,-0.15002565073547935,-0.20552043295802125,0.15706306555634025,0.3550483996471,False,False,False,False,False,False,False,True,False,False,False,False,False,True,False
697,0,-0.7465038537843945,1.099302760400105,1,-0.5940562291087492,-1.111094840679301,1.201680624209358,0.9855499657710435,False,False,False,False,False,False,True,False,False,False,False,False,False,False,True
698,1,1.019553921108217,-0.09448720583845635,0,0.20519881196313602,0.7000539747632586,-0.8875544930966774,-0.9059547326007871,True,False,False,False,False,False,False,False,False,False,False,False,False,True,False
699,0,-0.7465038537843945,0.6217867739046808,1,-0.2388317664101338,-0.20552043295802125,0.15706306555634025,0.3550483996471,False,True,False,False,False,False,False,False,False,False,False,False,False,False,True
700,1,1.019553921108217,1.019716762650868,1,-0.5052501134340955,-1.111094840679301,1.201680624209358,0.9855499657710435,False,False,False,False,False,False,False,True,False,False,False,False,False,False,True
701,0,-0.7465038537843945,-0.17407320358769351,0,0.29400492763779046,0.7000539747632586,-0.8875544930966774,-0.9059547326007871,False,False,False,False,False,False,True,False,False,False,False,False,False,True,False
702,1,1.019553921108217,1.4972327491462925,1,-0.8604745761327109,-2.016669248400581,2.246298182862376,1.616051531894987,False,True,False,False,False,False,False,False,False,False,False,False,False,False,True
703,0,-0.7465038537843945,0.542200776155443,1,-0.15002565073547935,-0.20552043295802125,0.15706306555634025,0.3550483996471,False,False,False,False,False,False,False,False,False,True,False,False,False,True,False
704,1,1.019553921108217,-0.49241719458464356,0,0.5604232746617522,1.6056283824845383,-0.8875544930966774,-1.5364562987247306,False,False,False,False,False,False,False,True,False,False,False,False,False,False,True
705,0,-0.7465038537843945,1.019716762650868,1,-0.5052501134340955,-1.111094840679301,1.201680624209358,0.9855499657710435,True,False,False,False,False,False,False,False,False,False,False,False,False,False,True
