danceability,energy,key,mode,speechiness,instrumentalness,liveness,tempo,loudness,acousticness,valence,duration_ms,Is_Popular,track_genre
0.851,0.818,4,1,0.0789,2.94e-06,0.0945,119.006,-4.637,0.112,0.808,238906,0,dance
0.614,0.724,7,1,0.0247,0.000256,0.146,97.863,-7.521,0.217,0.902,285373,0,blues
0.804,0.693,7,1,0.0915,0.000916,0.314,95.721,-7.47,0.00876,0.654,170906,0,punk
0.663,0.694,10,0,0.171,0.0,0.0698,167.953,-8.627,0.0253,0.525,340920,0,alternative
0.637,0.867,8,1,0.05,0.0,0.11,124.069,-3.686,0.143,0.652,227973,0,dance
0.592,0.765,9,0,0.027,0.00154,0.127,96.483,-2.788,0.0021,0.327,329733,0,alt-rock
0.542,0.939,1,1,0.049,0.231,0.261,92.002,-4.246,0.00301,0.414,293453,0,grunge
0.802,0.682,1,0,0.225,1.63e-05,0.109,123.94,-5.919,0.112,0.586,326960,0,dance
0.695,0.801,9,0,0.0441,0.0,0.479,119.973,-4.503,0.00124,0.646,249280,0,dance
0.821,0.515,11,1,0.294,0.0,0.196,97.674,-11.552,0.392,0.649,186121,0,comedy
0.715,0.907,7,0,0.0993,8.39e-05,0.426,124.991,-6.025,0.0172,0.841,268840,0,dance
0.344,0.931,1,1,0.0783,0.0,0.0903,148.104,-3.759,0.00104,0.251,223973,0,alt-rock
0.746,0.793,0,1,0.0265,0.0,0.421,127.973,-5.725,0.0519,0.656,289493,0,dance
0.779,0.51,8,0,0.252,0.0,0.0865,90.025,-3.629,0.26,0.591,218000,0,hardcore
0.767,0.747,10,0,0.25,1.49e-06,0.138,164.882,-6.749,0.462,0.855,268946,0,funk
0.679,0.736,1,1,0.415,0.0,0.34,116.401,-9.217,0.517,0.814,196200,0,j-dance
0.821,0.686,1,1,0.263,0.0,0.17,94.015,-9.158,0.00216,0.708,198026,0,hardcore
0.839,0.467,6,1,0.421,1.34e-06,0.117,83.247,-12.265,0.0426,0.678,294693,0,new-age
0.644,0.66,9,0,0.332,2.96e-06,0.346,184.208,-11.175,0.121,0.775,201720,0,hardcore
0.661,0.937,10,0,0.0744,1.58e-05,0.355,130.999,-3.83,0.000967,0.535,249066,0,dance
0.684,0.61,10,0,0.0494,0.0,0.135,91.056,-7.978,0.444,0.712,225973,0,trip-hop
0.659,0.74,7,1,0.298,0.0,0.655,94.979,-7.974,0.0678,0.625,242546,0,trip-hop
0.682,0.639,11,1,0.352,0.000359,0.176,93.453,-7.454,0.127,0.654,229600,0,trip-hop
0.499,0.873,9,0,0.408,0.0,0.168,186.123,-5.795,0.0552,0.58,216093,0,trip-hop
0.67,0.907,9,1,0.147,0.0,0.208,160.093,-5.35,0.67,0.407,324080,0,industrial
0.852,0.887,2,1,0.263,1.87e-05,0.311,158.565,-4.468,0.246,0.788,246920,0,reggae
0.54,0.713,0,1,0.208,0.0,0.0954,137.987,-4.891,0.0393,0.442,236080,0,j-dance
0.51,0.816,5,0,0.0352,8.66e-06,0.224,149.929,-5.331,0.13,0.588,176933,0,dance
0.706,0.89,1,0,0.0687,0.00288,0.305,128.012,-4.447,0.0588,0.685,248133,0,dance
0.665,0.751,4,1,0.041,5.16e-06,0.121,90.376,-5.003,0.0209,0.58,183200,0,punk
0.652,0.766,11,1,0.0345,6.34e-06,0.0739,110.011,-6.481,0.000761,0.641,227813,0,punk-rock
0.441,0.943,3,1,0.0602,8.27e-06,0.091,85.05,-3.205,0.00293,0.781,181533,0,punk
0.261,0.947,11,1,0.0487,0.00326,0.31,185.942,-3.031,0.000193,0.552,206120,0,alt-rock
0.398,0.93,11,1,0.0599,0.121,0.0874,190.84,-6.76,0.000854,0.73,408173,0,punk-rock
0.595,0.961,4,0,0.153,1.2e-06,0.803,90.011,-4.342,0.00931,0.588,250586,0,grunge
0.743,0.842,8,1,0.261,0.0,0.105,90.019,-6.264,0.386,0.526,151750,0,comedy
0.792,0.854,7,1,0.105,4.02e-06,0.108,110.01,-6.17,0.116,0.829,218329,0,j-dance
0.806,0.851,11,0,0.0508,9.05e-06,0.127,141.022,-5.03,0.544,0.84,222229,0,j-dance
0.704,0.678,2,1,0.0581,0.000131,0.101,99.993,-5.829,0.0161,0.166,231088,0,dancehall
0.459,0.955,10,1,0.0448,4.29e-06,0.421,143.865,-4.26,0.000311,0.485,194080,0,punk-rock
0.557,0.442,5,1,0.0243,1.46e-05,0.11,146.277,-7.224,0.731,0.213,309600,0,pop
0.607,0.405,9,1,0.0265,6.7e-06,0.231,129.543,-8.607,0.539,0.233,223040,0,pop
0.429,0.661,11,1,0.0281,0.000121,0.234,173.372,-7.227,0.00239,0.285,266773,0,pop
0.713,0.833,11,1,0.0483,0.0,0.0868,96.012,-5.198,0.0295,0.552,220693,0,dance
0.69,0.856,1,0,0.0376,7.82e-05,0.0761,145.966,-2.549,0.0689,0.74,215586,0,pop
0.608,0.707,11,0,0.266,0.0,0.362,112.119,-9.369,0.204,0.472,161013,0,dancehall
0.315,0.418,7,1,0.0299,0.000679,0.0836,129.116,-9.146,0.131,0.237,242495,0,pop
0.584,0.638,9,0,0.0302,3.06e-06,0.101,99.97,-6.437,0.0134,0.456,244760,0,dance
0.883,0.489,4,0,0.285,0.0,0.104,83.046,-9.091,0.0298,0.696,168480,0,comedy
0.409,0.57,6,0,0.0711,0.0,0.173,128.657,-10.54,0.687,0.336,223613,0,pop
0.799,0.755,9,1,0.0419,0.169,0.0661,128.695,-11.538,0.108,0.975,221266,0,synth-pop
0.312,0.528,10,0,0.0333,3.88e-06,0.0369,201.13,-7.324,0.267,0.397,291986,0,hard-rock
0.441,0.976,8,0,0.147,0.0475,0.298,130.411,-3.09,0.000335,0.248,220413,0,alt-rock
0.385,0.306,3,1,0.0297,7.43e-06,0.128,173.377,-12.167,0.452,0.546,173813,0,british
0.669,0.566,5,0,0.138,5.81e-06,0.111,139.974,-9.005,0.448,0.242,211213,0,j-dance
0.608,0.871,11,0,0.0813,0.0,0.363,103.78,-7.496,0.106,0.61,278960,0,punk
0.857,0.796,9,0,0.0527,0.0,0.0503,132.528,-6.866,0.079,0.944,204600,0,disco
0.52,0.545,8,1,0.0768,0.0,0.133,115.882,-9.368,0.0827,0.0856,192000,0,alternative
0.508,0.769,2,1,0.0326,6.1e-06,0.063,178.95,-5.973,0.0577,0.939,141600,0,country
0.691,0.712,7,0,0.0695,0.0,0.127,160.056,-5.381,0.396,0.812,165624,0,comedy
0.513,0.906,1,1,0.0737,8.42e-06,0.113,173.0,-3.673,0.00272,0.73,211520,0,emo
0.564,0.818,8,0,0.0661,0.0,0.0402,103.342,-6.202,0.0767,0.712,206173,0,indie
0.51,0.375,9,1,0.0288,0.0,0.145,132.555,-9.194,0.812,0.25,263693,0,swedish
0.799,0.721,6,1,0.0508,0.000341,0.335,132.763,-5.222,0.0214,0.66,265426,0,latin
0.459,0.858,4,1,0.0626,0.0,0.184,111.682,-3.063,0.0506,0.855,161920,0,emo
0.679,0.682,6,1,0.261,0.0,0.287,94.971,-5.837,0.265,0.59,207186,0,dance
0.641,0.861,4,1,0.0697,0.0,0.868,105.32,-6.9,0.227,0.473,249760,0,singer-songwriter
0.521,0.495,5,1,0.027,0.0,0.296,135.061,-7.756,0.128,0.116,339196,0,acoustic
0.762,0.696,1,1,0.109,1.08e-06,0.277,75.103,-7.139,0.0814,0.59,234560,0,j-dance
0.646,0.836,1,1,0.0327,3.23e-05,0.29,105.991,-6.203,0.301,0.727,198855,0,acoustic
0.616,0.81,2,1,0.0668,0.0,0.107,97.994,-6.51,0.369,0.79,296843,0,acoustic
0.722,0.826,5,0,0.108,4.06e-06,0.222,127.929,-5.464,0.227,0.494,251133,0,dance
0.441,0.986,0,1,0.116,0.000781,0.0998,123.974,-2.466,0.038,0.184,215666,0,alt-rock
0.706,0.782,2,1,0.0278,4.86e-06,0.0813,104.983,-4.353,0.21,0.418,228573,0,dance
0.531,0.864,4,0,0.0611,0.00046,0.354,166.312,-4.948,0.000753,0.485,288533,0,hard-rock
0.409,0.946,2,1,0.0551,3.45e-05,0.353,147.094,-2.878,0.235,0.707,165800,0,swedish
0.568,0.575,10,0,0.029,0.0001,0.114,133.093,-7.769,0.126,0.333,256545,0,disco
0.453,0.553,1,1,0.0332,0.399,0.976,91.986,-10.495,0.0929,0.0799,307960,0,industrial
0.623,0.277,2,1,0.0413,0.0166,0.134,117.294,-13.038,0.969,0.484,141360,0,disney
0.649,0.709,1,1,0.0802,0.0,0.0732,83.975,-7.989,0.0212,0.605,261706,0,rock
0.458,0.897,10,0,0.0674,0.0,0.103,154.834,-5.006,0.005,0.602,204760,0,emo
0.68,0.711,9,1,0.0414,0.0,0.241,127.436,-6.371,0.0918,0.571,216760,0,rock
0.32,0.546,9,1,0.0278,1.98e-06,0.0928,163.824,-8.33,0.181,0.263,238520,0,alt-rock
0.616,0.387,6,1,0.0314,0.514,0.116,120.03,-11.813,0.227,0.435,249478,0,alt-rock
0.553,0.948,1,1,0.0634,0.0,0.812,125.267,-5.63,0.0114,0.746,186786,0,power-pop
0.435,0.962,7,1,0.0461,3.87e-06,0.201,138.865,-5.594,0.216,0.575,217013,0,power-pop
0.598,0.95,2,1,0.0848,0.000388,0.154,105.267,-3.358,0.00167,0.577,215000,0,alt-rock
0.772,0.397,7,1,0.0391,0.00541,0.0753,97.964,-8.585,0.339,0.617,172320,0,blues
0.685,0.886,9,1,0.0323,0.0,0.0362,116.222,-10.653,0.0328,0.819,178506,0,rock
0.406,0.953,1,1,0.0787,0.0,0.178,91.95,-3.944,0.00183,0.269,246480,0,death-metal
0.791,0.534,9,0,0.0355,1.99e-06,0.156,127.488,-13.261,0.0749,0.963,308373,0,blues
0.542,0.927,6,0,0.0752,0.00927,0.446,135.002,-3.971,0.167,0.369,279453,0,grunge
0.339,0.625,1,1,0.028,0.000101,0.229,104.679,-8.57,0.056,0.334,249533,0,rock
0.303,0.71,0,1,0.0292,0.00152,0.131,162.657,-3.545,0.00575,0.327,248640,0,rock
0.609,0.948,9,1,0.113,0.0978,0.042,144.037,-4.938,0.00404,0.786,222773,0,alt-rock
0.55,0.907,7,0,0.0434,0.0,0.236,127.068,-3.744,0.00437,0.512,221088,0,power-pop
0.573,0.922,8,1,0.0499,0.0,0.26,120.917,-3.806,0.0256,0.536,190714,0,power-pop
0.761,0.734,5,0,0.0428,0.0,0.086,114.907,-2.871,0.129,0.375,208173,0,dance
0.535,0.661,9,1,0.0304,0.0,0.142,148.121,-7.139,0.46,0.596,298400,0,country
0.401,0.901,1,0,0.041,0.0,0.538,134.799,-5.011,0.0704,0.839,193320,0,punk-rock
0.445,0.0553,11,0,0.053,0.0,0.0865,87.228,-10.806,0.938,0.22,209578,0,blues
0.58,0.784,7,1,0.0289,0.00912,0.142,129.993,-5.739,0.0153,0.214,268986,0,grunge
0.466,0.183,1,1,0.043,5.58e-06,0.0925,123.324,-13.693,0.882,0.201,261120,0,bluegrass
0.493,0.931,1,1,0.041,0.0,0.172,141.979,-2.99,0.0838,0.556,200426,0,country
0.381,0.903,1,1,0.0762,8.93e-06,0.344,126.538,-3.883,0.000511,0.474,185789,0,death-metal
0.666,0.863,10,0,0.307,0.0,0.0675,98.206,-2.719,0.354,0.815,225733,0,comedy
0.623,0.668,6,0,0.0531,0.0,0.0862,161.948,-7.282,0.475,0.823,183066,0,pop
0.579,0.443,7,1,0.0255,3.15e-06,0.11,127.814,-6.972,0.479,0.288,230453,0,country
0.65,0.736,0,1,0.0378,0.0,0.0998,129.941,-5.222,0.122,0.595,123400,0,country
0.31,0.363,4,1,0.0269,1.63e-05,0.125,149.63,-8.043,0.607,0.277,155733,0,soul
0.168,0.937,2,1,0.0646,0.733,0.102,136.868,-4.513,0.00589,0.242,218466,0,power-pop
0.513,0.716,8,1,0.029,0.0107,0.058,113.087,-11.695,3.22e-05,0.801,255800,0,power-pop
0.261,0.99,9,1,0.167,0.165,0.0854,90.243,-3.432,0.00221,0.39,244733,0,power-pop
0.276,0.966,0,1,0.101,0.303,0.229,172.595,-4.028,7.28e-05,0.762,131400,0,power-pop
0.438,0.853,7,1,0.0467,0.474,0.111,122.951,-3.575,0.0278,0.718,242560,0,power-pop
0.154,0.98,2,1,0.135,0.069,0.412,91.325,-3.306,0.000956,0.389,208933,0,power-pop
0.775,0.562,4,0,0.0299,0.0,0.174,121.034,-6.041,0.468,0.77,132493,0,country
0.177,0.969,9,1,0.194,1.53e-06,0.0624,162.365,-3.2,0.00219,0.268,220666,0,power-pop
0.514,0.884,7,1,0.0378,0.0,0.282,138.31,-4.283,0.0236,0.809,208977,0,power-pop
0.569,0.963,7,1,0.0593,0.0256,0.22,76.995,-3.069,0.000787,0.82,185906,0,alt-rock
0.656,0.72,5,1,0.0573,0.000349,0.324,141.651,-9.007,0.774,0.95,131413,0,rockabilly
0.288,0.491,9,1,0.0384,0.000192,0.567,87.435,-11.841,0.615,0.719,190280,0,rockabilly
0.361,0.97,8,0,0.0837,0.000162,0.039,156.96,-5.69,6.58e-06,0.561,236720,0,alt-rock
0.885,0.576,9,1,0.0526,0.403,0.114,119.99,-11.918,0.458,0.866,159640,0,minimal-techno
0.337,0.981,8,1,0.141,0.000717,0.0697,176.995,-3.54,6.68e-05,0.228,229973,0,grunge
0.28,0.929,11,0,0.17,0.939,0.129,100.932,-7.069,7.43e-06,0.115,200933,0,death-metal
0.514,0.569,6,0,0.03,2.21e-06,0.218,142.597,-7.866,0.601,0.264,192260,0,acoustic
0.619,0.793,5,1,0.0661,0.0,0.0828,177.991,-5.964,0.263,0.892,214552,0,acoustic
0.626,0.926,2,1,0.0477,0.0,0.159,99.997,-4.441,0.0265,0.548,221425,0,acoustic
0.755,0.454,9,0,0.0352,0.0,0.236,120.06,-9.609,0.757,0.33,302346,0,acoustic
0.574,0.385,2,1,0.0326,0.0,0.103,122.02,-6.786,0.019,0.0875,256147,0,power-pop
0.555,0.865,11,0,0.0305,0.0139,0.0492,124.924,-6.39,0.000791,0.842,190490,0,power-pop
0.573,0.851,7,1,0.0658,2.63e-06,0.307,162.897,-6.154,0.00884,0.788,164029,0,power-pop
0.512,0.899,5,1,0.0406,0.00118,0.239,74.999,-5.818,0.000672,0.652,189915,0,power-pop
0.527,0.934,8,1,0.0405,7.8e-06,0.132,138.95,-4.753,0.0103,0.469,301796,0,power-pop
0.617,0.803,1,1,0.0692,0.0,0.235,119.985,-2.357,0.011,0.523,175999,0,comedy
0.335,0.881,0,1,0.0934,0.0,0.11,96.9,-6.48,0.00805,0.173,297093,0,acoustic
0.485,0.924,10,1,0.0579,1.62e-06,0.248,143.244,-4.046,0.0373,0.661,266706,0,alt-rock
0.37,0.861,4,0,0.0625,0.00449,0.107,155.671,-4.588,0.00959,0.16,185440,0,alternative
0.564,0.976,6,1,0.0592,0.247,0.0868,107.995,-3.562,8.83e-06,0.642,250666,0,industrial
0.577,0.937,7,1,0.0452,0.0019,0.0619,92.528,-5.198,0.000106,0.639,223213,0,industrial
0.587,0.319,5,1,0.0298,0.0276,0.176,103.833,-14.687,0.265,0.475,210040,0,honky-tonk
0.645,0.294,2,1,0.0343,4.46e-06,0.149,122.379,-15.183,0.871,0.724,184973,0,honky-tonk
0.521,0.449,4,1,0.0506,0.0,0.101,156.694,-13.521,0.697,0.905,168000,0,honky-tonk
0.615,0.385,7,1,0.0312,0.0,0.241,126.164,-9.68,0.876,0.728,143973,0,honky-tonk
0.471,0.862,4,1,0.0407,3.87e-05,0.109,137.532,-7.362,0.00686,0.621,231266,0,power-pop
0.561,0.71,4,1,0.0324,0.00169,0.104,124.803,-9.803,0.1,0.677,216466,0,power-pop
0.448,0.297,5,1,0.0294,0.00416,0.152,108.008,-14.744,0.805,0.653,167066,0,honky-tonk
0.68,0.29,0,1,0.0297,9.33e-05,0.0975,116.875,-10.594,0.901,0.671,159666,0,honky-tonk
0.485,0.268,11,1,0.0281,0.226,0.212,92.69,-14.994,0.703,0.471,186093,0,honky-tonk
0.445,0.29,11,1,0.0283,0.00064,0.132,76.447,-13.598,0.433,0.414,212973,0,honky-tonk
0.324,0.245,0,1,0.036,0.0,0.156,97.833,-9.678,0.781,0.244,203493,0,honky-tonk
0.48,0.13,8,1,0.0289,0.000105,0.127,82.184,-15.977,0.548,0.448,157920,0,honky-tonk
0.806,0.58,7,1,0.0315,0.0,0.296,112.916,-8.833,0.69,0.806,162133,0,honky-tonk
0.552,0.667,5,1,0.0615,1.96e-05,0.124,172.49,-9.638,0.527,0.679,135200,0,honky-tonk
0.507,0.229,4,1,0.0251,0.0,0.269,80.209,-9.835,0.674,0.276,165666,0,honky-tonk
0.568,0.382,6,1,0.0323,0.0,0.123,111.388,-12.898,0.749,0.429,169893,0,honky-tonk
0.36,0.248,6,1,0.0265,8.4e-05,0.181,81.276,-15.53,0.611,0.375,158666,0,honky-tonk
0.541,0.559,2,1,0.0249,0.0,0.306,144.79,-5.04,0.507,0.601,168320,0,honky-tonk
0.476,0.349,2,1,0.0275,0.0,0.0805,138.085,-11.635,0.537,0.316,206213,0,honky-tonk
0.617,0.257,4,1,0.0338,5.93e-06,0.165,117.047,-12.332,0.798,0.585,203986,0,honky-tonk
0.644,0.194,10,1,0.0311,0.000292,0.0948,97.371,-17.324,0.842,0.364,142400,0,honky-tonk
0.366,0.209,4,1,0.0297,2.26e-05,0.193,99.082,-15.68,0.866,0.549,162680,0,honky-tonk
0.564,0.705,5,1,0.0457,0.0,0.428,155.114,-7.107,0.531,0.962,144000,0,honky-tonk
0.558,0.48,2,1,0.0264,2.54e-06,0.357,103.632,-6.865,0.671,0.331,213333,0,honky-tonk
0.642,0.282,11,1,0.0405,2.47e-05,0.243,121.163,-18.19,0.513,0.29,205573,0,honky-tonk
0.449,0.243,11,1,0.0299,7.49e-06,0.0983,78.397,-11.611,0.796,0.23,169306,0,honky-tonk
0.637,0.575,9,1,0.0547,0.0,0.117,96.992,-13.153,0.758,0.783,127640,0,honky-tonk
0.551,0.375,6,1,0.0247,0.000168,0.128,139.397,-7.932,0.668,0.335,157320,0,honky-tonk
0.497,0.29,4,1,0.0284,3.33e-05,0.134,93.128,-14.014,0.914,0.451,153862,0,honky-tonk
0.569,0.28,7,1,0.0249,1.47e-06,0.202,76.127,-12.913,0.852,0.373,152400,0,honky-tonk
0.45,0.171,10,1,0.0325,8.37e-06,0.0806,80.275,-17.192,0.637,0.206,167653,0,honky-tonk
0.54,0.189,7,1,0.0265,9.74e-05,0.217,77.366,-13.603,0.936,0.28,162850,0,honky-tonk
0.34,0.291,9,1,0.0296,0.0,0.216,145.213,-10.67,0.712,0.514,173946,0,honky-tonk
0.653,0.492,11,1,0.0274,7.06e-06,0.815,125.175,-8.913,0.599,0.613,155933,0,honky-tonk
0.69,0.39,0,1,0.0349,0.0,0.1,113.441,-8.573,0.679,0.645,166786,0,honky-tonk
0.618,0.342,0,1,0.0292,0.000451,0.104,108.177,-13.925,0.345,0.425,193373,0,honky-tonk
0.539,0.169,6,1,0.0293,0.00607,0.0996,98.697,-17.49,0.823,0.637,150973,0,honky-tonk
0.467,0.207,11,1,0.0333,0.0,0.0889,76.241,-16.134,0.868,0.433,165720,0,honky-tonk
0.676,0.549,6,1,0.0813,0.0,0.291,146.95,-8.04,0.876,0.937,167920,0,honky-tonk
0.598,0.593,9,1,0.0435,0.0,0.237,75.415,-6.538,0.667,0.897,148933,0,honky-tonk
0.542,0.645,9,1,0.035,0.0,0.294,62.899,-5.616,0.457,0.746,128091,0,honky-tonk
0.494,0.178,7,1,0.0281,0.0,0.168,87.371,-16.524,0.592,0.262,197533,0,honky-tonk
0.531,0.197,6,1,0.0269,0.0,0.0876,83.209,-15.302,0.838,0.235,232186,0,honky-tonk
0.53,0.196,10,1,0.0285,1.61e-06,0.0975,105.624,-16.187,0.797,0.583,170946,0,honky-tonk
0.546,0.518,3,1,0.0247,2.36e-05,0.0832,87.973,-5.385,0.574,0.475,220280,0,honky-tonk
0.537,0.306,0,1,0.0295,0.000251,0.294,93.46,-15.521,0.837,0.575,159840,0,honky-tonk
0.543,0.52,1,0,0.0707,8.03e-06,0.111,167.83,-9.726,0.878,0.905,147346,0,honky-tonk
0.489,0.164,10,1,0.0278,0.0,0.129,91.449,-16.996,0.83,0.519,145053,0,honky-tonk
0.41,0.226,2,1,0.0333,0.0,0.186,83.798,-11.33,0.874,0.353,147013,0,honky-tonk
0.554,0.344,2,1,0.0319,0.0,0.166,115.212,-9.304,0.602,0.407,184026,0,honky-tonk
0.524,0.248,6,1,0.0264,0.0,0.108,104.158,-10.776,0.922,0.461,159960,0,honky-tonk
0.657,0.342,8,1,0.0274,8.14e-06,0.112,105.927,-13.269,0.404,0.528,174893,0,honky-tonk
0.627,0.293,7,1,0.0323,1.49e-06,0.402,119.316,-9.374,0.57,0.496,189440,0,honky-tonk
0.291,0.2,6,1,0.0297,1.2e-05,0.112,72.078,-14.747,0.612,0.262,255373,0,honky-tonk
0.527,0.542,10,1,0.0329,0.0,0.0768,156.421,-6.801,0.583,0.924,147253,0,honky-tonk
0.536,0.307,7,1,0.031,0.0,0.337,120.991,-12.155,0.494,0.614,148533,0,honky-tonk
0.59,0.594,0,1,0.0645,4.51e-05,0.26,128.157,-8.321,0.321,0.9,149306,0,honky-tonk
0.518,0.948,6,0,0.0676,0.0996,0.228,103.025,-5.579,0.00512,0.548,201400,0,alt-rock
0.45,0.769,2,1,0.0592,0.0,0.306,107.05,-4.797,0.562,0.604,285357,0,ska
0.702,0.562,9,0,0.538,9.26e-06,0.0715,138.148,-8.636,0.168,0.498,228466,0,j-dance
0.55,0.624,2,1,0.0406,0.0,0.123,125.008,-5.372,0.0372,0.34,203362,0,dance
0.635,0.701,10,1,0.0268,4.91e-05,0.165,151.894,-5.969,0.253,0.633,221773,0,rock
0.176,0.753,0,1,0.044,0.839,0.199,102.101,-5.754,1.07e-05,0.47,129639,0,garage
0.262,0.825,9,1,0.0438,0.848,0.0722,98.681,-5.739,1.27e-06,0.394,144908,0,power-pop
0.709,0.761,1,1,0.273,3.11e-05,0.0698,93.101,-3.69,0.0702,0.697,201560,0,trip-hop
0.604,0.704,5,1,0.0477,0.0,0.137,80.93,-6.564,0.241,0.399,220413,0,british
0.677,0.63,6,1,0.789,0.0,0.1,70.581,-9.64,0.134,0.711,207586,0,comedy
0.674,0.708,1,1,0.0664,0.0068,0.181,110.437,-10.751,0.0392,0.688,338973,0,detroit-techno
0.596,0.74,8,1,0.0338,2.05e-05,0.102,118.031,-6.127,0.341,0.493,208106,0,piano
0.636,0.708,6,1,0.0512,0.0,0.117,94.987,-7.057,0.0818,0.662,255693,0,piano
0.262,0.677,7,1,0.0528,0.0,0.205,207.478,-5.645,0.447,0.365,197146,0,piano
0.666,0.868,0,1,0.0446,0.0113,0.0736,134.649,-12.483,0.0354,0.863,301440,0,detroit-techno
0.273,0.196,9,0,0.0347,0.0,0.105,72.124,-7.528,0.885,0.421,249026,0,piano
0.681,0.664,0,1,0.0922,0.0,0.0772,118.33,-8.036,0.299,0.729,184906,0,hard-rock
0.428,0.414,7,0,0.0403,0.0,0.238,79.108,-5.729,0.897,0.508,175021,0,blues
0.611,0.826,11,0,0.0353,0.016,0.33,129.102,-5.313,0.000818,0.719,211487,0,rock
0.416,0.954,7,0,0.0467,0.0,0.177,144.724,-3.157,0.0021,0.498,310346,0,alt-rock
0.649,0.421,6,1,0.035,0.799,0.116,146.11,-11.98,0.0288,0.234,223773,0,trip-hop
0.391,0.384,9,0,0.931,0.0,0.756,170.27,-12.102,0.812,0.241,121080,0,comedy
0.499,0.983,1,0,0.0882,0.000246,0.0728,129.903,-3.662,0.000123,0.0378,177440,0,alt-rock
0.395,0.625,1,0,0.0341,0.00124,0.11,139.729,-7.134,0.242,0.314,373133,0,british
0.687,0.606,7,1,0.0262,0.000326,0.083,80.569,-5.92,0.178,0.748,206306,0,electronic
0.404,0.68,0,1,0.0856,0.0536,0.112,154.728,-5.708,0.029,0.539,224628,0,trip-hop
0.576,0.784,5,0,0.0341,0.0012,0.31,143.416,-7.085,0.000133,0.493,217133,0,swedish
0.673,0.122,0,1,0.0344,0.000108,0.115,84.289,-16.406,0.837,0.35,299973,0,bluegrass
0.546,0.14,2,0,0.0401,5.8e-06,0.0773,114.317,-18.215,0.813,0.133,233586,0,bluegrass
0.691,0.495,2,1,0.0293,1.59e-05,0.198,119.859,-6.595,0.839,0.611,201386,0,bluegrass
0.65,0.506,9,0,0.0392,5.45e-06,0.217,134.078,-6.71,0.691,0.799,228040,0,bluegrass
0.703,0.225,4,0,0.0511,4.59e-06,0.102,143.248,-11.366,0.731,0.399,174026,0,piano
0.513,0.917,10,1,0.0505,7.1e-05,0.309,96.022,-3.612,5.86e-05,0.481,192506,0,metalcore
0.325,0.536,5,1,0.0323,0.0,0.251,101.483,-6.04,0.614,0.218,169293,0,funk
0.541,0.485,0,1,0.0372,0.0,0.634,87.577,-13.161,0.353,0.211,293773,0,funk
0.549,0.891,6,1,0.0351,0.00323,0.0661,111.996,-4.044,0.0141,0.508,197106,0,blues
0.739,0.806,2,1,0.0309,0.000176,0.442,137.524,-5.723,0.255,0.807,212760,0,swedish
0.724,0.724,0,1,0.0304,0.0,0.121,117.986,-6.378,0.294,0.927,251786,0,swedish
0.429,0.789,6,1,0.0346,0.00568,0.0474,125.613,-6.446,0.226,0.467,295280,0,swedish
0.597,0.628,7,1,0.0348,0.151,0.085,98.004,-6.924,0.00109,0.0529,264840,0,electronic
0.677,0.649,10,0,0.0316,0.0433,0.288,107.986,-7.865,0.0416,0.651,253773,0,electronic
0.546,0.969,11,0,0.0512,5.11e-05,0.142,114.984,-5.05,0.00196,0.46,268426,0,industrial
0.487,0.729,10,1,0.0316,9.79e-05,0.134,144.043,-6.046,0.126,0.339,273893,0,singer-songwriter
0.521,0.72,2,1,0.0254,0.0114,0.391,97.577,-7.699,0.00352,0.609,328426,0,blues
0.419,0.737,9,1,0.0364,0.00716,0.24,157.991,-7.09,0.204,0.595,287426,0,blues
0.359,0.611,6,0,0.0389,0.0254,0.0898,93.05,-7.676,0.206,0.427,256768,0,pop
0.715,0.911,7,1,0.0654,4.01e-06,0.17,124.03,-7.496,0.0351,0.532,131146,0,industrial
0.723,0.617,11,1,0.0301,0.0,0.252,100.015,-8.312,0.566,0.677,286973,0,rock
0.411,0.767,3,1,0.056,0.00842,0.134,134.408,-4.211,0.000621,0.659,322613,0,alt-rock
0.529,0.982,9,1,0.0368,0.0,0.0807,118.668,-2.129,0.0206,0.792,316520,0,metal
0.553,0.991,8,1,0.0925,0.0729,0.179,114.919,-3.703,4.44e-05,0.324,287066,0,alternative
0.579,0.978,0,0,0.0548,0.000141,0.0955,125.073,-5.327,8.55e-05,0.558,222893,0,alt-rock
0.626,0.4,7,1,0.0251,0.0,0.151,97.565,-6.689,0.798,0.401,250026,0,country
0.668,0.614,7,0,0.0522,0.000168,0.312,95.073,-5.492,0.36,0.5,258760,0,trip-hop
0.733,0.888,11,0,0.0726,0.294,0.107,121.063,-4.438,0.00245,0.799,213120,0,trip-hop
0.554,0.898,0,1,0.0474,0.833,0.478,113.289,-7.642,0.00732,0.853,199893,0,trip-hop
0.565,0.701,5,1,0.0445,0.0,0.125,150.9,-4.098,0.144,0.421,207911,0,trip-hop
0.496,0.516,1,1,0.032,0.153,0.114,190.08,-5.918,0.48,0.448,222053,0,trip-hop
0.183,0.793,7,1,0.0336,0.00303,0.104,89.238,-4.01,0.00197,0.163,369720,0,goth
0.557,0.951,0,1,0.033,0.000172,0.157,93.97,-3.003,0.00194,0.528,214400,0,rock
0.617,0.0774,4,1,0.049,1.98e-06,0.109,120.234,-14.235,0.948,0.251,185960,0,country
0.27,0.577,0,1,0.0573,0.123,0.139,170.254,-8.195,0.755,0.362,268040,0,blues
0.33,0.932,0,0,0.165,0.0231,0.354,135.022,-5.064,3.15e-05,0.199,297333,0,death-metal
0.58,0.812,0,1,0.0256,9.36e-06,0.316,114.085,-7.401,0.0529,0.655,211666,0,synth-pop
0.434,0.725,7,1,0.033,0.00108,0.251,142.053,-9.442,0.049,0.197,298066,0,grunge
0.633,0.674,9,1,0.0348,0.00154,0.0504,103.426,-8.638,0.0572,0.965,134440,0,country
0.615,0.318,7,1,0.046,1.67e-06,0.199,94.984,-10.261,0.229,0.551,229053,0,power-pop
0.666,0.737,4,0,0.0353,0.0,0.0429,112.969,-6.28,0.418,0.624,285200,0,power-pop
0.406,0.354,7,1,0.0455,0.0,0.341,78.477,-8.701,0.233,0.58,245133,0,power-pop
0.171,0.124,7,1,0.0364,0.0,0.0929,77.914,-13.758,0.781,0.0717,223040,0,singer-songwriter
0.544,0.918,6,0,0.0787,0.00922,0.202,130.128,-6.302,0.00906,0.296,190986,0,synth-pop
0.308,0.981,0,1,0.363,0.0,0.131,150.27,-3.476,0.00304,0.0758,250200,0,metalcore
0.778,0.709,0,0,0.404,0.0,0.072,117.663,-5.326,0.283,0.971,180244,0,j-dance
0.598,0.625,0,1,0.0427,0.000112,0.12,125.652,-9.256,0.026,0.319,246179,0,synth-pop
0.465,0.998,11,0,0.0967,4.97e-06,0.139,95.359,-4.057,0.00021,0.563,126373,0,industrial
0.448,0.871,4,0,0.048,0.0206,0.119,173.959,-5.646,0.000148,0.308,265387,0,drum-and-bass
0.692,0.291,0,1,0.0279,1.11e-06,0.144,114.818,-13.289,0.458,0.476,194773,0,honky-tonk
0.484,0.896,0,0,0.0333,0.0653,0.112,138.282,-5.354,0.0004,0.862,223506,0,power-pop
0.569,0.983,1,1,0.343,0.144,0.34,174.965,-3.917,0.00558,0.336,239706,0,drum-and-bass
0.709,0.81,5,0,0.0475,0.0,0.242,125.003,-7.134,0.0124,0.772,249120,0,disco
0.716,0.606,1,1,0.0918,0.855,0.129,124.9,-12.568,0.00042,0.483,515000,0,breakbeat
0.408,0.964,5,1,0.0474,0.0225,0.273,174.0,-3.61,1.01e-05,0.685,260720,0,industrial
0.391,0.998,2,1,0.0747,0.0132,0.289,151.269,-4.469,9.27e-05,0.495,286093,0,industrial
0.657,0.397,0,1,0.0266,0.804,0.168,92.041,-12.462,0.408,0.194,404387,0,trip-hop
0.443,0.136,0,1,0.0341,0.00967,0.183,86.646,-12.984,0.889,0.264,176453,0,jazz
0.525,0.858,7,1,0.0355,0.0,0.102,87.029,-4.551,0.0466,0.57,220360,0,country
0.545,0.957,7,1,0.122,0.00573,0.509,125.685,-7.472,0.000231,0.519,82346,0,power-pop
0.57,0.592,9,1,0.198,0.000118,0.165,79.96,-9.014,0.00819,0.961,134160,0,comedy
0.587,0.904,4,1,0.0319,0.133,0.353,114.021,-6.249,0.00119,0.882,259079,0,power-pop
0.53,0.753,7,1,0.0286,0.000109,0.105,95.398,-5.146,0.0463,0.306,325373,0,singer-songwriter
0.227,0.975,9,1,0.202,0.118,0.08,147.172,-5.317,2.82e-06,0.264,271080,0,groove
0.449,0.913,11,0,0.0578,0.0,0.132,180.016,-6.399,8.15e-05,0.457,297668,0,industrial
0.594,0.719,2,1,0.0387,0.0722,0.124,129.337,-6.212,0.481,0.494,344586,0,rock
0.45,0.931,1,1,0.0833,0.309,0.0978,192.152,-6.38,0.000393,0.673,278506,0,industrial
0.288,0.955,7,1,0.171,0.139,0.394,108.423,-4.424,4.65e-05,0.0916,234266,0,alternative
0.538,0.692,9,0,0.0721,0.0,0.344,139.746,-5.622,0.702,0.57,210120,0,electro
0.647,0.399,9,1,0.032,4.55e-06,0.179,107.716,-10.069,0.819,0.693,132880,0,honky-tonk
0.539,0.268,9,1,0.0283,0.000646,0.598,134.4,-7.766,0.96,0.485,166953,0,honky-tonk
0.626,0.726,4,1,0.0704,1.7e-05,0.533,140.444,-6.005,0.163,0.459,186226,0,power-pop
0.685,0.175,9,1,0.0444,0.0,0.0885,110.153,-15.138,0.921,0.456,189640,0,honky-tonk
0.511,0.212,2,1,0.034,0.00435,0.338,98.913,-13.912,0.954,0.429,178400,0,honky-tonk
0.485,0.192,7,1,0.0571,0.0,0.109,137.418,-15.762,0.947,0.418,178266,0,honky-tonk
0.497,0.418,7,1,0.106,0.0,0.0996,71.943,-10.352,0.741,0.808,178306,0,honky-tonk
0.616,0.147,0,1,0.03,0.0,0.199,86.703,-13.985,0.83,0.57,178000,0,honky-tonk
0.472,0.181,0,1,0.034,0.0,0.142,85.086,-13.839,0.869,0.448,181973,0,honky-tonk
0.447,0.188,0,1,0.0342,0.0,0.121,91.425,-13.829,0.889,0.445,179400,0,honky-tonk
0.421,0.871,11,1,0.0351,0.411,0.19,102.383,-9.193,0.00608,0.384,395093,0,alt-rock
0.589,0.328,4,1,0.146,0.0,0.772,145.382,-8.037,0.952,0.876,152291,0,honky-tonk
0.591,0.173,2,1,0.028,0.00379,0.151,86.786,-15.62,0.989,0.685,113560,0,honky-tonk
0.419,0.308,2,1,0.0292,1.14e-05,0.229,177.797,-8.937,0.937,0.618,152216,0,honky-tonk
0.617,0.241,2,1,0.0291,7.06e-05,0.112,121.202,-9.71,0.822,0.271,147506,0,honky-tonk
0.525,0.362,9,1,0.0324,1.61e-05,0.602,148.394,-10.791,0.854,0.613,153506,0,honky-tonk
0.629,0.386,4,1,0.0352,0.000299,0.223,76.394,-9.401,0.985,0.694,82800,0,honky-tonk
0.426,0.192,0,1,0.0492,0.0185,0.101,163.748,-13.186,0.963,0.361,140293,0,honky-tonk
0.554,0.327,4,0,0.03,0.00763,0.125,144.171,-12.79,0.796,0.0341,305520,0,industrial
0.389,0.962,7,1,0.0655,1.4e-06,0.0633,112.501,-6.316,0.0968,0.558,186293,0,power-pop
0.43,0.375,11,1,0.0289,0.376,0.316,128.791,-9.949,0.374,0.189,277960,0,rock
0.503,0.603,9,1,0.0354,0.0,0.168,178.057,-8.26,0.257,0.459,346773,0,power-pop
0.48,0.676,4,0,0.0631,0.642,0.116,144.514,-7.727,0.00996,0.199,204373,0,synth-pop
0.634,0.59,6,1,0.0294,0.16,0.112,125.998,-7.66,0.0248,0.45,231453,0,synth-pop
0.581,0.427,4,1,0.0325,0.000809,0.0809,85.724,-10.369,0.734,0.797,170800,0,honky-tonk
0.719,0.627,7,1,0.201,5.08e-06,0.127,74.76,-11.436,0.129,0.815,244813,0,dub
0.745,0.346,0,1,0.0387,0.0,0.13,169.689,-10.764,0.739,0.71,154706,0,honky-tonk
0.512,0.232,7,1,0.0249,0.00357,0.387,100.513,-12.126,0.926,0.245,225760,0,honky-tonk
0.509,0.257,11,1,0.0409,2.08e-06,0.378,144.761,-12.737,0.942,0.647,115866,0,honky-tonk
0.468,0.174,0,1,0.0318,0.0918,0.146,135.559,-12.229,0.982,0.35,208066,0,honky-tonk
0.378,0.372,2,1,0.033,1.03e-06,0.382,183.643,-11.719,0.929,0.561,112200,0,honky-tonk
0.418,0.377,6,1,0.0327,0.0,0.0928,137.485,-8.771,0.709,0.193,248493,0,opera
0.139,0.893,3,1,0.089,0.00222,0.236,172.723,-5.173,0.00351,0.208,252180,0,garage
0.349,0.983,4,0,0.0564,0.000892,0.0365,105.571,-5.969,0.00065,0.422,341066,0,alt-rock
0.517,0.722,5,1,0.0345,0.000576,0.0812,136.513,-4.83,0.662,0.729,172093,0,bluegrass
0.514,0.347,11,1,0.0296,0.0,0.277,159.562,-10.866,0.815,0.386,282586,0,bluegrass
0.558,0.3,0,1,0.027,0.0,0.101,80.457,-11.317,0.804,0.244,249453,0,bluegrass
0.447,0.97,2,1,0.128,0.0,0.451,171.905,-5.138,7.03e-05,0.53,223146,0,industrial
0.793,0.617,7,1,0.0766,0.00402,0.165,134.909,-4.32,0.0464,0.418,224613,0,dance
0.597,0.792,8,1,0.0299,0.0213,0.199,118.792,-9.154,0.452,0.939,199813,0,club
0.467,0.873,11,0,0.0411,1.1e-06,0.527,150.059,-4.968,0.000241,0.177,181706,0,metalcore
0.623,0.961,4,0,0.0869,0.000171,0.264,149.963,-2.616,0.102,0.668,211573,0,emo
0.765,0.833,10,0,0.0873,0.268,0.0824,126.422,-5.162,0.0376,0.837,550706,0,folk
0.474,0.972,6,1,0.104,9.64e-05,0.0966,159.986,-2.688,0.00162,0.476,223093,0,industrial
0.447,0.983,7,1,0.175,0.845,0.107,140.026,-2.892,0.000231,0.0558,212613,0,black-metal
0.527,0.979,1,1,0.208,0.0444,0.177,129.949,-3.508,8.46e-05,0.131,251893,0,black-metal
0.27,0.918,9,0,0.0657,2.47e-06,0.322,85.792,-2.986,0.00458,0.392,181053,0,garage
0.379,0.903,0,0,0.0351,1.98e-05,0.0933,168.975,-4.812,7.51e-05,0.687,204026,0,grunge
0.65,0.823,0,1,0.0289,0.0,0.0776,123.018,-5.717,0.00159,0.432,227343,0,house
0.629,0.837,3,1,0.0291,0.439,0.115,125.013,-5.677,0.000725,0.772,234306,0,synth-pop
0.542,0.955,7,1,0.0435,0.154,0.309,140.013,-5.174,0.00097,0.586,216026,0,breakbeat
0.402,0.758,0,1,0.0354,0.00701,0.0842,131.788,-12.155,0.0162,0.726,352333,0,death-metal
0.518,0.976,0,1,0.0646,0.566,0.142,174.053,-2.392,0.00192,0.126,296554,0,drum-and-bass
0.334,0.814,11,0,0.0447,0.000593,0.501,150.813,-14.175,0.0247,0.676,284040,0,alt-rock
0.233,0.832,2,1,0.0804,0.581,0.215,90.584,-11.024,5.1e-05,0.416,271106,0,death-metal
0.617,0.568,0,1,0.0335,0.000254,0.0422,122.562,-14.255,0.0429,0.949,208866,0,disco
0.641,0.643,7,0,0.0796,1.33e-06,0.0941,145.101,-3.909,0.646,0.625,234000,0,synth-pop
0.308,0.988,1,1,0.113,0.833,0.0897,109.212,-5.796,1.36e-06,0.0755,73746,0,grindcore
0.38,0.916,10,1,0.0487,0.882,0.242,152.409,-11.547,0.0025,0.29,132093,0,black-metal
0.476,0.988,2,1,0.072,0.000345,0.792,135.681,-3.439,0.00102,0.545,171400,0,industrial
0.383,0.951,0,1,0.104,0.0,0.261,110.584,-3.743,0.00607,0.668,206826,0,industrial
0.417,0.153,2,1,0.0388,0.000736,0.107,169.237,-16.632,0.838,0.216,291200,0,bluegrass
0.511,0.682,4,1,0.0322,0.00327,0.116,164.721,-8.897,0.111,0.438,277386,0,club
0.51,0.936,9,1,0.0408,0.0809,0.0988,111.663,-7.197,4.05e-05,0.638,151773,0,industrial
0.507,0.74,1,1,0.381,0.0,0.0563,167.183,-7.08,0.0713,0.746,224173,0,j-dance
0.722,0.611,10,0,0.164,0.0,0.204,95.969,-7.454,0.52,0.574,233560,0,j-dance
0.699,0.365,0,0,0.0341,0.000498,0.0972,115.003,-15.236,0.894,0.398,204800,0,trip-hop
0.643,0.369,4,0,0.101,0.83,0.114,140.04,-10.205,0.0388,0.661,290960,0,trip-hop
0.454,0.284,6,1,0.0312,0.00054,0.103,168.169,-14.067,0.696,0.422,232320,0,bluegrass
0.37,0.72,0,1,0.038,0.532,0.112,160.09,-6.303,0.609,0.716,167293,0,bluegrass
0.275,0.991,8,1,0.0841,0.941,0.128,106.137,-6.925,1.13e-06,0.0618,72773,0,grindcore
0.611,0.909,0,1,0.0403,8.39e-06,0.266,92.438,-5.371,0.012,0.619,184653,0,power-pop
0.393,0.397,8,1,0.0352,3.79e-06,0.0951,131.294,-9.2,0.8,0.31,179866,0,honky-tonk
0.772,0.643,0,0,0.063,0.0,0.0705,114.031,-6.24,0.0102,0.669,206280,0,dance
0.538,0.95,0,1,0.0527,0.0,0.963,109.796,-6.607,0.000697,0.802,84680,0,power-pop
0.742,0.224,9,1,0.0309,7.05e-06,0.224,126.682,-12.13,0.775,0.732,153013,0,honky-tonk
0.496,0.254,2,1,0.0274,0.00218,0.0983,81.845,-14.153,0.902,0.396,188000,0,honky-tonk
0.226,0.905,8,1,0.0942,0.0,0.281,80.349,-3.239,0.0509,0.475,205706,0,metalcore
0.565,0.551,0,0,0.0687,0.0,0.139,112.98,-7.007,0.0845,0.125,242280,0,pop
0.434,0.59,5,1,0.0333,1.62e-06,0.223,136.312,-12.291,0.348,0.402,111266,0,bluegrass
0.516,0.123,11,1,0.0295,0.0,0.296,81.945,-14.693,0.863,0.384,113493,0,bluegrass
0.546,0.874,4,0,0.0364,0.000629,0.658,98.0,-5.185,0.00179,0.484,231200,0,industrial
0.663,0.706,2,1,0.318,9.68e-05,0.236,98.444,-6.196,0.000952,0.466,209001,0,industrial
0.628,0.887,11,1,0.0724,0.00109,0.0814,130.125,-4.981,0.00339,0.533,276967,0,industrial
0.413,0.94,1,1,0.045,0.192,0.152,174.997,-2.468,0.000327,0.173,224375,0,drum-and-bass
0.504,0.51,7,1,0.0415,7.61e-05,0.0766,95.182,-10.79,0.771,0.0834,203666,0,british
0.538,0.942,7,0,0.0879,0.000579,0.0501,155.061,-5.412,0.000324,0.209,210155,0,goth
0.108,0.521,5,0,0.127,0.912,0.158,92.538,-15.304,5.52e-06,0.0378,59246,0,grindcore
0.173,0.894,4,0,0.0784,0.963,0.249,106.559,-8.454,0.0224,0.077,139333,0,grindcore
0.24,0.841,6,1,0.0843,0.874,0.225,97.664,-11.59,7.52e-06,0.219,271693,0,death-metal
0.462,0.452,0,1,0.0296,0.00503,0.108,108.792,-10.294,0.0259,0.071,229200,0,goth
0.362,0.668,0,1,0.0432,0.0094,0.131,122.234,-9.578,0.000406,0.158,293040,0,goth
0.464,0.941,6,0,0.0797,0.0622,0.122,158.044,-3.733,0.000105,0.466,263373,0,goth
0.49,0.76,4,0,0.0398,2.2e-05,0.051,128.241,-9.074,0.0213,0.772,180400,0,power-pop
0.827,0.776,1,0,0.355,0.0,0.545,118.02,-7.489,0.106,0.786,250466,0,funk
0.42,0.955,5,0,0.0655,0.883,0.422,155.657,-4.377,7.28e-05,0.506,229320,0,goth
0.829,0.951,2,1,0.12,0.453,0.304,115.961,-2.663,0.323,0.239,179266,0,industrial
0.361,0.787,1,0,0.0363,0.000586,0.0421,130.693,-4.982,0.0197,0.889,278133,0,country
0.463,0.979,2,0,0.136,0.847,0.305,107.55,-5.0,2.59e-06,0.0909,173133,0,grindcore
0.318,0.999,4,0,0.207,0.795,0.201,134.816,-6.346,3.29e-05,0.0225,829146,0,black-metal
0.169,0.981,0,1,0.133,0.788,0.303,117.6,-5.07,2.3e-06,0.0393,465586,0,black-metal
0.163,0.993,4,1,0.147,0.552,0.381,147.591,-4.106,5.84e-05,0.236,274640,0,black-metal
0.469,0.695,7,1,0.0324,0.0,0.0806,145.66,-10.343,0.0506,0.489,240746,0,goth
0.212,0.988,11,1,0.429,0.889,0.371,119.037,-4.861,2.71e-05,0.0355,328466,0,grindcore
0.778,0.91,0,1,0.0953,1.57e-06,0.351,132.988,-6.201,0.0192,0.796,307493,0,breakbeat
0.606,0.986,6,0,0.0985,0.87,0.0558,122.412,-3.322,0.00133,0.785,355190,0,industrial
0.726,0.69,6,0,0.0523,0.000515,0.351,134.88,-11.403,0.043,0.922,230026,0,power-pop
0.68,0.855,6,0,0.0472,0.809,0.116,100.984,-9.102,0.000254,0.891,285933,0,industrial
0.341,0.893,11,1,0.102,1.72e-05,0.0671,103.782,-4.896,0.00136,0.463,267613,0,industrial
0.603,0.755,1,0,0.0268,0.579,0.126,117.996,-6.757,0.000178,0.29,255573,0,goth
0.685,0.676,6,1,0.0411,0.429,0.574,122.969,-5.176,0.00713,0.629,242093,0,breakbeat
0.961,0.689,5,0,0.261,0.000258,0.154,119.961,-9.25,0.113,0.874,200186,0,j-dance
0.489,0.903,9,1,0.061,1.27e-06,0.369,120.096,-2.844,0.000584,0.69,198266,0,goth
0.566,0.843,3,0,0.112,0.0393,0.674,155.943,-8.701,0.0855,0.11,327360,0,goth
0.55,0.835,2,0,0.0603,5.5e-06,0.0616,129.16,-13.966,0.124,0.498,237493,0,goth
0.578,0.289,2,0,0.0335,0.0,0.133,88.353,-14.821,0.274,0.464,180133,0,goth
0.394,0.783,2,1,0.042,0.093,0.373,149.967,-15.533,0.0582,0.7,234573,0,goth
0.208,0.928,4,0,0.0726,0.0,0.343,198.843,-10.943,0.00215,0.587,220333,0,goth
0.487,0.742,4,0,0.0365,0.00025,0.146,118.389,-3.202,0.00783,0.414,241226,0,goth
0.447,0.953,9,0,0.0516,4.61e-06,0.0363,138.263,-2.295,0.00525,0.821,212933,0,goth
0.441,0.889,1,0,0.0333,0.00398,0.084,92.584,-8.201,3.95e-05,0.74,222733,0,goth
0.366,0.852,8,0,0.0837,0.00383,0.105,112.959,-4.965,0.00398,0.156,283800,0,goth
0.532,0.882,4,0,0.0552,1.46e-06,0.417,159.41,-10.583,0.0166,0.757,241400,0,goth
0.453,0.831,5,0,0.0401,0.00321,0.0808,113.953,-7.03,0.00304,0.721,236400,0,goth
0.594,0.916,9,0,0.115,0.117,0.265,173.374,-5.966,0.00441,0.616,200480,0,goth
0.597,0.912,4,0,0.0474,0.193,0.0909,153.936,-6.983,0.00109,0.729,207880,0,goth
0.404,0.688,4,1,0.0516,5.23e-05,0.0671,71.684,-14.802,0.0892,0.515,184960,0,goth
0.32,0.806,8,1,0.0561,0.293,0.104,149.323,-5.038,6.77e-05,0.193,230586,0,goth
0.242,0.975,1,1,0.104,0.895,0.132,127.557,-8.067,1.95e-06,0.198,142266,0,death-metal
0.262,0.99,0,0,0.119,0.941,0.0561,124.247,-7.053,4.03e-05,0.213,191706,0,death-metal
0.601,0.846,5,0,0.0729,0.41,0.584,100.005,-5.862,0.0561,0.671,228053,0,breakbeat
0.635,0.957,9,1,0.121,0.0,0.263,124.012,-2.485,0.0364,0.754,226573,0,breakbeat
0.653,0.802,11,0,0.0437,0.00532,0.27,106.964,-4.963,0.0331,0.585,251293,0,breakbeat
0.662,0.83,3,0,0.394,5.55e-05,0.105,99.939,-2.467,0.167,0.525,271440,0,breakbeat
0.484,0.618,7,1,0.0541,0.00499,0.0941,142.093,-6.1,0.374,0.0412,254186,0,breakbeat
0.471,0.271,2,1,0.0283,0.0035,0.0967,90.803,-11.448,0.897,0.344,157600,0,rockabilly
0.77,0.911,2,0,0.0919,1.22e-05,0.187,105.946,-4.605,0.351,0.573,176626,0,breakbeat
0.622,0.348,4,1,0.0307,0.000212,0.064,102.527,-10.334,0.848,0.424,160866,0,rockabilly
0.306,0.961,5,0,0.178,0.118,0.0818,113.341,-7.48,2.97e-06,0.202,75746,0,grindcore
0.464,0.966,5,0,0.0828,0.00661,0.0535,92.596,-5.561,3.37e-05,0.453,230213,0,death-metal
0.425,0.979,7,1,0.0737,3.38e-06,0.0446,180.092,-2.55,0.000577,0.393,475186,0,goth
0.463,0.397,11,1,0.0287,0.0184,0.132,107.34,-12.057,0.916,0.3,171960,0,rockabilly
0.343,0.998,11,1,0.0714,0.727,0.443,150.08,-3.464,5.04e-06,0.0458,229946,0,death-metal
0.627,0.411,10,1,0.0307,0.045,0.115,108.778,-11.141,0.898,0.794,177466,0,bluegrass
0.387,0.966,2,1,0.096,0.0388,0.399,90.004,-3.091,0.000971,0.172,219973,0,death-metal
0.574,0.844,6,1,0.0337,0.0,0.333,133.141,-9.179,0.0275,0.754,200333,0,synth-pop
0.627,0.338,4,1,0.0304,0.0015,0.108,104.168,-13.848,0.58,0.799,203893,0,bluegrass
0.468,0.457,5,1,0.0241,0.0,0.142,84.557,-6.386,0.698,0.372,216946,0,soul
0.75,0.932,7,1,0.0718,0.0823,0.344,124.012,-5.68,0.00341,0.82,263320,0,afrobeat
0.189,0.995,11,1,0.262,0.848,0.115,130.542,-5.835,8.25e-06,0.0385,58573,0,grindcore
0.462,0.928,7,0,0.0975,2.44e-06,0.0991,92.968,-4.521,0.000163,0.352,224920,0,goth
0.61,0.234,0,1,0.0385,7.73e-05,0.129,138.705,-15.176,0.851,0.156,217706,0,club
0.286,0.929,11,0,0.091,0.00074,0.0946,99.762,-8.494,0.00231,0.127,238106,0,alternative
0.685,0.509,4,0,0.0314,0.0445,0.0801,108.738,-12.349,0.725,0.922,178960,0,bluegrass
0.495,0.226,6,1,0.0342,0.0,0.0992,113.953,-12.985,0.718,0.0845,174000,0,bluegrass
0.473,0.99,8,1,0.217,0.0391,0.0797,119.492,-3.537,4.54e-06,0.0371,212466,0,death-metal
0.577,0.708,4,0,0.0279,0.101,0.335,109.785,-5.841,0.688,0.78,140880,0,bluegrass
0.0892,0.206,10,0,0.0445,0.677,0.0794,178.682,-15.654,0.989,0.031,384293,0,opera
0.497,0.991,9,1,0.199,0.0534,0.286,154.983,-3.14,0.000242,0.284,221200,0,death-metal
0.621,0.859,7,1,0.04,0.00687,0.0593,112.001,-5.293,0.0157,0.579,252293,0,trip-hop
0.516,0.466,2,1,0.0288,1.01e-05,0.0936,125.18,-8.023,0.524,0.455,243400,0,bluegrass
0.638,0.449,6,0,0.556,0.0,0.34,114.985,-16.04,0.796,0.557,67840,0,comedy
0.78,0.808,11,0,0.0382,0.0,0.0958,128.505,-10.056,0.271,0.569,255373,0,comedy
0.509,0.948,8,1,0.079,0.00415,0.135,161.748,-3.432,3.76e-05,0.332,261426,0,industrial
0.132,0.97,7,1,0.102,0.869,0.243,83.561,-5.904,4.29e-06,0.0371,87893,0,grindcore
0.691,0.921,1,1,0.0403,0.0794,0.0514,116.001,-4.138,0.0753,0.597,252853,0,afrobeat
0.752,0.743,7,1,0.0331,0.000117,0.128,108.254,-6.083,0.0314,0.832,235826,0,synth-pop
0.321,0.986,0,1,0.23,0.439,0.276,129.857,-2.262,4.76e-05,0.251,311986,0,death-metal
0.22,0.99,9,1,0.31,0.0311,0.337,151.868,-3.346,0.000922,0.0919,271040,0,death-metal
0.509,0.886,9,0,0.0641,0.125,0.36,165.013,-4.5,0.000551,0.522,272227,0,happy
0.544,0.739,1,1,0.348,0.0,0.333,124.616,-5.146,0.03,0.667,240693,0,j-dance
0.656,0.829,2,1,0.198,0.0,0.248,167.692,-5.224,0.0873,0.711,266466,0,j-dance
0.683,0.783,4,0,0.313,0.0,0.299,92.932,-6.101,0.0667,0.72,208106,0,j-dance
0.799,0.67,10,0,0.0921,0.0,0.104,92.985,-6.492,0.394,0.872,239866,0,j-dance
0.651,0.767,7,1,0.293,0.0,0.106,61.987,-4.595,0.00908,0.491,239400,0,j-dance
0.763,0.966,1,1,0.0926,0.0,0.0962,93.675,-4.684,0.689,0.914,203853,0,j-dance
0.729,0.728,11,1,0.291,0.0,0.38,97.418,-7.819,0.0676,0.634,215266,0,j-dance
0.66,0.529,0,1,0.0289,0.0401,0.178,133.64,-9.178,0.543,0.802,143333,0,bluegrass
0.564,0.28,10,1,0.0328,0.0,0.0767,94.287,-8.211,0.78,0.383,206893,0,bluegrass
0.556,0.997,6,0,0.0597,0.0171,0.407,136.012,-6.951,9.32e-05,0.207,226320,0,industrial
0.598,0.816,11,1,0.034,0.00358,0.281,125.004,-6.347,0.594,0.886,197493,0,bluegrass
0.616,0.765,11,1,0.0352,0.0135,0.168,91.967,-5.932,0.608,0.796,137573,0,bluegrass
0.527,0.815,7,1,0.0612,0.00399,0.0982,175.075,-7.583,0.0104,0.961,213533,0,power-pop
0.803,0.83,8,1,0.0515,0.0,0.0604,154.025,-3.919,0.236,0.975,248533,0,dancehall
0.757,0.723,1,0,0.046,8.74e-06,0.0589,74.985,-3.783,0.13,0.399,266480,0,dancehall
0.666,0.974,10,0,0.209,2.27e-05,0.377,100.025,-3.502,0.0266,0.113,273693,0,industrial
0.287,0.963,1,1,0.11,0.56,0.363,100.586,-7.56,0.000112,0.22,368000,0,black-metal
0.724,0.517,10,0,0.0408,0.0717,0.0688,159.985,-11.07,0.117,0.926,329640,0,trip-hop
0.546,0.897,1,1,0.0786,0.00668,0.629,116.957,-5.875,1.31e-05,0.244,307840,0,black-metal
0.669,0.568,0,1,0.0348,0.0,0.151,123.786,-13.139,0.0801,0.766,239933,0,power-pop
0.349,0.978,9,1,0.234,0.129,0.405,172.866,-4.823,0.000342,0.153,228653,0,death-metal
0.199,0.942,5,1,0.0804,0.236,0.288,151.757,-5.304,1.36e-05,0.152,414866,0,black-metal
0.587,0.599,9,1,0.0295,4.95e-05,0.107,123.725,-13.288,0.0389,0.867,264893,0,power-pop
0.509,0.604,7,1,0.0332,0.000589,0.0933,128.039,-8.47,0.0161,0.322,409960,0,goth
0.229,0.695,9,1,0.053,0.96,0.101,138.164,-7.783,0.0377,0.0394,173000,0,grindcore
0.214,0.865,8,1,0.0654,0.458,0.0985,83.908,-7.463,4e-05,0.264,271960,0,grindcore
0.325,0.976,4,1,0.108,0.479,0.258,92.175,-6.707,0.0172,0.29,78666,0,grindcore
0.285,0.989,7,1,0.12,0.787,0.39,112.138,-7.326,0.24,0.039,234173,0,grindcore
0.219,0.894,1,1,0.0696,0.238,0.358,104.766,-8.143,3.19e-06,0.171,182266,0,grindcore
0.13,0.872,1,1,0.0838,0.0254,0.0714,86.598,-8.325,3.99e-06,0.202,169706,0,grindcore
0.238,0.956,8,1,0.123,0.22,0.0653,104.814,-5.126,4.71e-06,0.179,141517,0,grindcore
0.364,0.977,4,1,0.0908,0.0,0.413,148.944,-7.351,0.313,0.385,197373,0,power-pop
0.543,0.983,2,0,0.066,0.00149,0.332,109.992,-4.27,0.00124,0.27,332893,0,opera
0.393,0.975,11,1,0.0423,0.0174,0.614,152.543,-5.274,3.13e-05,0.392,286320,0,black-metal
0.12,0.906,0,0,0.0793,0.865,0.169,148.948,-4.106,4.49e-06,0.134,235026,0,death-metal
0.597,0.755,7,0,0.0365,8.58e-06,0.0884,139.004,-6.672,0.415,0.755,196293,0,goth
0.492,0.836,0,1,0.0352,0.148,0.272,130.003,-4.777,0.000221,0.553,164986,0,death-metal
0.638,0.733,0,1,0.0279,0.0,0.13,133.834,-9.529,0.0853,0.634,241920,0,synth-pop
0.399,0.832,7,0,0.0524,0.661,0.107,119.897,-4.961,7.52e-05,0.207,263058,0,death-metal
0.537,0.689,7,1,0.0296,0.0,0.562,96.355,-4.663,0.0647,0.651,184520,0,bluegrass
0.376,0.68,7,1,0.0292,0.00222,0.088,153.753,-5.775,0.543,0.428,222626,0,bluegrass
0.442,0.302,9,1,0.0298,6.82e-06,0.861,141.615,-12.33,0.85,0.39,384186,0,bluegrass
0.486,0.611,9,1,0.0396,0.0,0.366,129.825,-5.39,0.267,0.902,125346,0,bluegrass
0.503,0.0205,7,0,0.285,0.0,0.0961,76.482,-28.123,0.845,0.0394,167533,0,show-tunes
0.591,0.941,10,0,0.0419,0.804,0.407,137.97,-9.998,7.31e-05,0.74,390606,0,industrial
0.665,0.5,2,1,0.0256,5.61e-05,0.156,113.485,-5.951,0.633,0.348,244933,0,power-pop
0.863,0.683,0,1,0.164,0.0,0.0924,132.006,-5.935,0.168,0.746,275986,0,j-dance
0.309,0.557,5,1,0.0275,2.62e-06,0.0583,174.372,-7.049,0.119,0.205,423360,0,power-pop
0.221,0.831,0,1,0.0545,0.00017,0.309,120.86,-4.058,0.164,0.269,206506,0,goth
0.548,0.504,6,0,0.0567,0.0,0.145,188.67,-7.907,0.136,0.6,337306,0,j-dance
0.516,0.657,3,1,0.0263,0.0,0.101,95.842,-5.631,0.751,0.285,175626,0,goth
0.75,0.562,11,0,0.0563,0.0,0.796,135.521,-7.692,0.191,0.382,309866,0,j-dance
0.689,0.845,3,1,0.0284,0.000915,0.114,111.482,-4.893,0.0973,0.853,222626,0,power-pop
0.636,0.457,5,1,0.0281,0.0,0.0934,108.842,-9.203,0.0153,0.283,332200,0,power-pop
0.635,0.71,0,1,0.0322,6.25e-05,0.34,115.046,-10.445,0.0928,0.847,348533,0,power-pop
0.359,0.959,6,0,0.0875,0.705,0.411,116.017,-10.349,5.1e-06,0.0915,53800,0,grindcore
0.272,0.987,6,0,0.126,0.934,0.175,140.142,-9.284,2.1e-05,0.0461,70586,0,grindcore
0.227,0.936,10,0,0.107,0.947,0.174,101.864,-5.96,1.68e-06,0.0381,74533,0,grindcore
0.0921,0.924,11,0,0.0902,0.903,0.0407,199.048,-6.926,3.76e-06,0.0501,136346,0,grindcore
0.281,0.835,11,1,0.0766,0.949,0.0724,109.191,-6.019,9.25e-06,0.184,35413,0,grindcore
0.37,0.964,7,1,0.0847,0.893,0.3,104.993,-10.143,2.37e-05,0.0393,41000,0,grindcore
0.386,0.973,7,1,0.0805,0.855,0.151,110.23,-11.214,5.3e-05,0.0762,75000,0,grindcore
0.298,0.984,2,1,0.0702,0.263,0.235,141.269,-9.617,0.000749,0.0322,48333,0,grindcore
0.238,0.967,10,0,0.116,0.935,0.118,105.991,-6.173,2.93e-06,0.0694,48133,0,grindcore
0.238,0.898,10,0,0.0817,0.862,0.165,186.218,-5.789,1.12e-05,0.364,327560,0,black-metal
0.55,0.981,11,0,0.0531,0.558,0.115,131.962,-5.632,0.123,0.587,239786,0,industrial
0.586,0.865,9,0,0.0588,0.000464,0.0919,120.0,-5.987,0.361,0.148,369800,0,industrial
0.57,0.926,0,1,0.0428,0.0228,0.129,144.929,-5.929,0.00245,0.537,253400,0,industrial
0.533,0.922,9,0,0.105,0.0,0.535,140.036,-4.183,0.227,0.372,285320,0,industrial
0.549,0.874,2,1,0.064,0.0,0.107,128.682,-6.181,0.0299,0.478,279546,0,synth-pop
0.702,0.83,9,0,0.0419,0.000101,0.0908,100.026,-4.756,0.128,0.665,284493,0,industrial
0.583,0.965,5,0,0.0777,0.028,0.144,139.984,-4.185,0.0263,0.473,301640,0,industrial
0.292,0.256,0,1,0.0391,0.877,0.274,146.414,-16.462,0.904,0.461,150666,0,new-age
0.41,0.254,5,1,0.0284,0.0,0.126,131.556,-12.033,0.484,0.289,228053,0,new-age
0.357,0.273,0,1,0.0426,0.758,0.25,145.498,-16.756,0.945,0.196,183200,0,new-age
0.5,0.245,0,1,0.0303,0.583,0.113,139.616,-14.551,0.945,0.178,225560,0,new-age
0.68,0.152,8,1,0.19,0.0,0.176,138.624,-10.945,0.885,0.529,108186,0,bluegrass
0.669,0.198,9,1,0.0305,0.0,0.108,109.523,-13.89,0.852,0.377,206093,0,bluegrass
0.514,0.995,2,1,0.107,0.213,0.356,125.992,-5.452,1.26e-05,0.162,173000,0,industrial
0.662,0.249,7,1,0.0319,0.0,0.196,127.722,-13.972,0.488,0.589,159546,0,honky-tonk
0.604,0.596,0,1,0.0251,6.11e-06,0.352,130.683,-7.705,4.48e-05,0.366,184040,0,goth
0.914,0.775,11,0,0.201,0.0,0.0327,112.338,-4.75,0.0532,0.544,337840,0,trip-hop
0.335,0.904,1,1,0.22,0.142,0.282,111.285,-6.146,2.57e-05,0.194,150013,0,grindcore
0.449,0.993,9,0,0.0925,0.00643,0.144,100.026,-5.927,1.49e-05,0.468,206413,0,death-metal
0.318,0.985,2,1,0.0943,0.308,0.135,102.807,-6.849,2.36e-06,0.316,279106,0,death-metal
0.225,0.975,1,0,0.15,0.831,0.262,122.181,-6.265,1.45e-06,0.21,85786,0,grindcore
0.544,0.73,2,1,0.0288,0.00674,0.0908,128.775,-6.181,0.131,0.622,232760,0,bluegrass
0.658,0.865,2,1,0.0279,8.52e-05,0.0566,89.995,-4.241,0.32,0.903,196466,0,rockabilly
0.458,0.859,7,0,0.0337,0.00683,0.208,82.244,-4.86,0.453,0.883,161506,0,garage
0.496,0.683,10,1,0.0297,0.0255,0.214,130.017,-4.345,0.00056,0.357,279200,0,heavy-metal
0.563,0.396,4,1,0.0298,0.0,0.781,96.497,-11.916,0.854,0.782,119866,0,honky-tonk
0.619,0.615,4,0,0.0391,0.0222,0.055,119.935,-17.641,0.0511,0.545,247840,0,industrial
0.586,0.906,0,1,0.0564,0.019,0.0958,122.133,-8.235,0.000837,0.748,258146,0,blues
0.242,0.959,11,1,0.0925,9.55e-05,0.301,103.797,-4.055,0.000286,0.432,137106,0,power-pop
0.069,0.951,4,1,0.11,0.906,0.282,78.763,-2.357,4.05e-05,0.0323,382826,0,black-metal
0.469,0.958,2,0,0.0593,0.00106,0.245,83.997,-5.408,0.00609,0.403,196853,0,black-metal
0.704,0.63,2,0,0.0408,7.78e-06,0.129,90.309,-12.876,0.473,0.721,240133,0,trip-hop
0.433,0.917,2,1,0.0606,0.0,0.331,153.158,-5.707,0.0279,0.672,138933,0,power-pop
0.591,0.816,2,1,0.0377,0.694,0.076,123.997,-12.748,0.00118,0.525,291373,0,goth
0.49,0.996,9,0,0.0729,0.000601,0.0432,108.988,-3.529,0.000427,0.0701,260413,0,black-metal
0.461,0.975,8,0,0.0444,0.643,0.104,162.032,-4.471,9.17e-05,0.733,272573,0,industrial
0.381,0.981,4,0,0.175,0.0,0.337,152.886,-2.458,0.000851,0.463,217120,0,death-metal
0.225,0.929,2,0,0.172,0.945,0.148,117.079,-4.92,7.1e-05,0.0574,229453,0,black-metal
0.505,0.525,11,0,0.0369,1.09e-05,0.135,179.874,-8.732,0.623,0.745,287506,0,bluegrass
0.234,0.984,11,0,0.0809,0.233,0.381,136.523,-1.456,4.59e-05,0.135,286853,0,black-metal
0.115,0.415,3,1,0.0375,0.00662,0.139,73.202,-8.003,0.978,0.0999,239133,0,opera
0.556,0.959,9,1,0.0422,0.0,0.168,97.589,-4.117,0.0126,0.713,183800,0,power-pop
0.493,0.685,11,1,0.0343,0.861,0.124,120.061,-9.503,0.00548,0.0916,289800,0,trip-hop
0.288,0.84,0,1,0.0341,0.0,0.113,184.58,-3.404,0.00154,0.672,134920,0,power-pop
0.166,0.938,0,1,0.121,0.662,0.112,130.559,-9.289,1.35e-05,0.0381,241093,0,black-metal
0.292,0.95,0,1,0.0803,0.00422,0.297,143.115,-4.651,0.00314,0.33,188746,0,power-pop
0.221,0.996,6,0,0.125,0.941,0.178,97.346,-1.457,1.01e-06,0.146,105560,0,grindcore
0.576,0.686,5,1,0.046,0.000702,0.166,94.562,-4.811,0.000996,0.556,228600,0,grunge
0.254,0.967,9,0,0.109,0.892,0.0621,117.84,-5.3,1.29e-05,0.688,93933,0,power-pop
0.19,0.822,1,1,0.148,0.761,0.153,77.928,-12.577,3.23e-05,0.848,56612,0,grindcore
0.62,0.998,6,1,0.167,0.0,0.138,112.99,-1.884,0.00274,0.0385,206813,0,industrial
0.618,0.274,7,1,0.0311,2.42e-05,0.108,128.884,-11.782,0.922,0.439,161400,0,honky-tonk
0.322,0.906,0,0,0.121,0.604,0.336,110.498,-8.75,4.29e-06,0.152,252720,0,black-metal
0.447,0.315,10,1,0.036,0.0105,0.896,129.551,-15.271,0.656,0.72,275066,0,bluegrass
0.554,0.268,0,1,0.0315,0.0,0.319,117.437,-10.739,0.976,0.406,133306,0,honky-tonk
0.711,0.714,8,0,0.0461,0.053,0.104,109.985,-8.533,0.141,0.71,287040,0,trip-hop
0.554,0.967,1,1,0.144,0.0104,0.086,165.175,-2.745,0.00162,0.507,236826,0,industrial
0.272,0.909,2,1,0.0558,0.0536,0.368,192.527,-11.323,0.0677,0.226,463693,0,power-pop
0.383,0.974,10,1,0.222,0.0107,0.278,122.119,-4.094,4.31e-05,0.121,226253,0,industrial
0.326,0.978,11,0,0.124,1.71e-06,0.0634,174.805,-5.098,3.86e-06,0.288,235053,0,goth
0.288,0.731,2,1,0.0484,0.86,0.439,124.586,-9.902,0.00278,0.211,536680,0,goth
0.465,0.895,0,1,0.0528,0.38,0.539,72.979,-4.787,0.0393,0.199,264880,0,black-metal
0.811,0.575,0,1,0.0294,4.29e-06,0.0944,126.567,-8.347,0.0541,0.626,206640,0,power-pop
0.394,0.993,4,0,0.181,0.00733,0.566,179.975,-1.827,0.00228,0.449,202600,0,goth
0.365,0.973,10,1,0.242,1.73e-06,0.0969,165.225,-6.117,3.23e-05,0.301,126573,0,black-metal
0.507,0.951,9,1,0.0627,0.0,0.0545,161.384,-5.238,0.00371,0.512,125266,0,power-pop
0.463,0.977,0,1,0.0779,0.0,0.303,96.275,-3.869,0.00067,0.683,148561,0,power-pop
0.612,0.906,6,1,0.082,0.0395,0.201,113.971,-5.568,0.0153,0.575,255066,0,drum-and-bass
0.304,0.716,2,1,0.0614,3.32e-06,0.149,149.66,-12.114,0.0421,0.406,182626,0,heavy-metal
0.655,0.393,7,0,0.0461,0.0,0.101,130.703,-13.969,0.0999,0.382,236933,0,rockabilly
0.711,0.378,11,1,0.13,0.0,0.446,82.356,-14.245,0.845,0.539,146866,0,honky-tonk
0.322,0.836,10,0,0.127,0.178,0.365,93.558,-4.771,0.000242,0.385,202506,0,death-metal
0.743,0.455,2,1,0.0369,0.0,0.26,113.381,-10.84,0.727,0.964,152586,0,honky-tonk
0.244,0.942,6,0,0.184,0.647,0.267,97.498,-4.074,4.24e-05,0.195,168680,0,grindcore
0.176,0.905,9,1,0.0815,0.574,0.326,120.535,-4.609,2.64e-06,0.0739,152133,0,black-metal
0.357,0.847,10,1,0.0769,0.962,0.191,125.101,-10.278,3.21e-06,0.215,86800,0,grindcore
0.724,0.993,10,0,0.0593,0.665,0.357,103.982,-11.822,0.0587,0.165,305066,0,industrial
0.553,0.669,7,1,0.0282,0.0885,0.168,80.995,-9.018,0.0528,0.277,213520,0,trip-hop
0.339,0.983,2,1,0.12,0.498,0.0644,140.144,-5.027,1.19e-05,0.0652,145032,0,grindcore
0.614,0.192,2,1,0.0308,0.0,0.605,124.258,-12.976,0.883,0.406,115826,0,honky-tonk
0.229,0.931,10,0,0.0931,0.734,0.607,141.764,-12.358,0.000462,0.589,76252,0,grindcore
0.203,0.99,10,1,0.125,0.826,0.233,117.848,-4.039,4.46e-06,0.241,249360,0,grindcore
0.378,0.548,10,1,0.0335,0.0309,0.123,131.407,-9.467,0.00413,0.154,428093,0,black-metal
0.663,0.796,11,1,0.0384,7.54e-05,0.112,123.951,-5.922,0.038,0.758,248066,0,power-pop
0.523,0.301,7,1,0.0336,0.0,0.445,84.042,-12.924,0.883,0.611,102760,0,honky-tonk
0.603,0.554,9,1,0.0316,5.83e-06,0.139,92.621,-12.287,0.7,0.897,167680,0,honky-tonk
0.507,0.336,4,1,0.0632,0.0,0.344,172.878,-12.555,0.926,0.774,142600,0,honky-tonk
0.681,0.377,0,1,0.0344,0.0,0.148,130.497,-10.01,0.676,0.766,125866,0,honky-tonk
0.0811,0.987,5,1,0.179,0.0116,0.107,175.251,-3.064,3.58e-06,0.0393,431506,0,grindcore
0.38,0.379,9,1,0.0346,0.0164,0.0908,120.89,-12.742,0.807,0.399,274520,0,blues
0.4,0.872,1,1,0.0434,1.15e-06,0.373,175.666,-5.666,0.000119,0.924,110733,0,grunge
0.295,0.205,2,1,0.0289,0.0,0.0653,93.288,-8.163,0.627,0.408,151120,0,club
0.1,0.925,9,0,0.0818,0.708,0.0485,85.405,-7.157,9.72e-06,0.035,142986,0,black-metal
0.716,0.375,5,1,0.0407,0.0,0.154,101.596,-9.549,0.834,0.477,145240,0,bluegrass
0.252,0.847,1,0,0.0797,0.736,0.145,134.191,-11.518,1.44e-06,0.46,345066,0,death-metal
0.131,0.855,7,1,0.0813,0.87,0.189,77.623,-11.139,1.9e-06,0.279,313533,0,grindcore
0.563,0.613,4,0,0.0307,0.00263,0.271,146.969,-6.663,0.195,0.788,212626,0,bluegrass
0.883,0.923,0,1,0.0757,0.0396,0.0407,108.189,-6.102,0.145,0.896,243493,0,disco
0.253,0.846,1,0,0.0788,0.899,0.194,102.896,-11.594,2.42e-06,0.359,190506,0,grindcore
0.403,0.6,9,1,0.11,0.0,0.349,78.084,-9.199,0.596,0.832,232946,0,rockabilly
0.559,0.298,2,1,0.0305,2.3e-05,0.232,107.293,-14.966,0.974,0.529,128666,0,honky-tonk
0.305,0.927,7,1,0.097,3.75e-05,0.349,160.483,-6.162,0.000762,0.854,109693,0,power-pop
0.456,0.947,2,1,0.0613,0.166,0.364,115.043,-2.983,1.11e-05,0.286,256413,0,black-metal
0.601,0.841,1,1,0.316,0.0,0.174,99.369,-4.827,0.245,0.772,177200,0,j-dance
0.158,0.996,9,1,0.116,0.000951,0.12,133.354,-4.463,1.85e-06,0.0397,529506,0,black-metal
0.535,0.292,7,1,0.114,0.0943,0.21,68.768,-11.86,0.933,0.471,84160,0,honky-tonk
0.731,0.797,1,1,0.315,0.0,0.306,92.014,-5.983,0.000608,0.605,202360,0,j-dance
0.183,0.887,1,1,0.058,0.893,0.356,157.824,-5.99,2.99e-06,0.15,289346,0,black-metal
0.275,0.949,9,1,0.0953,0.013,0.304,75.841,-7.404,0.00139,0.421,534933,0,death-metal
0.405,0.359,8,0,0.0413,1.47e-06,0.0711,142.568,-18.555,0.717,0.388,167933,0,trip-hop
0.471,0.917,3,1,0.0521,0.0,0.213,111.959,-3.283,0.013,0.938,101120,0,power-pop
0.332,0.889,2,1,0.0509,4.73e-06,0.978,138.826,-5.589,0.173,0.87,199733,0,power-pop
0.255,0.978,10,0,0.116,0.376,0.161,128.999,-5.401,0.00129,0.036,254493,0,black-metal
0.425,0.862,6,1,0.0486,0.000338,0.617,150.0,-5.183,0.000844,0.501,293973,0,heavy-metal
0.716,0.86,1,1,0.0738,8.35e-06,0.356,109.0,-5.512,0.513,0.94,175124,0,rockabilly
0.558,0.823,9,1,0.0283,0.763,0.108,116.01,-6.645,0.00163,0.652,326760,0,industrial
0.215,0.949,1,1,0.102,0.859,0.2,126.923,-5.764,1.28e-06,0.41,52000,0,grindcore
0.28,0.92,2,1,0.154,9.31e-06,0.336,98.473,-4.788,6.62e-05,0.146,172066,0,grindcore
0.343,0.772,10,1,0.0528,0.867,0.227,63.076,-10.021,4.23e-05,0.302,83466,0,grindcore
0.408,0.933,0,0,0.0398,0.0,0.124,136.037,-2.828,9.38e-05,0.51,163933,0,grunge
0.398,0.356,2,1,0.0306,2.22e-05,0.214,164.013,-11.305,0.989,0.775,123760,0,honky-tonk
0.193,0.977,4,1,0.177,0.179,0.322,153.672,-4.159,0.00412,0.0458,118186,0,grindcore
0.582,0.705,3,1,0.0539,1.38e-06,0.797,128.89,-8.169,0.29,0.64,181360,0,soul
0.47,0.883,11,1,0.0361,0.841,0.128,121.956,-9.469,0.00778,0.889,289666,0,synth-pop
0.575,0.991,11,0,0.0462,0.436,0.0983,100.095,-2.721,0.000226,0.587,229533,0,industrial
0.194,0.943,0,1,0.0763,0.932,0.346,175.21,-2.965,1.41e-05,0.0989,333760,0,death-metal
0.453,0.991,9,1,0.125,0.19,0.28,100.125,-4.071,3.98e-06,0.361,156906,0,death-metal
0.553,0.94,7,1,0.0752,0.0,0.296,97.028,-3.79,0.000529,0.844,147493,0,power-pop
0.582,0.167,11,0,0.0309,0.00148,0.0979,129.995,-20.482,0.744,0.266,265846,0,malay
0.706,0.308,8,1,0.0343,0.0,0.254,114.974,-7.35,0.6,0.62,151826,0,club
0.102,0.971,11,0,0.12,0.918,0.399,85.211,-2.82,1.76e-05,0.0566,192600,0,grindcore
0.385,0.832,11,0,0.149,0.0151,0.934,119.357,-11.569,0.000175,0.343,215626,0,heavy-metal
0.633,0.77,7,1,0.0709,0.0173,0.355,118.117,-11.798,0.0096,0.207,336133,0,industrial
0.397,0.408,9,1,0.0732,0.0,0.103,73.322,-9.955,0.635,0.519,204040,0,comedy
0.103,0.819,0,1,0.0462,0.0732,0.0836,51.833,-2.807,7.26e-06,0.402,195786,0,industrial
0.333,0.929,4,0,0.0649,0.00958,0.0847,93.646,-6.777,0.000847,0.625,114093,0,power-pop
0.372,0.613,9,0,0.0624,0.964,0.333,125.263,-10.627,2.79e-06,0.419,78733,0,grindcore
0.675,0.698,5,1,0.0411,1.31e-05,0.338,132.19,-10.963,0.163,0.872,250800,0,synth-pop
0.468,0.331,2,1,0.0363,0.0,0.091,168.805,-12.49,0.228,0.677,243093,0,power-pop
0.368,0.988,7,1,0.217,0.000293,0.142,150.145,-3.64,0.000354,0.153,282813,0,heavy-metal
0.406,0.977,2,1,0.0809,0.0497,0.953,125.004,-10.303,0.00794,0.0594,384946,0,black-metal
0.306,0.826,2,1,0.0642,0.96,0.0697,102.706,-9.074,1.67e-06,0.431,83906,0,grindcore
0.45,0.916,3,1,0.0436,0.0265,0.225,117.784,-5.411,5.73e-05,0.463,234293,0,goth
0.586,0.987,4,0,0.206,0.19,0.116,119.872,-2.826,2.06e-05,0.19,125493,0,death-metal
0.694,0.844,9,0,0.435,0.0,0.107,107.145,-4.586,0.296,0.701,173413,0,j-dance
0.696,0.988,1,1,0.144,7.06e-05,0.33,101.991,-3.645,0.0021,0.5,228133,0,industrial
0.491,0.83,7,0,0.0333,0.00164,0.346,131.984,-7.421,0.00518,0.379,226320,0,industrial
0.241,0.954,1,1,0.243,0.194,0.246,125.936,-5.881,2.55e-06,0.233,45973,0,grindcore
0.577,0.987,10,0,0.0742,6.02e-05,0.0712,141.964,-3.954,0.000158,0.448,213933,0,industrial
0.376,0.701,7,1,0.0364,0.0006,0.12,168.903,-7.556,0.0912,0.492,219906,0,power-pop
0.407,0.598,9,1,0.0323,0.000116,0.36,130.778,-6.552,2.76e-05,0.606,207133,0,goth
0.297,0.817,9,0,0.121,0.297,0.18,125.225,-10.017,0.00062,0.0744,113346,0,grindcore
0.612,0.967,7,1,0.0778,0.396,0.0624,113.895,-5.059,0.00109,0.302,254905,0,goth
0.258,0.97,6,1,0.196,0.883,0.251,94.51,-5.546,0.000324,0.432,71933,0,grindcore
0.447,0.25,6,1,0.0324,0.000928,0.307,132.187,-11.624,0.734,0.115,258493,0,bluegrass
0.674,0.823,11,0,0.0406,0.193,0.0772,133.019,-9.032,0.0106,0.674,366253,0,industrial
0.593,0.569,11,1,0.106,5.09e-05,0.124,76.77,-14.61,0.33,0.703,200173,0,rockabilly
0.66,0.452,7,1,0.03,0.81,0.105,109.691,-18.52,0.464,0.637,311106,0,breakbeat
0.252,0.998,6,0,0.165,0.0168,0.278,101.434,-5.107,1.15e-05,0.0373,164573,0,grindcore
0.577,0.712,7,1,0.05,0.0,0.107,89.38,-7.401,0.572,0.964,128306,0,honky-tonk
0.419,0.981,1,1,0.138,0.00367,0.287,93.034,-4.116,8.33e-05,0.0831,213333,0,death-metal
0.468,0.675,2,0,0.0338,0.000247,0.539,113.963,-6.201,0.00551,0.168,366826,0,goth
0.341,0.976,2,1,0.0716,0.0125,0.141,105.38,-5.634,4.35e-06,0.399,104493,0,black-metal
0.154,0.726,7,1,0.0891,0.938,0.384,86.424,-8.868,8.06e-05,0.0631,226400,0,black-metal
0.452,0.883,2,1,0.0488,0.668,0.0605,140.145,-5.871,1.53e-05,0.39,351333,0,black-metal
0.0901,0.99,0,1,0.199,0.000185,0.337,174.168,-2.523,1.84e-06,0.0745,240786,0,grindcore
0.454,0.796,3,1,0.0311,0.00253,0.178,113.292,-7.999,0.000154,0.909,226600,0,power-pop
0.361,0.974,6,0,0.122,0.928,0.0971,140.055,-5.733,1.04e-06,0.0524,353880,0,black-metal
0.129,0.955,2,1,0.136,0.923,0.167,98.798,-5.072,5.84e-05,0.0341,279533,0,black-metal
0.4,0.962,8,1,0.178,0.00213,0.0687,126.804,-4.009,8.76e-05,0.111,241080,0,industrial
0.702,0.668,0,1,0.0302,0.000939,0.15,137.673,-12.467,0.294,0.927,214480,0,power-pop
0.534,0.983,0,0,0.058,0.0295,0.487,140.545,-9.253,0.00775,0.195,157666,0,happy
0.575,0.742,8,1,0.0599,0.868,0.0841,92.082,-8.164,0.000899,0.237,191346,0,goth
0.567,0.815,10,1,0.0286,0.104,0.0867,97.937,-4.668,0.000277,0.378,200000,0,alt-rock
0.589,0.396,7,1,0.0372,0.0288,0.103,99.974,-10.26,0.0554,0.197,290560,0,industrial
0.924,0.595,3,0,0.0583,0.573,0.0873,125.114,-3.862,0.0103,0.955,267560,0,trip-hop
0.433,0.573,2,1,0.0285,8.35e-06,0.369,119.728,-8.451,0.00562,0.363,203933,0,power-pop
0.428,0.411,7,1,0.0267,0.00133,0.146,77.18,-11.058,0.191,0.5,170240,0,power-pop
0.286,0.977,3,0,0.115,0.924,0.366,112.144,-9.339,4.3e-05,0.0895,109133,0,grindcore
0.303,0.971,6,1,0.0852,0.594,0.354,179.972,-3.826,2.55e-06,0.14,254506,0,black-metal
0.619,0.32,7,1,0.0264,0.00265,0.105,108.839,-12.581,0.729,0.233,250120,0,bluegrass
0.44,0.523,6,0,0.0479,2.29e-05,0.0865,64.099,-7.483,0.863,0.686,165360,0,honky-tonk
0.527,0.981,9,0,0.223,0.0151,0.307,119.915,-3.785,2.71e-05,0.123,178640,0,death-metal
0.193,0.977,2,1,0.14,0.878,0.359,105.324,-4.776,1.79e-06,0.0358,70921,0,grindcore
0.236,0.0125,2,1,0.0395,0.0185,0.205,80.013,-30.232,0.974,0.148,163266,0,disney
0.494,0.85,11,1,0.0367,0.73,0.373,106.985,-5.157,1.08e-05,0.412,190773,0,industrial
0.532,0.968,9,0,0.0413,0.00309,0.333,146.039,-5.176,0.00336,0.454,230493,0,happy
0.471,0.528,11,1,0.0273,0.0,0.0632,77.462,-8.41,0.206,0.226,388773,0,synth-pop
0.589,0.985,11,0,0.0316,0.834,0.579,132.001,-5.225,0.000703,0.781,318040,0,industrial
0.502,0.837,7,1,0.032,3.11e-06,0.183,145.139,-4.582,0.000239,0.705,158346,0,power-pop
0.351,0.857,8,1,0.0379,2.68e-05,0.0857,141.986,-5.539,4.36e-05,0.382,223200,0,industrial
0.53,0.992,5,1,0.0566,0.395,0.341,141.995,-4.755,0.000437,0.578,336200,0,industrial
0.232,0.962,8,1,0.0965,0.00019,0.343,165.59,-4.126,4.16e-06,0.339,159066,0,grindcore
0.365,0.417,5,0,0.0259,0.0,0.17,79.944,-8.091,0.47,0.192,231866,0,opera
0.381,0.947,2,1,0.0563,0.54,0.0905,137.118,-6.007,0.000211,0.258,299800,0,black-metal
0.223,0.907,7,0,0.0657,0.676,0.0613,101.825,-8.502,5.47e-06,0.268,211213,0,grindcore
0.254,0.986,1,1,0.182,3.18e-06,0.221,115.211,-2.791,8.52e-06,0.339,227877,0,industrial
0.342,0.929,11,1,0.0553,0.000108,0.212,171.717,-6.074,0.000453,0.783,259600,0,power-pop
0.689,0.539,2,1,0.0382,0.701,0.103,139.967,-11.424,0.0421,0.142,478866,0,breakbeat
0.454,0.987,8,1,0.11,0.663,0.284,129.969,-4.147,6.12e-06,0.0619,190613,0,death-metal
0.53,0.729,9,1,0.0334,0.000176,0.179,150.703,-7.003,0.234,0.822,205600,0,synth-pop
0.761,0.382,1,1,0.035,0.00676,0.0562,116.887,-8.703,0.0279,0.966,480146,0,afrobeat
0.226,0.969,7,0,0.0613,0.928,0.148,144.591,-13.505,5.42e-06,0.121,86502,0,grindcore
0.768,0.502,5,1,0.0557,0.0,0.266,83.99,-7.98,0.362,0.963,230253,0,j-dance
0.25,0.982,0,1,0.131,0.00107,0.384,195.276,-3.862,0.00032,0.561,99773,0,power-pop
0.431,0.995,7,0,0.17,0.000848,0.335,80.172,-0.607,0.00104,0.199,193200,0,metalcore
0.551,0.259,0,1,0.0326,0.0585,0.177,85.436,-12.877,0.785,0.426,173733,0,honky-tonk
0.461,0.327,4,1,0.0333,0.0,0.587,80.683,-11.522,0.939,0.81,96733,0,honky-tonk
0.201,0.672,9,1,0.0446,0.00818,0.132,184.171,-14.963,0.00193,0.554,188600,0,power-pop
0.237,0.87,10,0,0.0646,0.852,0.368,187.706,-8.804,2.97e-06,0.3,64280,0,grindcore
0.371,0.554,1,1,0.0341,0.00508,0.106,142.937,-10.091,0.195,0.595,114480,0,club
0.479,0.871,2,1,0.0404,0.861,0.318,149.845,-12.008,0.000165,0.451,408986,0,industrial
0.507,0.295,7,1,0.035,2.48e-06,0.317,122.081,-13.644,0.466,0.669,159280,0,honky-tonk
0.414,0.675,11,0,0.0531,0.0631,0.121,105.869,-9.715,0.0175,0.581,283026,0,power-pop
0.528,0.963,2,1,0.0568,0.000136,0.46,107.921,-1.465,0.000227,0.574,161640,0,rockabilly
0.618,0.295,9,0,0.031,6.26e-06,0.138,126.026,-8.871,0.861,0.129,115826,0,club
0.325,0.641,3,1,0.0355,0.922,0.275,141.442,-6.999,3.06e-06,0.361,355600,0,industrial
0.449,0.95,0,1,0.0794,0.00317,0.564,162.001,-11.134,0.0083,0.113,194333,0,happy
0.371,0.354,9,0,0.0319,0.704,0.108,104.8,-12.946,0.645,0.0924,194893,0,bluegrass
0.769,0.676,5,1,0.0422,0.0,0.28,120.063,-5.509,0.0358,0.755,163800,0,rockabilly
0.406,0.813,4,0,0.0467,0.186,0.175,130.457,-10.632,0.0687,0.816,209908,0,bluegrass
0.311,0.985,0,0,0.17,0.655,0.283,139.666,-4.348,2.02e-05,0.266,157186,0,grindcore
0.459,0.83,11,0,0.0289,0.156,0.129,139.981,-5.397,0.000134,0.534,315106,0,industrial
0.277,0.938,0,1,0.0704,0.00565,0.129,97.975,-7.986,0.0855,0.193,206773,0,industrial
0.46,0.851,0,1,0.05,0.629,0.0953,139.386,-5.974,8.62e-05,0.377,238906,0,industrial
0.194,0.915,1,0,0.142,0.936,0.175,159.232,-7.519,2.14e-06,0.0686,352266,0,grindcore
0.679,0.833,7,1,0.0729,0.00186,0.0724,95.001,-7.499,0.00716,0.574,312426,0,industrial
0.491,0.328,5,1,0.037,6.13e-05,0.427,104.534,-14.176,0.894,0.52,171080,0,honky-tonk
0.713,0.869,0,1,0.0305,3.14e-06,0.398,127.982,-5.203,0.00373,0.377,154000,0,power-pop
0.53,0.567,7,1,0.046,3.46e-06,0.554,117.606,-8.666,0.668,0.673,278800,0,bluegrass
0.26,0.968,8,1,0.197,0.531,0.0801,136.935,-4.962,5.26e-06,0.179,79000,0,grindcore
0.578,0.959,0,1,0.0543,0.000159,0.691,107.99,-5.56,0.000834,0.424,208800,0,industrial
0.446,0.88,0,1,0.0607,0.0132,0.134,134.902,-6.519,0.00102,0.34,332480,0,goth
0.239,0.954,9,1,0.241,2.47e-06,0.319,83.416,-4.405,0.00043,0.254,115026,0,metalcore
0.365,0.897,9,1,0.0505,0.000218,0.124,98.966,-6.34,0.00188,0.81,145253,0,power-pop
0.56,0.928,1,1,0.0391,0.73,0.193,115.896,-2.938,3.17e-05,0.317,267040,0,industrial
0.554,0.98,6,0,0.0478,6.8e-05,0.158,125.878,-2.332,3.92e-06,0.79,183533,0,power-pop
0.268,0.968,4,1,0.102,0.779,0.37,107.06,-11.194,0.00435,0.402,56200,0,grindcore
0.136,0.996,3,1,0.17,0.866,0.297,143.808,-6.141,3.13e-05,0.059,68625,0,grindcore
0.493,0.62,7,1,0.0269,0.0,0.159,150.978,-6.324,0.253,0.553,198040,0,honky-tonk
0.683,0.271,2,1,0.0359,0.0,0.371,132.761,-12.077,0.919,0.608,180893,0,honky-tonk
0.457,0.561,0,1,0.0338,0.45,0.119,137.019,-9.73,0.596,0.0346,423346,0,trip-hop
0.473,0.574,4,0,0.0263,0.0,0.127,137.898,-4.026,0.17,0.329,186493,0,trip-hop
0.393,0.896,1,1,0.0671,0.0,0.0774,177.981,-4.902,0.000443,0.793,222466,0,grunge
0.359,0.988,11,0,0.223,0.929,0.444,124.867,-4.426,3.04e-05,0.0323,146773,0,grindcore
0.243,0.967,5,0,0.0825,0.317,0.327,106.748,-11.58,3.33e-05,0.102,155960,0,grindcore
0.22,0.973,1,0,0.0906,0.895,0.0861,82.508,-7.247,3.6e-06,0.126,190880,0,grindcore
0.634,0.75,10,1,0.029,0.000504,0.0547,138.674,-9.045,0.0563,0.815,229383,0,power-pop
0.199,0.415,6,1,0.0375,0.00253,0.121,79.782,-8.844,0.611,0.0817,210600,0,opera
0.303,0.899,5,1,0.0697,0.0,0.102,132.376,-8.365,0.00209,0.223,209906,0,power-pop
0.344,0.982,11,1,0.119,0.685,0.167,121.521,-7.031,0.00029,0.0733,199706,0,death-metal
0.214,0.982,9,0,0.155,0.449,0.353,165.618,-4.762,1.53e-06,0.224,127826,0,black-metal
0.484,0.953,2,1,0.0662,9.44e-05,0.273,148.032,-7.097,0.00256,0.481,282733,0,heavy-metal
0.266,0.932,1,1,0.0667,2.99e-06,0.356,91.972,-4.669,0.000196,0.536,212426,0,industrial
0.654,0.974,9,0,0.0376,0.202,0.111,143.013,-6.862,0.0101,0.605,251960,0,happy
0.209,0.959,2,1,0.0769,0.905,0.25,87.678,-12.798,1.65e-05,0.0368,156466,0,grindcore
0.253,0.72,6,1,0.0514,0.0025,0.111,82.477,-7.925,0.000558,0.533,337171,0,industrial
0.579,0.224,2,0,0.0315,0.0408,0.124,124.035,-13.55,0.514,0.15,334133,0,opera
0.594,0.534,4,1,0.0277,6.88e-06,0.129,132.486,-9.11,0.00476,0.667,179093,0,power-pop
0.317,0.482,10,1,0.0315,0.0274,0.101,79.722,-8.687,0.444,0.0901,366400,0,opera
0.327,0.768,4,0,0.0505,0.0816,0.0948,94.66,-9.002,0.000101,0.464,245066,0,grindcore
0.255,0.879,7,1,0.131,0.862,0.162,115.033,-8.779,8.82e-06,0.363,237213,0,death-metal
0.662,0.446,0,0,0.0361,0.00635,0.113,118.973,-13.023,0.84,0.204,185786,0,power-pop
0.489,0.402,9,1,0.0311,2.58e-05,0.118,140.085,-10.111,0.0749,0.368,289800,0,power-pop
0.244,0.949,6,1,0.0612,0.214,0.203,110.752,-10.463,2.13e-05,0.329,219506,0,black-metal
0.487,0.456,9,1,0.0349,0.00962,0.119,118.035,-7.037,0.00663,0.037,415933,0,black-metal
0.431,0.328,1,1,0.0311,0.00329,0.116,148.068,-13.039,0.822,0.159,231933,0,opera
0.528,0.924,9,0,0.0329,1.19e-05,0.143,135.014,-7.13,0.00181,0.448,300186,0,industrial
0.441,0.996,1,0,0.157,0.00376,0.337,114.968,-4.058,1.17e-06,0.0861,230160,0,black-metal
0.435,0.712,2,1,0.153,0.916,0.184,132.446,-8.452,0.000163,0.289,67725,0,grindcore
0.584,0.321,4,1,0.0319,0.0,0.0871,118.972,-11.899,0.887,0.314,161093,0,honky-tonk
0.582,0.804,0,1,0.0532,0.109,0.0957,120.225,-4.905,0.000985,0.266,281400,0,industrial
0.265,0.481,10,1,0.0295,0.000357,0.106,184.119,-8.704,0.509,0.418,227240,0,opera
0.607,0.515,4,0,0.0261,0.00186,0.0831,106.533,-14.054,0.0441,0.392,197639,0,power-pop
0.514,0.763,7,1,0.0339,0.0635,0.104,94.011,-8.789,0.00121,0.482,344386,0,breakbeat
0.516,0.872,8,1,0.0477,7.6e-06,0.105,117.947,-5.342,0.0147,0.252,296026,0,industrial
0.253,0.956,7,1,0.157,0.00612,0.44,129.066,-6.385,2.54e-05,0.126,271413,0,black-metal
0.334,0.992,0,1,0.111,0.000209,0.0895,188.995,-3.185,1.24e-05,0.696,130986,0,power-pop
0.516,0.87,9,1,0.0419,1.08e-06,0.303,169.323,-6.204,0.163,0.807,180800,0,bluegrass
0.183,0.896,2,1,0.0764,0.868,0.136,93.933,-2.639,3.61e-06,0.296,53013,0,grindcore
0.241,0.96,5,0,0.112,0.552,0.173,80.543,-5.284,2.9e-05,0.12,234253,0,death-metal
0.402,0.959,3,1,0.0677,0.175,0.305,126.285,-6.67,1.23e-05,0.114,248226,0,black-metal
0.538,0.894,7,1,0.0316,0.00039,0.29,153.384,-9.523,0.00307,0.963,175640,0,power-pop
0.315,0.973,4,1,0.103,0.00195,0.441,148.642,-6.158,3.74e-05,0.5,203426,0,power-pop
0.295,0.928,2,1,0.0501,0.091,0.863,98.666,-9.212,0.00292,0.212,136573,0,goth
0.479,0.885,4,1,0.0454,0.0,0.173,101.392,-9.792,0.0022,0.764,148199,0,power-pop
0.467,0.862,11,0,0.0355,0.857,0.15,138.115,-6.737,1.93e-05,0.24,316666,0,black-metal
0.49,0.448,6,1,0.0297,0.000929,0.112,64.109,-10.877,0.568,0.793,154093,0,honky-tonk
0.301,0.422,4,1,0.029,0.0,0.0666,78.411,-7.561,0.62,0.208,258399,0,opera
0.399,0.431,7,0,0.0659,1.58e-05,0.804,167.313,-10.991,0.705,0.678,247800,0,bluegrass
0.542,0.226,4,1,0.0273,1.03e-05,0.209,133.783,-15.552,0.93,0.657,117026,0,honky-tonk
0.219,0.896,9,1,0.118,0.589,0.0891,106.953,-12.985,4.08e-06,0.215,399106,0,grindcore
0.22,0.874,7,1,0.0583,0.836,0.14,107.561,-4.389,3.74e-06,0.211,182253,0,black-metal
0.514,0.64,0,1,0.0353,0.00217,0.31,143.926,-8.265,0.202,0.609,303488,0,bluegrass
0.584,0.66,11,1,0.0375,0.0,0.0979,151.958,-5.078,0.18,0.868,255560,0,country
0.501,0.868,0,1,0.0312,0.135,0.113,89.753,-5.373,0.000362,0.898,115000,0,power-pop
0.646,0.501,0,1,0.0438,4.79e-06,0.133,80.275,-11.395,0.794,0.934,142080,0,rockabilly
0.175,0.802,7,1,0.0331,0.642,0.0996,197.182,-7.666,0.00115,0.949,180000,0,club
0.521,0.94,9,0,0.0761,0.155,0.0911,164.992,-5.358,0.0295,0.281,324363,0,happy
0.438,0.872,5,0,0.0516,2.11e-05,0.079,99.97,-4.791,1e-05,0.489,185690,0,metalcore
0.631,0.905,0,1,0.0568,0.000137,0.327,138.964,-4.503,0.102,0.515,192146,0,goth
0.599,0.0854,9,1,0.0414,7.99e-05,0.0858,111.954,-12.521,0.978,0.323,170240,0,british
0.241,0.991,5,1,0.131,0.143,0.137,130.934,-5.214,1.41e-06,0.146,195506,0,grindcore
0.403,0.727,6,0,0.0372,0.00218,0.199,83.934,-7.943,0.000337,0.141,329360,0,black-metal
0.638,0.835,11,0,0.0687,0.329,0.1,172.102,-7.556,0.125,0.779,246613,0,trip-hop
0.284,0.976,1,1,0.166,0.318,0.0745,109.664,-5.66,3.02e-06,0.126,87186,0,grindcore
0.597,0.558,4,1,0.0555,0.0,0.356,107.173,-9.922,0.656,0.779,125706,0,honky-tonk
0.414,0.787,7,0,0.0351,0.0561,0.147,120.087,-2.833,0.00132,0.189,252893,0,goth
0.404,0.302,10,1,0.0315,0.000158,0.19,123.235,-9.778,0.904,0.55,185760,0,honky-tonk
0.133,0.884,0,1,0.11,0.153,0.333,81.486,-7.043,1.83e-05,0.238,216000,0,death-metal
0.614,0.681,8,0,0.041,0.0114,0.193,112.2,-5.286,0.214,0.128,220399,0,groove
0.59,0.992,0,1,0.0809,0.46,0.495,96.429,-3.334,0.000137,0.211,223133,0,power-pop
0.363,0.719,2,1,0.0366,0.0,0.298,95.903,-10.192,0.0221,0.585,131479,0,power-pop
0.26,0.882,1,0,0.0997,0.57,0.0554,89.424,-5.276,1.08e-05,0.297,234280,0,grindcore
0.492,0.292,0,1,0.041,0.0,0.587,167.968,-11.851,0.946,0.647,141333,0,honky-tonk
0.5,0.868,4,0,0.0592,0.00029,0.16,100.01,-6.031,0.0139,0.195,225133,0,goth
0.403,0.962,9,1,0.0868,0.0,0.301,186.911,-3.726,0.00158,0.664,138346,0,power-pop
0.168,0.996,1,1,0.176,0.0305,0.33,170.15,-2.307,2.71e-06,0.0848,159053,0,grindcore
0.367,0.944,2,0,0.0814,0.0,0.252,134.245,-4.892,1.32e-05,0.35,218480,0,grunge
0.181,0.935,1,0,0.116,0.946,0.131,101.11,-7.028,2.26e-06,0.22,124866,0,grindcore
0.322,0.715,0,1,0.0475,0.946,0.117,124.999,-10.5,3.69e-06,0.4,87333,0,grindcore
0.0658,0.993,9,1,0.164,0.217,0.317,199.986,-2.484,0.000697,0.107,243626,0,black-metal
0.254,0.665,9,0,0.0371,2.48e-05,0.289,67.585,-5.825,0.00224,0.191,203093,0,goth
0.318,0.885,6,0,0.0581,0.0,0.112,171.487,-4.521,0.0204,0.266,232493,0,heavy-metal
0.271,0.988,4,0,0.117,0.735,0.21,114.027,-4.936,1.66e-05,0.253,365320,0,black-metal
0.488,0.305,9,1,0.0282,0.000496,0.133,79.097,-14.432,0.603,0.369,185040,0,honky-tonk
0.245,0.989,9,1,0.255,0.134,0.347,200.779,-3.335,4.48e-05,0.238,184040,0,black-metal
0.313,0.818,9,1,0.0453,0.232,0.0662,170.751,-4.671,0.112,0.552,220453,0,power-pop
0.294,0.841,5,1,0.0721,0.125,0.109,172.036,-6.436,0.00215,0.174,356440,0,goth
0.354,0.986,5,1,0.13,0.00922,0.316,111.489,-2.988,2.59e-05,0.279,157613,0,grindcore
0.235,0.965,1,1,0.128,0.842,0.269,111.897,-3.932,6.36e-06,0.111,303986,0,grindcore
0.6,0.987,10,1,0.0762,0.0435,0.266,150.006,-3.423,0.267,0.615,212706,0,breakbeat
0.224,0.93,1,1,0.16,0.0885,0.0351,177.965,-7.238,7.26e-06,0.157,334373,0,death-metal
0.24,0.967,4,1,0.132,0.778,0.477,97.262,-3.821,4.08e-06,0.0659,104480,0,grindcore
0.526,0.866,10,0,0.0926,0.000515,0.283,121.011,-5.808,0.00248,0.29,330480,0,groove
0.655,0.256,4,1,0.0293,2.22e-06,0.112,114.588,-14.003,0.354,0.315,229133,0,honky-tonk
0.211,0.98,6,1,0.213,0.0171,0.131,167.846,-4.316,7.29e-06,0.105,253693,0,grindcore
0.337,0.27,2,1,0.0319,0.0,0.113,172.794,-13.778,0.966,0.668,136600,0,honky-tonk
0.262,0.712,10,0,0.0906,0.775,0.37,125.433,-13.353,0.00558,0.319,135213,0,grindcore
0.448,0.986,2,1,0.317,0.000333,0.668,160.056,-6.205,0.0149,0.157,243797,0,industrial
0.708,0.8,9,0,0.448,0.0,0.2,111.29,-3.641,0.155,0.577,169893,0,j-dance
0.508,0.752,0,1,0.0521,0.0,0.939,124.949,-8.823,0.435,0.381,153493,0,club
0.524,0.494,2,1,0.0435,0.000298,0.222,124.896,-7.416,0.677,0.596,220880,0,bluegrass
0.534,0.609,0,1,0.0299,2.95e-06,0.708,119.263,-13.365,0.616,0.963,115333,0,bluegrass
0.747,0.858,1,1,0.0544,8.49e-05,0.115,106.693,-8.081,0.302,0.536,828586,0,afrobeat
0.222,0.986,2,1,0.0822,0.828,0.153,154.426,-9.135,0.0,0.0545,191226,0,black-metal
0.528,0.355,0,1,0.034,0.0017,0.091,117.974,-13.865,0.685,0.222,218906,0,opera
0.616,0.909,0,1,0.0327,4.66e-06,0.452,102.49,-4.419,0.0679,0.879,190280,0,rockabilly
0.538,0.886,11,1,0.0398,0.000181,0.774,91.983,-5.265,0.00157,0.612,125186,0,power-pop
0.557,0.951,7,1,0.0372,0.718,0.391,145.002,-5.286,0.0159,0.682,239491,0,happy
0.293,0.819,4,0,0.0519,0.136,0.19,83.852,-12.758,0.0199,0.189,362826,0,death-metal
0.324,0.887,5,0,0.0722,0.732,0.15,98.974,-8.966,0.00607,0.345,210133,0,grindcore
0.427,0.764,8,1,0.0371,0.136,0.111,127.982,-5.461,9.69e-05,0.0355,205586,0,goth
0.383,0.924,1,0,0.0432,0.379,0.214,173.088,-4.307,0.000374,0.239,251176,0,drum-and-bass
0.599,0.895,4,1,0.086,2e-06,0.344,128.014,-3.658,0.000923,0.569,202586,0,chicago-house
0.502,0.821,7,1,0.0266,0.00258,0.352,97.959,-5.557,0.00596,0.962,179106,0,industrial
0.776,0.429,0,1,0.0355,0.0,0.055,103.526,-9.711,0.446,0.558,209546,0,bluegrass
0.298,0.979,1,0,0.103,0.011,0.217,119.84,-2.391,0.0053,0.183,299320,0,goth
0.158,0.978,8,1,0.0867,0.273,0.355,108.09,-3.926,3.56e-06,0.0324,52960,0,grindcore
0.542,0.953,10,0,0.0967,0.523,0.152,119.986,-5.328,0.000744,0.324,161120,0,death-metal
0.326,0.978,6,1,0.158,1.17e-06,0.257,86.73,-4.566,0.000405,0.189,310640,0,metalcore
0.231,0.954,10,0,0.21,0.000131,0.346,154.398,-4.861,2.03e-05,0.261,194666,0,grindcore
0.346,0.9,11,0,0.0451,0.692,0.12,140.11,-7.899,9.17e-06,0.248,347466,0,black-metal
0.143,0.312,9,1,0.0348,0.000163,0.109,86.112,-10.077,0.945,0.0766,228240,0,opera
0.215,0.988,8,1,0.118,0.209,0.0997,121.005,-3.169,6.04e-06,0.0694,192973,0,death-metal
0.408,0.922,7,1,0.0465,0.126,0.332,113.86,-6.786,0.00205,0.828,126000,0,club
0.293,0.907,2,1,0.0634,0.956,0.404,105.145,-14.621,0.000451,0.297,72106,0,grindcore
0.677,0.926,6,0,0.0945,4.61e-05,0.846,100.027,-8.585,0.0116,0.385,301746,0,industrial
0.54,0.54,2,0,0.0336,0.0805,0.337,124.488,-12.394,0.0198,0.156,355933,0,goth
0.597,0.889,9,1,0.134,0.000477,0.144,92.452,-4.793,0.00469,0.921,175746,0,rockabilly
0.288,0.921,5,0,0.113,0.0,0.0732,149.929,-4.146,0.00145,0.112,312080,0,industrial
0.529,0.714,8,1,0.0295,0.00909,0.128,110.16,-8.426,0.229,0.837,236026,0,power-pop
0.626,0.741,4,1,0.0298,0.00239,0.282,126.513,-7.817,0.0378,0.911,255160,0,power-pop
0.0749,0.821,9,0,0.052,0.503,0.134,80.776,-4.507,5.4e-06,0.235,397466,0,black-metal
0.353,0.539,0,0,0.0686,0.717,0.347,93.782,-14.21,0.0037,0.24,112626,0,grindcore
0.366,0.985,7,0,0.0933,0.356,0.24,180.19,-2.333,3e-05,0.185,243920,0,death-metal
0.555,0.95,1,0,0.032,0.454,0.218,131.996,-8.297,0.00611,0.698,487693,0,industrial
0.358,0.994,7,1,0.137,0.00227,0.337,125.662,-2.281,2.56e-06,0.258,144213,0,grindcore
0.507,0.997,2,0,0.0489,0.387,0.0762,135.0,-5.912,0.00265,0.873,286546,0,industrial
0.327,0.944,2,1,0.0591,0.00395,0.0719,122.999,-7.274,0.000567,0.167,430800,0,black-metal
0.635,0.596,1,1,0.424,0.000283,0.118,183.204,-11.41,0.0244,0.831,345600,0,industrial
0.448,0.955,4,1,0.0975,0.000894,0.335,107.436,-5.888,0.000457,0.494,79133,0,power-pop
0.505,0.267,7,1,0.0364,1.88e-06,0.151,135.627,-11.234,0.927,0.368,181866,0,honky-tonk
0.302,0.994,1,1,0.141,0.689,0.305,111.05,-4.119,1.35e-05,0.156,186600,0,grindcore
0.559,0.929,7,1,0.0298,0.803,0.52,131.035,-5.438,0.000506,0.54,341533,0,industrial
0.458,0.636,7,1,0.0509,0.0,0.317,201.832,-8.085,0.685,0.931,163853,0,opera
0.175,0.95,7,1,0.121,0.846,0.322,119.416,-7.358,0.0,0.125,170546,0,black-metal
0.226,0.993,6,1,0.126,0.0383,0.317,99.488,-4.897,2.99e-06,0.231,242200,0,grindcore
0.163,0.998,2,1,0.13,0.946,0.395,150.806,-6.162,4.55e-05,0.032,250893,0,black-metal
0.298,0.937,9,1,0.0439,0.932,0.066,187.438,-4.267,8.5e-06,0.806,125800,0,power-pop
0.472,0.774,2,1,0.0293,0.021,0.124,123.245,-8.276,2.32e-05,0.646,205266,0,power-pop
0.43,0.576,1,1,0.0298,0.534,0.123,78.236,-7.745,0.0117,0.377,192906,0,black-metal
0.436,0.826,2,0,0.0449,0.0018,0.33,127.984,-3.526,8.71e-05,0.339,199533,0,goth
0.366,0.944,1,1,0.231,0.0,0.253,95.027,-6.124,0.000536,0.167,121533,0,grindcore
0.252,0.998,3,1,0.242,0.652,0.302,147.067,-3.31,9.58e-05,0.0651,211533,0,grindcore
0.487,0.958,7,1,0.107,9.74e-05,0.0784,170.075,-3.467,0.000552,0.678,182413,0,power-pop
0.516,0.957,4,1,0.0569,1.53e-05,0.0616,164.405,-5.613,0.0268,0.953,182306,0,power-pop
0.615,0.987,1,1,0.102,0.872,0.374,145.026,-3.682,0.00112,0.324,318813,0,breakbeat
0.466,0.849,2,1,0.0347,0.00295,0.0601,110.029,-2.329,0.00716,0.834,207293,0,power-pop
0.406,0.926,8,1,0.12,0.597,0.239,124.432,-10.141,9.37e-06,0.222,77106,0,grindcore
0.406,0.567,5,1,0.036,0.0178,0.24,116.474,-7.24,0.605,0.767,152106,0,honky-tonk
0.513,0.37,8,1,0.032,0.0124,0.0991,131.072,-17.108,0.0131,0.509,305000,0,goth
0.543,0.959,11,0,0.0486,0.464,0.606,125.047,-8.665,0.00119,0.42,348826,0,breakbeat
0.454,0.573,0,1,0.0589,9.38e-06,0.192,75.761,-12.116,0.0651,0.491,209933,0,power-pop
0.447,0.899,0,1,0.0555,0.000213,0.0845,136.073,-5.961,7.78e-05,0.142,210370,0,industrial
0.492,0.921,7,1,0.0468,0.000273,0.189,148.923,-3.325,0.000885,0.705,226693,0,goth
0.44,0.715,7,1,0.0681,0.373,0.241,125.164,-12.353,0.000756,0.303,195320,0,grindcore
0.497,0.939,1,1,0.0635,0.967,0.3,120.04,-5.595,2.04e-06,0.327,320600,0,black-metal
0.563,0.691,10,1,0.0418,1.27e-05,0.124,110.515,-7.895,0.121,0.306,248613,0,bluegrass
0.135,0.988,9,0,0.163,0.163,0.125,94.429,-4.885,1.68e-06,0.202,150520,0,black-metal
0.433,0.235,5,1,0.0679,9.44e-05,0.382,145.245,-14.07,0.784,0.452,52813,0,comedy
0.585,0.678,2,1,0.0283,0.0017,0.0993,101.475,-7.2,0.632,0.827,202853,0,bluegrass
0.784,0.536,6,1,0.0575,1.46e-06,0.112,82.272,-7.29,0.0865,0.824,235773,0,dub
0.442,0.444,0,1,0.0312,0.0,0.18,139.809,-10.159,0.329,0.856,137760,0,honky-tonk
0.702,0.916,11,0,0.044,0.0978,0.0343,123.011,-6.732,0.0407,0.85,183720,0,techno
0.563,0.997,4,0,0.108,4.28e-06,0.363,138.09,-2.706,0.00011,0.0857,160813,0,industrial
0.492,0.898,0,0,0.0513,0.668,0.116,114.948,-5.662,0.000831,0.22,387306,0,black-metal
0.234,0.89,1,1,0.0753,0.921,0.265,102.435,-7.577,2.22e-06,0.134,239560,0,grindcore
0.572,0.738,7,1,0.0348,0.0274,0.0555,161.949,-6.738,0.0281,0.215,278679,0,trip-hop
0.321,0.0554,10,1,0.0382,0.000164,0.0883,110.835,-18.243,0.934,0.116,124453,0,new-age
0.499,0.875,2,1,0.0398,0.122,0.0869,142.49,-7.179,1.25e-05,0.467,168240,0,grunge
0.728,0.271,0,1,0.0313,0.0,0.623,126.463,-10.226,0.698,0.631,184640,0,honky-tonk
0.703,0.342,7,1,0.0329,5.06e-05,0.158,96.61,-11.986,0.89,0.584,218320,0,bluegrass
0.402,0.331,2,1,0.0345,0.0,0.0773,131.884,-9.699,0.564,0.0794,216386,0,opera
0.246,0.978,1,1,0.0993,0.896,0.203,121.34,-3.77,1.24e-06,0.141,140346,0,grindcore
0.778,0.601,7,1,0.0353,1.03e-05,0.0602,132.021,-11.803,0.627,0.831,174056,0,honky-tonk
0.256,0.358,3,1,0.0325,0.0013,0.115,139.671,-6.281,0.838,0.126,284920,0,opera
0.493,0.974,4,1,0.125,6.95e-06,0.225,102.517,-4.066,3.9e-05,0.318,151173,0,metalcore
0.665,0.855,2,0,0.0287,0.00308,0.261,107.494,-6.069,0.0331,0.899,221306,0,rockabilly
0.266,0.995,1,1,0.16,0.825,0.156,94.052,-4.392,6.83e-06,0.127,191066,0,grindcore
0.326,0.263,3,1,0.0375,2.3e-06,0.221,111.109,-9.668,0.599,0.229,294933,0,club
0.462,0.744,11,0,0.0424,0.0854,0.287,134.063,-8.118,7.97e-05,0.0621,411605,0,black-metal
0.28,0.95,11,1,0.0625,0.298,0.294,106.627,-5.124,4.36e-05,0.352,306680,0,black-metal
0.532,0.965,6,1,0.0874,0.893,0.232,107.974,-4.376,0.025,0.142,260986,0,industrial
0.506,0.106,6,1,0.0376,0.0,0.177,91.198,-14.075,0.939,0.508,65293,0,honky-tonk
0.256,0.987,9,1,0.0853,7.67e-05,0.0442,98.983,-5.725,0.000389,0.166,348026,0,black-metal
0.665,0.564,7,1,0.073,0.0,0.0766,108.807,-6.145,0.391,0.623,219440,0,show-tunes
0.394,0.776,7,1,0.0377,0.776,0.108,160.105,-8.61,8.43e-05,0.215,262880,0,black-metal
0.618,0.922,11,0,0.0461,0.0022,0.0838,108.042,-4.344,0.00348,0.599,220733,0,honky-tonk
0.419,0.694,11,0,0.369,0.879,0.169,123.351,-11.148,0.00969,0.154,62426,0,grindcore
0.647,0.732,6,0,0.0281,0.0573,0.129,95.949,-8.449,0.00137,0.813,257893,0,trip-hop
0.36,0.989,11,1,0.127,0.942,0.389,102.794,-11.76,0.00391,0.213,55306,0,grindcore
0.44,0.994,6,0,0.0736,0.0518,0.0744,102.982,-2.938,6.97e-06,0.611,136760,0,power-pop
0.609,0.918,9,1,0.0461,8.43e-05,0.0198,135.03,-9.976,0.249,0.371,241733,0,power-pop
0.319,0.993,8,1,0.136,0.151,0.405,117.598,-4.993,1.47e-06,0.259,157426,0,grindcore
0.553,0.351,9,1,0.0337,0.0601,0.102,95.547,-11.441,0.751,0.219,130664,0,honky-tonk
0.643,0.724,4,0,0.0428,0.0,0.333,143.892,-12.899,0.41,0.654,229133,0,industrial
0.449,0.259,9,1,0.0259,0.0,0.206,90.201,-9.172,0.804,0.506,154120,0,honky-tonk
0.643,0.991,8,1,0.0664,0.0,0.055,131.983,-2.218,0.000996,0.578,256106,0,industrial
0.656,0.762,8,1,0.0335,0.339,0.169,106.154,-5.144,0.00138,0.811,177733,0,rockabilly
0.228,0.88,2,1,0.052,0.0,0.516,138.854,-3.844,0.000447,0.197,244080,0,goth
0.418,0.831,11,0,0.14,0.953,0.358,114.97,-11.414,0.00305,0.144,118173,0,grindcore
0.671,0.692,5,0,0.0376,0.331,0.101,114.545,-8.948,0.189,0.538,256333,0,trip-hop
0.471,0.895,7,0,0.0462,0.624,0.092,94.983,-3.538,0.00127,0.407,270253,0,goth
0.178,0.973,7,1,0.128,0.000328,0.145,191.817,-7.233,5.67e-05,0.137,164906,0,black-metal
0.552,0.838,0,1,0.0412,0.000141,0.158,144.365,-4.549,0.711,0.868,183880,0,bluegrass
0.4,0.984,3,1,0.123,0.901,0.324,109.974,-3.939,1.98e-06,0.0724,257013,0,black-metal
0.413,0.769,11,0,0.0415,2.95e-05,0.26,171.941,-5.66,0.0012,0.439,179080,0,power-pop
0.136,0.934,2,1,0.0954,0.76,0.232,99.989,-6.208,1.32e-06,0.127,215069,0,death-metal
0.565,0.722,0,1,0.035,0.00688,0.228,128.435,-8.29,0.107,0.662,155813,0,club
0.677,0.683,0,1,0.0304,2.05e-06,0.175,95.004,-4.981,0.00994,0.0776,298533,0,industrial
0.433,0.972,7,1,0.104,0.908,0.568,135.002,-2.534,5.72e-05,0.0911,319026,0,death-metal
0.311,0.42,7,1,0.0293,0.0237,0.198,129.104,-10.615,0.00138,0.308,298051,0,industrial
0.474,0.994,5,1,0.124,0.000608,0.498,107.014,-4.666,0.00325,0.0383,287333,0,black-metal
0.414,0.994,11,0,0.243,0.214,0.262,199.994,-2.634,1.24e-05,0.192,278120,0,death-metal
0.189,0.905,2,1,0.0693,0.931,0.106,97.164,-7.304,3.54e-05,0.186,148800,0,black-metal
0.552,0.937,9,0,0.0488,0.00268,0.102,134.98,-6.738,0.0232,0.347,292973,0,industrial
0.336,0.594,7,1,0.0276,0.555,0.143,79.605,-9.085,0.0911,0.461,279453,0,goth
0.257,0.879,10,0,0.161,0.0692,0.7,125.09,-13.491,0.000258,0.119,194306,0,grindcore
0.355,0.94,10,1,0.0781,0.818,0.214,164.235,-7.446,1.83e-06,0.126,222520,0,black-metal
0.299,0.855,9,1,0.152,0.891,0.31,94.53,-6.346,9.57e-06,0.396,199366,0,grindcore
0.567,0.83,2,1,0.0322,0.47,0.276,120.003,-4.733,3.83e-05,0.465,301293,0,black-metal
0.584,0.928,6,1,0.24,8.24e-06,0.306,91.69,-5.555,0.00199,0.947,105226,0,industrial
0.52,0.146,3,1,0.0315,0.00397,0.129,155.023,-18.425,0.918,0.497,247666,0,bluegrass
0.226,0.827,8,0,0.0521,0.103,0.106,108.142,-8.358,2.76e-05,0.284,527080,0,black-metal
0.402,0.357,2,1,0.0277,0.0,0.204,82.609,-12.192,0.874,0.885,82773,0,honky-tonk
0.474,0.825,10,1,0.0295,0.00108,0.163,171.53,-5.75,0.00527,0.85,260093,0,trip-hop
0.22,0.872,8,1,0.0461,0.000186,0.0541,177.017,-5.388,0.00048,0.414,222706,0,power-pop
0.521,0.755,9,0,0.0332,0.00028,0.154,120.089,-8.451,0.0119,0.33,313026,0,goth
0.15,0.771,10,1,0.0474,0.00024,0.491,80.663,-10.871,0.00056,0.333,295760,0,death-metal
0.259,0.995,2,1,0.139,0.775,0.137,109.392,-5.096,3.83e-06,0.0397,138013,0,grindcore
0.583,0.193,0,1,0.0344,3.16e-06,0.332,111.422,-18.591,0.534,0.445,174106,0,power-pop
0.451,0.754,9,1,0.0541,0.000163,0.0498,132.976,-6.201,0.0951,0.263,145226,0,black-metal
0.27,0.834,6,1,0.0999,0.0733,0.362,140.788,-5.433,0.0226,0.429,312480,0,grindcore
0.452,0.951,9,1,0.0479,0.119,0.579,135.05,-5.437,2.62e-06,0.341,248813,0,black-metal
0.575,0.983,1,1,0.125,0.00125,0.0842,112.032,-2.091,2.04e-05,0.203,200320,0,industrial
0.233,0.949,6,0,0.0701,0.632,0.0732,158.046,-7.402,9.83e-06,0.535,291306,0,death-metal
0.323,0.901,7,1,0.107,0.221,0.134,161.605,-8.54,0.0545,0.345,121640,0,power-pop
0.177,0.89,2,1,0.0519,0.952,0.186,106.17,-8.5,1.3e-06,0.482,133893,0,grindcore
0.375,0.972,4,0,0.0836,0.755,0.0616,94.94,-7.085,1.47e-06,0.341,274800,0,black-metal
0.314,0.935,10,0,0.161,0.0,0.407,133.657,-4.153,0.00341,0.294,213973,0,death-metal
0.181,0.978,6,0,0.0837,0.895,0.0388,154.029,-6.552,4.73e-05,0.196,272106,0,grindcore
0.455,0.894,9,0,0.0517,0.0,0.2,135.031,-3.223,6.33e-05,0.663,166000,0,heavy-metal
0.241,0.948,11,1,0.114,0.614,0.0994,139.939,-6.984,0.000386,0.0908,294746,0,black-metal
0.24,0.979,2,1,0.0812,0.566,0.334,135.018,-6.965,2.1e-06,0.0861,316869,0,black-metal
0.287,0.933,2,1,0.0376,2.57e-06,0.33,137.344,-6.786,0.00922,0.853,110053,0,power-pop
0.586,0.631,5,1,0.0265,0.192,0.0795,139.99,-9.646,0.0146,0.492,467186,0,industrial
0.634,0.473,8,1,0.0425,0.0,0.32,92.043,-15.33,0.575,0.915,134093,0,honky-tonk
0.564,0.538,2,1,0.0257,0.544,0.37,173.998,-10.984,0.105,0.964,139480,0,honky-tonk
0.116,0.994,8,1,0.167,0.0255,0.416,163.551,-4.908,6e-06,0.0383,312240,0,black-metal
0.33,0.99,2,0,0.0779,0.0055,0.136,119.014,-2.484,1.6e-06,0.0712,252400,0,grindcore
0.289,0.734,11,0,0.0588,0.00112,0.0598,174.51,-11.385,2.36e-05,0.651,275466,0,black-metal
0.218,0.657,10,0,0.0345,0.215,0.467,129.811,-9.335,0.000121,0.0655,253240,0,grindcore
0.243,0.971,4,1,0.0819,0.00163,0.208,156.336,-3.046,0.000537,0.609,190306,0,goth
0.576,0.828,7,1,0.0361,0.0,0.145,148.359,-4.792,0.564,0.972,171013,0,bluegrass
0.664,0.326,10,1,0.0271,3.21e-06,0.103,93.855,-12.98,0.738,0.555,182440,0,honky-tonk
0.337,0.931,2,1,0.0539,0.0729,0.156,78.161,-5.84,0.0648,0.547,459093,0,industrial
0.357,0.8,4,0,0.0359,8.55e-06,0.4,138.014,-8.231,0.00376,0.782,160200,0,goth
0.596,0.803,8,0,0.351,0.0,0.0937,128.643,-2.808,0.145,0.478,156917,0,j-dance
0.534,0.425,4,1,0.0287,0.0,0.133,144.003,-11.759,0.786,0.842,142866,0,honky-tonk
0.388,0.735,1,1,0.044,0.0886,0.105,141.56,-12.123,0.0495,0.144,130666,0,power-pop
0.467,0.99,5,0,0.196,0.955,0.269,107.894,-4.133,3.74e-06,0.141,119373,0,grindcore
0.597,0.588,7,1,0.0344,1.12e-05,0.159,103.37,-13.894,0.746,0.966,134600,0,honky-tonk
0.607,0.634,11,0,0.0367,0.000209,0.115,128.342,-7.799,0.106,0.302,199560,0,trip-hop
0.211,0.933,4,0,0.155,0.182,0.178,109.808,-6.934,1.6e-05,0.134,244786,0,death-metal
0.203,0.974,9,0,0.302,0.875,0.104,90.119,-7.629,0.00119,0.0371,398666,0,black-metal
0.648,0.84,11,0,0.24,0.0,0.399,96.903,-5.693,0.0948,0.579,133693,0,j-dance
0.367,0.941,2,1,0.0487,4.57e-06,0.452,187.089,-3.379,0.00253,0.73,197186,0,power-pop
0.477,0.718,11,0,0.0269,0.193,0.336,104.038,-5.736,0.00216,0.136,305240,0,goth
0.197,0.856,6,0,0.124,0.333,0.537,103.475,-8.666,0.00421,0.261,304640,0,groove
0.86,0.57,4,1,0.0381,0.109,0.0288,121.177,-8.492,0.17,0.961,182266,0,trip-hop
0.316,0.79,7,1,0.0774,0.000421,0.599,98.683,-10.978,0.0968,0.349,321946,0,industrial
0.581,0.929,10,0,0.0994,0.0,0.0393,132.102,-3.325,0.00334,0.618,262773,0,industrial
0.793,0.394,4,0,0.0582,0.0,0.21,131.974,-7.252,0.117,0.419,253746,0,j-dance
0.259,0.98,6,1,0.19,0.0861,0.314,135.652,-5.588,0.0478,0.175,264760,0,grindcore
0.373,0.646,5,1,0.0692,0.0,0.268,64.941,-4.054,0.0671,0.353,211840,0,kids
0.753,0.866,7,1,0.286,0.000114,0.327,171.901,-7.314,0.0517,0.598,146000,0,trip-hop
0.667,0.948,0,0,0.0357,0.00436,0.07,99.988,-4.333,0.03,0.403,295413,0,industrial
0.228,0.961,2,1,0.0833,0.284,0.419,95.96,-7.502,1.99e-06,0.259,208533,0,grindcore
0.379,0.889,0,1,0.513,0.0,0.632,179.235,-7.553,0.00168,0.222,138093,0,grindcore
0.185,0.994,0,0,0.146,0.748,0.284,115.575,-3.6,6.36e-06,0.0318,105520,0,grindcore
0.499,0.971,10,1,0.0441,2.51e-05,0.195,139.971,-4.024,0.0145,0.756,138640,0,power-pop
0.705,0.631,2,1,0.0427,0.000178,0.0698,157.295,-13.718,0.119,0.972,185960,0,power-pop
0.839,0.808,8,1,0.373,0.443,0.155,123.995,-7.199,0.165,0.476,501360,0,trip-hop
0.203,0.229,2,1,0.0389,0.941,0.146,103.216,-14.883,0.431,0.0326,39600,0,black-metal
0.356,0.981,1,1,0.0602,0.923,0.316,114.094,-13.364,3.62e-06,0.0469,115105,0,grindcore
0.314,0.933,4,0,0.0873,0.51,0.234,149.535,-7.368,1.82e-05,0.583,248693,0,grindcore
0.54,0.803,8,1,0.256,0.0,0.129,169.845,-4.09,0.0715,0.805,221413,0,j-dance
0.573,0.908,0,1,0.03,0.086,0.15,117.107,-4.369,0.0458,0.664,270706,0,synth-pop
0.622,0.92,10,1,0.0815,2.37e-05,0.36,112.109,-4.745,0.0117,0.49,122160,0,death-metal
0.661,0.938,6,0,0.066,0.19,0.327,130.717,-4.615,0.00539,0.392,299573,0,industrial
0.309,0.979,5,1,0.141,0.0565,0.555,89.721,-5.298,8.14e-05,0.161,207973,0,grindcore
0.324,0.0655,10,0,0.11,0.0,0.964,180.082,-17.031,0.874,0.471,164666,0,bluegrass
0.489,0.864,9,0,0.0462,0.177,0.0876,135.074,-4.68,1.08e-05,0.655,220986,0,heavy-metal
0.163,0.898,1,0,0.0428,0.00378,0.0832,90.979,-5.181,8.75e-06,0.286,282506,0,black-metal
0.563,0.906,6,1,0.108,8.21e-06,0.0204,131.88,-3.407,0.000186,0.449,221960,0,industrial
0.112,0.997,1,1,0.0989,0.195,0.359,153.9,-3.124,4.5e-06,0.0606,278026,0,death-metal
0.223,0.932,1,0,0.127,0.922,0.371,120.915,-7.498,2e-06,0.124,287733,0,grindcore
0.541,0.333,3,1,0.0256,0.0,0.209,78.91,-11.414,0.546,0.332,199933,0,honky-tonk
0.272,0.967,6,0,0.161,0.874,0.292,149.285,-8.06,5.62e-06,0.445,261693,0,grindcore
0.268,0.98,4,1,0.0746,0.907,0.184,159.586,-4.805,1.16e-06,0.14,301209,0,black-metal
0.535,0.981,2,1,0.103,0.0425,0.604,120.015,-3.85,0.00106,0.256,224400,0,black-metal
0.188,0.28,10,0,0.033,0.00019,0.0971,85.193,-9.127,0.919,0.0929,287000,0,opera
0.651,0.622,2,1,0.0322,0.0527,0.251,136.239,-14.889,0.00935,0.96,207772,0,power-pop
0.312,0.978,0,1,0.191,0.0247,0.298,99.681,-4.563,0.000175,0.0632,121666,0,grindcore
0.429,0.28,8,1,0.0319,0.000524,0.115,119.856,-12.147,0.706,0.164,253066,0,opera
0.746,0.722,0,0,0.0545,0.0,0.641,138.153,-5.389,0.031,0.889,201746,0,afrobeat
0.252,0.981,6,1,0.0979,0.0104,0.111,96.371,-4.723,3.57e-06,0.274,320333,0,grindcore
0.505,0.525,2,1,0.0341,0.0458,0.0877,138.831,-11.293,0.0428,0.192,253360,0,bluegrass
0.489,0.967,2,1,0.0811,0.000191,0.374,139.992,-3.652,8.32e-05,0.16,287986,0,death-metal
0.616,0.525,0,1,0.025,0.0125,0.115,155.954,-7.411,0.173,0.402,265293,0,trip-hop
0.661,0.881,9,1,0.0461,8e-05,0.271,79.345,-4.433,0.223,0.96,138933,0,rockabilly
0.279,0.9,11,0,0.0588,0.583,0.321,107.69,-7.133,0.0,0.189,272684,0,death-metal
0.483,0.955,7,1,0.0404,0.0101,0.192,197.957,-4.271,0.00287,0.129,179653,0,industrial
0.211,0.964,7,1,0.189,0.827,0.103,107.083,-4.961,3.68e-05,0.0377,111000,0,grindcore
0.25,0.929,9,0,0.0595,0.0461,0.114,141.743,-5.527,0.000288,0.427,198000,0,power-pop
0.457,0.933,4,0,0.0348,0.0202,0.155,134.04,-2.423,0.00203,0.417,278560,0,heavy-metal
0.366,0.983,10,0,0.131,0.851,0.152,103.952,-5.82,3.23e-06,0.133,63106,0,grindcore
0.172,0.927,3,0,0.114,0.835,0.436,122.615,-7.259,4.09e-06,0.118,63173,0,grindcore
0.497,0.839,4,0,0.085,0.000284,0.674,180.056,-6.851,0.05,0.517,261640,0,trip-hop
0.531,0.947,6,1,0.0871,0.0,0.126,105.009,-3.903,0.000102,0.285,172986,0,death-metal
0.291,0.973,10,0,0.183,0.00376,0.205,122.808,-5.093,1.64e-05,0.334,135480,0,grindcore
0.0999,0.899,9,0,0.0599,0.969,0.319,158.671,-2.658,3.61e-06,0.163,305066,0,black-metal
0.376,0.995,0,1,0.14,0.0,0.345,202.721,-4.236,0.000487,0.459,150906,0,power-pop
0.473,0.955,6,1,0.0368,0.583,0.631,129.03,-6.366,0.000471,0.513,270600,0,industrial
0.276,0.976,4,1,0.185,0.589,0.581,130.074,-3.863,4.37e-05,0.137,257733,0,black-metal
0.243,0.968,1,1,0.135,0.952,0.162,100.255,-5.706,0.00966,0.0792,165573,0,black-metal
0.472,0.992,0,1,0.0655,0.331,0.563,85.027,-2.863,4.67e-05,0.616,295040,0,black-metal
0.653,0.487,9,1,0.0341,0.0,0.17,87.963,-12.678,0.723,0.921,124800,0,honky-tonk
0.15,0.991,9,0,0.117,0.169,0.274,103.041,-7.704,2.91e-06,0.0352,262466,0,black-metal
0.591,0.395,1,0,0.026,0.0167,0.121,95.955,-12.134,0.332,0.217,275293,0,power-pop
0.355,0.757,8,1,0.0613,0.866,0.185,124.667,-10.325,3.76e-05,0.589,77120,0,grindcore
0.319,0.936,7,1,0.105,0.062,0.201,157.223,-3.959,6.47e-05,0.351,256053,0,industrial
0.637,0.523,1,1,0.0352,0.00845,0.385,122.379,-16.986,0.000472,0.494,353266,0,industrial
0.258,0.979,9,1,0.126,0.000211,0.0709,97.765,-4.029,9.75e-06,0.141,263120,0,industrial
0.353,0.474,6,1,0.035,0.00298,0.239,175.733,-8.609,0.55,0.645,186813,0,bluegrass
0.295,0.891,7,1,0.0716,8.14e-06,0.0901,145.62,-3.327,0.000265,0.299,253160,0,industrial
0.507,0.82,0,1,0.0556,0.000331,0.132,118.081,-7.263,0.00168,0.494,270960,0,goth
0.212,0.998,2,1,0.13,0.00993,0.262,112.537,-4.392,9.46e-06,0.0392,200493,0,grindcore
0.493,0.915,2,1,0.052,0.79,0.65,104.979,-5.344,2.25e-05,0.129,241920,0,grindcore
0.229,0.932,1,0,0.156,0.914,0.147,118.476,-7.318,1.87e-06,0.216,183293,0,grindcore
0.442,0.988,4,1,0.149,0.000357,0.132,95.253,-4.194,1.56e-05,0.18,43466,0,grindcore
0.397,0.92,7,1,0.0702,1.42e-05,0.192,130.189,-9.214,0.0105,0.372,223760,0,death-metal
0.353,0.403,4,1,0.0385,0.308,0.236,140.744,-10.813,0.401,0.326,425506,0,bluegrass
0.429,0.923,6,0,0.0916,0.789,0.601,94.99,-5.588,0.00014,0.409,242760,0,industrial
0.79,0.221,0,1,0.0475,1.47e-05,0.105,130.925,-11.485,0.935,0.602,176293,0,honky-tonk
0.607,0.283,0,1,0.032,4.43e-05,0.0881,131.348,-12.599,0.686,0.581,159440,0,honky-tonk
0.389,0.411,4,1,0.0317,0.000396,0.151,165.065,-9.231,0.624,0.312,295413,0,comedy
0.343,0.527,5,1,0.0298,0.0,0.104,152.116,-6.548,0.815,0.22,187000,0,opera
0.466,0.634,5,1,0.0822,0.0,0.172,151.682,-14.155,0.109,0.774,150360,0,power-pop
0.454,0.201,6,1,0.0318,2.55e-05,0.211,98.146,-13.473,0.919,0.54,141093,0,honky-tonk
0.351,0.946,2,1,0.0868,0.411,0.147,91.222,-5.305,0.000138,0.674,180693,0,industrial
0.484,0.256,11,1,0.026,0.0,0.107,87.702,-8.986,0.773,0.459,125226,0,honky-tonk
0.566,0.97,5,1,0.0841,0.553,0.289,93.005,-4.129,0.00106,0.56,225706,0,industrial
0.644,0.934,9,0,0.0375,0.0947,0.0958,135.027,-5.209,0.00327,0.652,206445,0,happy
0.578,0.959,11,1,0.0533,0.0001,0.0915,101.458,-3.051,0.00128,0.503,210040,0,industrial
0.361,0.977,9,1,0.183,0.0077,0.47,140.249,-5.125,0.00103,0.0502,161378,0,grindcore
0.633,0.977,1,0,0.0621,5.77e-05,0.649,109.984,-3.03,0.00166,0.39,235986,0,industrial
0.136,0.485,3,1,0.035,0.911,0.123,81.195,-8.6,0.964,0.186,116600,0,opera
0.661,0.531,7,1,0.0351,0.0,0.103,138.988,-8.866,0.731,0.621,174146,0,honky-tonk
0.512,0.986,0,0,0.0657,0.0047,0.0693,108.738,-4.229,3.12e-05,0.181,190040,0,death-metal
0.457,0.711,2,1,0.457,0.0,0.531,124.892,-9.988,0.778,0.35,303693,0,opera
0.501,0.0287,3,0,0.0446,0.893,0.106,73.17,-19.538,0.969,0.0822,372288,0,new-age
0.323,0.339,3,1,0.0304,0.000123,0.326,82.635,-11.011,0.84,0.469,228533,0,honky-tonk
0.53,0.782,1,0,0.0259,0.000187,0.0688,93.106,-6.872,0.0265,0.719,230960,0,piano
0.274,0.93,9,1,0.0774,0.614,0.0699,164.003,-5.136,8.15e-05,0.376,260573,0,black-metal
0.14,0.969,0,1,0.239,0.0337,0.213,169.489,-3.034,4.15e-06,0.145,212253,0,grindcore
0.625,0.272,4,1,0.0399,0.00246,0.152,141.119,-12.295,0.731,0.218,309120,0,comedy
0.369,0.937,1,1,0.278,0.0,0.774,97.18,-6.3,0.0014,0.161,114413,0,grindcore
0.58,0.988,8,1,0.0696,0.000684,0.321,143.066,-5.145,0.00634,0.239,208880,0,happy
0.644,0.34,0,1,0.027,0.0,0.0829,129.997,-6.759,0.491,0.298,226786,0,acoustic
0.421,0.939,5,0,0.053,0.000746,0.29,175.951,-3.896,0.000913,0.669,238106,0,goth
0.341,0.963,1,0,0.103,8.19e-05,0.0989,101.852,-4.02,0.000807,0.538,144993,0,power-pop
0.357,0.993,1,1,0.0769,0.0283,0.0942,100.529,-5.736,4.04e-05,0.297,223240,0,death-metal
0.546,0.926,6,0,0.0469,0.91,0.144,154.979,-4.34,0.519,0.0653,302000,0,happy
0.581,0.519,9,1,0.164,0.193,0.949,123.282,-13.96,0.0932,0.215,389973,0,heavy-metal
0.364,0.859,9,0,0.0442,0.808,0.132,79.95,-3.625,2.73e-05,0.317,288533,0,black-metal
0.484,0.936,6,0,0.0504,0.823,0.291,106.047,-9.4,2.23e-05,0.152,388466,0,industrial
0.444,0.426,7,1,0.0324,0.0,0.368,132.755,-10.28,0.179,0.83,141666,0,honky-tonk
0.283,0.9,9,0,0.0526,0.12,0.0537,137.493,-7.861,0.00138,0.417,298933,0,black-metal
0.568,0.904,0,1,0.0979,0.152,0.122,127.681,-6.901,0.133,0.595,188733,0,trip-hop
0.509,0.724,9,1,0.0356,0.0,0.169,179.991,-7.665,0.309,0.702,213400,0,bluegrass
0.654,0.886,5,0,0.0618,6.06e-06,0.0838,90.269,-5.074,0.0279,0.845,233400,0,trip-hop
0.292,0.958,4,0,0.179,0.292,0.0633,129.899,-6.723,1.18e-05,0.316,41400,0,grindcore
0.516,0.768,7,1,0.0612,0.0217,0.531,132.356,-14.219,0.0373,0.563,281760,0,industrial
0.568,0.981,8,1,0.0952,1.55e-05,0.402,129.862,-3.526,0.00143,0.283,186226,0,grunge
0.53,0.959,7,1,0.0502,0.851,0.359,124.967,-5.257,1.23e-05,0.358,292506,0,black-metal
0.462,0.945,2,1,0.051,0.76,0.128,150.014,-5.746,3.3e-06,0.534,319826,0,industrial
0.409,0.993,3,1,0.112,0.683,0.149,114.983,-1.943,1.31e-05,0.0693,332080,0,black-metal
0.38,0.946,7,1,0.0564,0.0669,0.91,133.169,-4.718,0.0416,0.379,225933,0,goth
0.618,0.497,8,1,0.062,0.922,0.0841,109.371,-10.434,0.203,0.977,120840,0,bluegrass
0.774,0.457,6,0,0.0346,0.192,0.108,100.006,-10.928,0.021,0.389,386760,0,trip-hop
0.545,0.991,0,1,0.0519,0.0202,0.282,146.064,-5.587,0.0216,0.533,337800,0,industrial
0.376,0.554,5,0,0.0313,0.856,0.427,126.672,-11.649,0.317,0.677,176986,0,club
0.579,0.635,10,1,0.0393,1.25e-06,0.15,139.456,-7.385,0.302,0.612,258293,0,rock
0.558,0.941,6,1,0.0659,0.718,0.0692,104.935,-5.91,0.000562,0.273,153306,0,industrial
0.465,0.499,9,1,0.0294,1.11e-05,0.111,115.902,-7.207,0.242,0.135,246653,0,power-pop
0.267,0.966,7,1,0.169,0.207,0.311,87.998,-4.365,0.000173,0.42,286186,0,grindcore
0.252,0.957,1,1,0.0685,0.435,0.0934,102.035,-11.307,1.24e-05,0.129,188173,0,grindcore
0.801,0.556,1,1,0.132,0.725,0.042,102.036,-12.297,0.0149,0.695,292757,0,trip-hop
0.226,0.996,0,0,0.215,0.252,0.181,130.313,-4.147,1.56e-05,0.0643,179320,0,grindcore
0.433,0.995,11,1,0.15,0.000426,0.421,99.979,-4.437,3.8e-05,0.353,170240,0,power-pop
0.481,0.934,11,0,0.0731,0.0,0.0596,125.844,-5.749,0.000223,0.435,184466,0,power-pop
0.446,0.869,6,0,0.503,0.0843,0.109,133.75,-6.189,0.00448,0.199,72600,0,grindcore
0.54,0.907,11,1,0.103,0.779,0.0312,125.03,-2.848,0.00017,0.304,226040,0,death-metal
0.262,0.21,10,1,0.0344,0.00919,0.102,78.069,-17.252,0.905,0.216,213506,0,new-age
0.479,0.445,11,1,0.033,6.5e-05,0.11,134.259,-9.263,0.556,0.894,162626,0,honky-tonk
0.505,0.671,0,1,0.0328,0.124,0.323,160.67,-10.34,0.591,0.961,229493,0,bluegrass
0.594,0.845,8,1,0.0276,0.52,0.272,109.296,-7.713,0.0024,0.618,298360,0,goth
0.503,0.948,11,0,0.0637,0.0608,0.922,94.038,-5.406,0.000347,0.266,247520,0,industrial
0.382,0.937,0,1,0.0758,0.0,0.271,108.729,-9.01,0.0172,0.0957,112426,0,hard-rock
0.458,0.511,5,1,0.0405,0.000147,0.0744,176.23,-13.411,0.167,0.72,253373,0,power-pop
0.198,0.938,2,1,0.132,1.2e-06,0.109,150.888,-5.929,1.4e-05,0.12,304626,0,black-metal
0.567,0.655,7,1,0.0334,0.000622,0.139,96.007,-5.271,0.165,0.115,281133,0,goth
0.33,0.996,7,1,0.147,9.65e-05,0.186,102.511,-0.715,0.000317,0.238,170586,0,death-metal
0.14,0.982,8,0,0.124,0.723,0.322,145.582,-4.303,3.09e-06,0.065,102446,0,grindcore
0.393,0.977,11,0,0.102,0.000103,0.956,133.979,-4.176,1.72e-05,0.232,219040,0,industrial
0.111,0.898,2,0,0.097,0.309,0.332,168.273,-5.316,8.42e-06,0.0701,234117,0,black-metal
0.66,0.83,11,0,0.0573,0.0266,0.371,125.369,-13.518,0.000879,0.514,278466,0,industrial
0.418,0.976,10,1,0.317,0.609,0.0992,164.922,-4.825,2.54e-05,0.245,233320,0,heavy-metal
0.218,0.892,0,1,0.0998,0.94,0.551,150.1,-6.62,4.58e-05,0.18,221213,0,black-metal
0.71,0.556,5,1,0.0563,0.00152,0.0743,120.825,-12.997,0.0356,0.305,214693,0,synth-pop
0.512,0.979,1,0,0.118,0.000746,0.101,104.997,-3.081,0.00172,0.146,436387,0,metalcore
0.436,0.975,8,1,0.0771,0.0,0.103,175.033,-2.942,0.000711,0.636,178773,0,power-pop
0.529,0.99,7,1,0.0636,0.00472,0.277,141.997,-8.993,0.0014,0.545,183093,0,happy
0.277,0.99,11,1,0.405,0.485,0.282,172.366,-4.318,0.000795,0.332,223226,0,industrial
0.644,0.89,0,0,0.0321,0.847,0.384,124.798,-6.543,0.00193,0.145,375600,0,breakbeat
0.485,0.684,2,1,0.0348,0.0,0.128,121.635,-3.151,0.000196,0.374,265933,0,industrial
0.481,0.959,4,0,0.0944,0.675,0.133,114.399,-3.658,3.55e-05,0.28,272693,0,black-metal
0.431,0.943,7,1,0.073,0.00098,0.337,135.01,-4.923,3.8e-06,0.369,284586,0,black-metal
0.674,0.198,4,1,0.0306,2.49e-06,0.188,129.326,-13.84,0.89,0.622,181973,0,honky-tonk
0.204,0.962,7,1,0.0941,0.929,0.0513,140.079,-5.079,0.00134,0.138,334040,0,black-metal
0.25,0.168,1,0,0.0329,0.000135,0.136,107.269,-16.789,0.822,0.141,173106,0,jazz
0.242,0.931,7,1,0.0777,0.0792,0.0371,178.937,-7.779,9.83e-06,0.424,209320,0,black-metal
0.419,0.877,7,1,0.102,0.00088,0.712,170.025,-5.468,0.0285,0.397,241951,0,black-metal
0.53,0.689,11,0,0.0367,0.0198,0.232,130.88,-8.596,0.000403,0.398,262440,0,goth
0.454,0.818,6,1,0.0349,1.36e-05,0.301,139.321,-5.472,0.00334,0.523,196000,0,power-pop
0.494,0.994,6,0,0.15,7.44e-06,0.0701,100.028,-2.644,0.000503,0.208,147093,0,industrial
0.245,0.919,0,1,0.179,0.00013,0.084,155.505,-9.826,0.117,0.283,213813,0,club
0.431,0.741,9,1,0.0315,0.00146,0.27,133.011,-6.158,0.0742,0.516,131373,0,power-pop
0.739,0.886,7,1,0.12,0.0112,0.307,145.02,-5.927,0.553,0.814,216933,0,afrobeat
0.549,0.605,5,0,0.0412,1.1e-06,0.123,112.037,-11.541,0.123,0.357,244200,0,new-age
0.37,0.948,5,0,0.05,0.495,0.453,98.128,-6.445,5.05e-06,0.211,223906,0,black-metal
0.23,0.993,1,1,0.112,0.917,0.174,122.15,-2.79,4.09e-05,0.106,84106,0,grindcore
0.313,0.934,1,1,0.132,0.911,0.0997,122.585,-7.191,0.000308,0.275,243466,0,grindcore
0.456,0.558,4,1,0.0274,0.000308,0.256,175.975,-5.251,0.263,0.29,278546,0,heavy-metal
0.199,0.977,9,1,0.0714,0.0,0.388,187.537,-4.057,0.0022,0.368,67480,0,power-pop
0.133,0.99,11,1,0.201,0.937,0.284,160.476,-4.762,1.35e-06,0.0372,74837,0,grindcore
0.638,0.66,7,1,0.0286,0.0,0.197,93.042,-6.793,0.00684,0.398,384320,0,grunge
0.204,0.86,8,1,0.0542,0.886,0.311,131.587,-12.73,3.41e-05,0.0832,410533,0,black-metal
0.307,0.976,2,0,0.279,0.0106,0.311,83.527,-3.552,3.28e-05,0.488,162973,0,death-metal
0.721,0.365,4,1,0.0314,0.0,0.0715,111.596,-11.602,0.667,0.964,123506,0,honky-tonk
0.478,0.585,2,1,0.0354,0.0344,0.112,94.914,-8.447,2.72e-05,0.0458,238293,0,death-metal
0.552,0.519,5,1,0.0265,0.00924,0.0965,84.992,-10.479,0.199,0.459,245160,0,trip-hop
0.477,0.988,2,1,0.185,0.0813,0.258,140.054,-3.628,9.46e-06,0.216,246506,0,black-metal
0.574,0.404,3,1,0.0258,0.000769,0.0576,109.915,-9.973,0.167,0.0667,362813,0,breakbeat
0.313,0.768,1,1,0.0772,0.0687,0.175,115.987,-7.539,0.00457,0.0389,137706,0,grindcore
0.254,0.99,1,1,0.139,0.93,0.263,176.089,-5.143,0.0597,0.238,187493,0,black-metal
0.218,0.91,5,1,0.102,6.04e-06,0.0964,182.998,-4.083,0.000611,0.258,302666,0,industrial
0.297,0.989,2,1,0.157,0.1,0.9,105.011,-3.45,1.27e-05,0.0761,258520,0,death-metal
0.495,0.168,4,1,0.0318,0.0,0.284,74.434,-12.249,0.965,0.573,107533,0,honky-tonk
0.353,0.973,1,1,0.0787,0.708,0.104,118.021,-6.297,1.31e-05,0.286,221546,0,black-metal
0.22,0.986,8,1,0.205,0.54,0.065,149.318,-4.968,4.77e-05,0.0386,139923,0,grindcore
0.617,0.952,2,1,0.168,0.0652,0.0253,111.924,-5.018,0.0226,0.62,230973,0,industrial
0.632,0.96,9,1,0.0991,0.472,0.321,149.013,-5.212,0.00381,0.437,486083,0,hardstyle
0.204,0.91,2,1,0.223,0.546,0.386,191.267,-5.897,0.00495,0.571,150160,0,power-pop
0.199,0.949,2,1,0.0704,0.095,0.029,97.846,-9.068,5.16e-06,0.0842,223466,0,grindcore
0.516,0.763,9,1,0.0461,0.000578,0.0845,128.425,-5.904,0.0427,0.296,272716,0,power-pop
0.287,0.977,7,1,0.138,0.0126,0.0891,99.851,-4.979,6.73e-06,0.278,248853,0,grindcore
0.29,0.643,6,1,0.154,0.453,0.0302,172.281,-7.267,0.000236,0.223,34720,0,grindcore
0.401,0.521,4,0,0.0327,3.82e-06,0.167,155.573,-8.253,0.0981,0.548,265693,0,bluegrass
0.633,0.286,5,1,0.0267,0.0,0.0625,74.797,-15.563,0.346,0.533,174360,0,honky-tonk
0.0848,0.991,11,0,0.0769,0.45,0.219,178.755,-8.197,0.00817,0.108,188772,0,black-metal
0.521,0.94,7,1,0.0627,0.000108,0.0988,115.913,-4.8,0.0116,0.206,309986,0,black-metal
0.265,0.962,4,0,0.101,0.213,0.596,150.655,-6.976,0.000172,0.0754,223626,0,black-metal
0.507,0.98,8,0,0.0762,0.0525,0.156,91.081,-4.557,0.000244,0.753,173600,0,black-metal
0.349,0.874,2,1,0.0457,0.82,0.0867,122.953,-6.27,2.24e-05,0.56,101453,0,grindcore
0.248,0.969,1,1,0.0615,0.721,0.383,148.138,-6.384,0.000158,0.447,157280,0,black-metal
0.459,0.242,0,1,0.0354,0.0173,0.0957,108.175,-12.189,0.898,0.523,251586,0,bluegrass
0.282,0.969,8,1,0.0709,0.678,0.087,184.998,-4.347,0.00011,0.155,157853,0,black-metal
0.684,0.731,10,0,0.0307,0.0486,0.142,128.996,-7.427,0.0605,0.471,259413,0,industrial
0.318,0.994,1,1,0.202,0.596,0.181,96.76,-3.291,1.05e-05,0.126,160133,0,grindcore
0.45,0.76,9,1,0.0399,0.85,0.122,117.721,-7.012,0.0178,0.629,175560,0,garage
0.606,0.982,10,1,0.0563,0.00298,0.466,120.006,-4.822,0.109,0.212,348826,0,industrial
0.287,0.968,8,1,0.115,0.0589,0.0674,127.816,-7.816,8.59e-05,0.32,338426,0,goth
0.3,0.954,6,0,0.211,0.839,0.0741,109.824,-8.236,0.0107,0.283,67333,0,grindcore
0.54,0.721,9,1,0.0255,0.103,0.15,98.07,-7.689,0.000679,0.765,490213,0,goth
0.495,0.54,4,1,0.0389,0.0,0.163,118.359,-9.647,0.718,0.559,185066,0,rock-n-roll
0.447,0.912,9,1,0.0438,0.865,0.212,107.476,-8.377,4.68e-06,0.198,294533,0,industrial
0.64,0.487,4,1,0.0464,0.0,0.166,117.534,-14.023,0.546,0.907,143973,0,rockabilly
0.573,0.917,4,0,0.0527,0.00143,0.117,88.097,-6.892,0.007,0.467,340906,0,heavy-metal
0.295,0.993,4,1,0.113,0.0523,0.091,108.451,-5.378,2.26e-05,0.189,296866,0,death-metal
0.676,0.9,7,0,0.033,0.0135,0.0509,127.704,-7.638,0.00533,0.275,248932,0,disco
0.631,0.353,4,1,0.0308,0.0,0.139,144.596,-12.198,0.854,0.785,169880,0,honky-tonk
0.61,0.772,10,1,0.0311,0.00233,0.132,143.018,-8.113,0.302,0.551,183240,0,disney
0.439,0.971,3,1,0.105,0.00442,0.208,74.906,-4.157,6.89e-05,0.35,322906,0,black-metal
0.165,0.911,11,0,0.0874,0.734,0.111,110.226,-6.797,1.09e-06,0.226,207597,0,death-metal
0.453,0.961,0,1,0.122,0.634,0.0737,114.909,-4.185,3.32e-05,0.184,250333,0,death-metal
0.369,0.955,5,0,0.0866,0.0791,0.312,90.844,-7.553,3.52e-06,0.213,196266,0,grindcore
0.544,0.851,1,1,0.0365,0.756,0.062,124.993,-9.221,4.16e-06,0.369,348000,0,breakbeat
0.27,0.575,8,1,0.0632,0.0,0.908,69.142,-7.51,0.762,0.313,171840,0,club
0.35,0.891,10,0,0.0667,0.849,0.129,149.938,-6.373,7.8e-06,0.179,267851,0,black-metal
0.228,0.968,8,1,0.17,0.000205,0.363,79.748,-4.733,0.000106,0.272,147253,0,grindcore
0.253,0.961,1,1,0.154,9.6e-06,0.378,110.66,-4.657,3.31e-05,0.167,229426,0,death-metal
0.628,0.345,4,1,0.0304,0.0578,0.114,140.985,-12.036,0.71,0.331,178933,0,bluegrass
0.639,0.694,8,1,0.0379,0.00132,0.152,97.96,-15.096,0.00035,0.276,269426,0,industrial
0.547,0.809,11,0,0.0404,0.828,0.228,115.104,-8.466,1.22e-06,0.206,198000,0,black-metal
0.664,0.936,8,1,0.0505,0.774,0.18,116.992,-5.794,0.000331,0.51,247733,0,industrial
0.215,0.894,6,0,0.125,0.0713,0.276,199.794,-5.774,3.63e-05,0.35,214720,0,black-metal
0.489,0.871,0,1,0.173,0.000193,0.106,129.972,-7.152,0.000615,0.234,322573,0,industrial
0.268,0.931,8,1,0.116,0.935,0.33,113.012,-4.027,1.8e-06,0.211,80626,0,grindcore
0.495,0.964,5,1,0.0586,0.0,0.251,116.782,-3.755,0.000128,0.488,108360,0,power-pop
0.404,0.636,4,0,0.0325,0.653,0.0795,140.105,-8.798,0.0643,0.0979,386333,0,black-metal
0.336,0.978,1,1,0.145,0.935,0.153,94.611,-7.955,3.51e-06,0.445,176426,0,grindcore
0.906,0.464,0,1,0.0841,0.0138,0.0872,117.977,-6.764,0.0063,0.754,273826,0,trip-hop
0.319,0.962,8,0,0.169,0.807,0.173,109.061,-3.969,3.14e-06,0.074,50800,0,grindcore
0.215,0.941,8,1,0.13,0.252,0.0602,126.529,-5.128,0.0,0.0328,274240,0,black-metal
0.52,0.339,10,1,0.0303,0.0,0.137,106.906,-10.804,0.806,0.511,159520,0,honky-tonk
0.19,0.935,0,1,0.111,0.834,0.211,75.614,-4.014,0.00352,0.102,359413,0,black-metal
0.549,0.957,2,1,0.0752,0.24,0.34,115.044,-5.38,0.00155,0.175,276600,0,goth
0.444,0.93,7,1,0.0335,0.0524,0.209,97.981,-5.723,4.78e-05,0.801,144800,0,power-pop
0.616,0.329,4,0,0.0341,1.07e-06,0.114,99.338,-8.228,0.535,0.386,126066,0,british
0.173,0.89,4,0,0.0672,0.822,0.237,120.008,-7.81,1.52e-06,0.091,308533,0,black-metal
0.552,0.861,8,1,0.0336,0.592,0.192,120.012,-7.405,0.000624,0.354,252000,0,industrial
0.321,0.996,2,1,0.154,0.0143,0.332,104.048,-5.085,1.23e-05,0.078,156866,0,grindcore
0.24,0.911,1,1,0.103,0.502,0.324,174.03,-8.976,0.000131,0.119,202133,0,grindcore
0.527,0.784,9,0,0.0404,0.0,0.222,143.585,-10.59,0.0587,0.669,254266,0,power-pop
0.268,0.977,1,1,0.187,1.32e-06,0.447,123.173,-5.519,0.0179,0.224,207240,0,grindcore
0.505,0.786,6,1,0.0675,0.705,0.14,81.511,-7.074,3.7e-05,0.398,287439,0,industrial
0.281,0.981,1,0,0.0786,0.956,0.296,106.69,-12.763,3.97e-05,0.0581,80955,0,grindcore
0.794,0.633,5,0,0.0388,0.0271,0.171,95.52,-7.504,0.346,0.952,251240,0,trip-hop
0.477,0.7,2,1,0.0412,0.915,0.114,115.098,-9.668,1.73e-05,0.0395,300000,0,black-metal
0.485,0.8,4,1,0.0592,0.0,0.164,136.401,-6.078,0.014,0.777,217466,0,power-pop
0.213,0.988,1,1,0.143,0.553,0.417,123.222,-4.396,1.26e-06,0.042,109426,0,grindcore
0.455,0.887,9,0,0.0342,0.554,0.116,136.103,-6.57,3.08e-06,0.439,287466,0,black-metal
0.478,0.779,9,1,0.0295,0.00106,0.0954,80.972,-6.041,0.287,0.224,393213,0,power-pop
0.373,0.948,7,1,0.26,0.0,0.906,88.074,-6.379,0.000498,0.12,94720,0,grindcore
0.221,0.992,1,0,0.195,0.000271,0.226,93.706,-4.172,9.71e-05,0.0739,170680,0,death-metal
0.361,0.974,11,0,0.235,0.364,0.376,112.296,-8.603,2.99e-05,0.237,255706,0,grindcore
0.613,0.821,0,1,0.0344,0.783,0.0869,101.99,-8.534,0.00855,0.46,226640,0,trip-hop
0.281,0.979,2,1,0.147,0.0613,0.296,122.254,-4.673,2.28e-06,0.21,94840,0,grindcore
0.631,0.947,10,1,0.0606,0.113,0.0838,146.997,-5.14,0.011,0.191,376007,0,hardstyle
0.489,0.124,2,1,0.0469,0.0,0.089,128.253,-14.855,0.848,0.183,256893,0,bluegrass
0.295,0.841,2,1,0.0414,0.0301,0.0586,152.145,-6.161,3.98e-05,0.676,145186,0,power-pop
0.209,0.947,11,1,0.109,0.197,0.247,89.54,-5.313,2.22e-06,0.23,297306,0,death-metal
0.581,0.948,5,0,0.092,1.05e-05,0.264,157.952,-5.609,0.00306,0.536,218653,0,drum-and-bass
0.526,0.912,11,1,0.0629,0.000104,0.173,108.754,-5.714,0.00883,0.391,228640,0,industrial
0.2,0.973,6,0,0.0784,0.000521,0.331,124.365,-3.391,2.98e-05,0.148,211493,0,black-metal
0.349,0.989,1,0,0.211,0.396,0.199,129.803,-2.889,0.00392,0.0398,165386,0,black-metal
0.271,0.815,9,0,0.06,0.105,0.412,126.994,-7.045,0.00013,0.11,535133,0,black-metal
0.352,0.969,3,1,0.171,0.863,0.238,110.931,-7.501,1.59e-05,0.376,206106,0,grindcore
0.277,0.958,10,1,0.168,0.023,0.174,139.96,-5.002,0.000802,0.0714,258360,0,death-metal
0.378,0.268,1,1,0.0281,0.0123,0.175,68.809,-11.46,0.866,0.409,152226,0,honky-tonk
0.734,0.625,10,0,0.0396,0.784,0.143,95.986,-7.676,0.0554,0.558,267049,0,breakbeat
0.359,0.807,11,1,0.0344,0.633,0.269,117.789,-6.554,3.62e-05,0.251,389653,0,black-metal
0.711,0.466,0,1,0.0323,1.77e-06,0.0975,128.162,-13.933,0.298,0.952,184533,0,disney
0.257,0.512,4,0,0.0372,3.34e-05,0.106,90.61,-6.828,0.281,0.0807,276000,0,opera
0.747,0.296,7,1,0.035,0.00195,0.318,88.036,-10.203,0.935,0.624,75800,0,honky-tonk
0.476,0.919,11,1,0.0661,1.02e-05,0.0345,103.585,-6.178,0.0021,0.827,125546,0,power-pop
0.493,0.989,6,0,0.111,0.00954,0.308,135.995,-5.975,4.18e-05,0.405,282933,0,industrial
0.804,0.719,4,0,0.337,0.0,0.338,112.152,-8.017,0.0812,0.593,167026,0,j-dance
0.578,0.957,1,0,0.0527,0.0,0.365,105.543,-3.506,0.015,0.789,109800,0,power-pop
0.304,0.975,1,1,0.0784,0.568,0.0979,95.573,-5.014,0.00249,0.11,342586,0,industrial
0.653,0.553,2,1,0.0594,0.258,0.118,128.631,-12.327,0.519,0.703,279453,0,synth-pop
0.267,0.961,0,0,0.157,0.815,0.334,134.088,-4.535,5.7e-05,0.503,179666,0,grindcore
0.517,0.908,0,1,0.0364,1.79e-05,0.0744,121.443,-4.15,0.00234,0.577,213693,0,power-pop
0.507,0.509,0,1,0.0277,6.1e-05,0.289,173.309,-7.865,0.648,0.839,182506,0,bluegrass
0.387,0.956,10,1,0.0821,0.811,0.384,120.11,-3.923,4.83e-06,0.155,256306,0,black-metal
0.262,0.763,11,1,0.0517,0.000415,0.185,130.099,-5.057,0.000293,0.277,225935,0,industrial
0.512,0.937,5,0,0.0426,7.69e-06,0.196,149.998,-3.76,0.321,0.67,238960,0,black-metal
0.236,0.949,8,0,0.0552,0.145,0.0938,124.041,-4.078,8.69e-06,0.52,320906,0,death-metal
0.553,0.846,6,0,0.0379,0.0,0.0693,125.258,-8.037,0.00157,0.347,313973,0,grunge
0.43,0.962,10,0,0.153,0.0989,0.51,170.078,-4.63,0.00806,0.316,163346,0,death-metal
0.198,0.983,6,1,0.108,0.000898,0.76,142.749,-5.233,0.0768,0.56,164853,0,power-pop
0.489,0.859,7,1,0.0413,1.16e-06,0.228,92.84,-5.463,0.000179,0.542,54226,0,power-pop
0.564,0.437,4,1,0.161,0.0,0.337,175.27,-14.237,0.616,0.747,160026,0,comedy
0.304,0.959,3,0,0.0829,0.974,0.826,101.764,-8.706,0.232,0.0623,75026,0,grindcore
0.588,0.606,0,1,0.0319,0.0607,0.352,125.967,-11.032,0.0322,0.673,255426,0,power-pop
0.667,0.782,11,0,0.367,0.0,0.16,111.753,-6.673,0.0173,0.76,157786,0,j-dance
0.283,0.317,2,1,0.0299,1.13e-06,0.11,178.097,-13.02,0.523,0.302,222266,0,bluegrass
0.24,0.761,0,0,0.0579,0.969,0.233,124.318,-10.264,2.62e-06,0.506,49026,0,grindcore
0.172,0.747,10,0,0.0489,0.896,0.52,110.922,-13.457,2.75e-05,0.373,264080,0,grindcore
0.517,0.994,10,0,0.103,0.772,0.0641,146.972,-6.545,0.000537,0.175,347040,0,industrial
0.501,0.96,0,1,0.0709,0.000503,0.195,99.917,-4.747,0.0467,0.582,177171,0,power-pop
0.467,0.98,2,1,0.0645,0.598,0.0354,158.048,-3.812,3.5e-06,0.558,227440,0,death-metal
0.29,0.989,1,1,0.176,0.683,0.0594,85.944,-5.762,0.000101,0.0405,208933,0,grindcore
0.333,0.984,8,1,0.164,3.17e-06,0.132,115.464,-4.317,0.000121,0.191,187200,0,death-metal
0.505,0.367,2,1,0.0271,0.0,0.114,142.702,-10.009,0.841,0.564,237106,0,bluegrass
0.58,0.936,4,0,0.0401,0.78,0.299,142.018,-11.539,0.0828,0.62,188706,0,happy
0.227,0.95,10,0,0.174,0.748,0.212,87.225,-6.092,2.54e-06,0.366,199668,0,grindcore
0.539,0.824,4,1,0.0339,0.000188,0.128,108.223,-7.648,0.0016,0.849,215040,0,power-pop
0.545,0.87,0,1,0.0712,0.134,0.116,102.898,-10.97,7.23e-05,0.549,341893,0,industrial
0.372,0.434,0,1,0.0443,0.866,0.468,97.466,-10.476,0.692,0.0634,312373,0,trip-hop
0.193,0.277,2,1,0.0345,0.355,0.138,85.164,-9.531,0.957,0.234,222106,0,goth
0.201,0.973,9,0,0.0984,0.849,0.0803,112.121,-6.173,0.0,0.195,256200,0,black-metal
0.246,0.991,1,0,0.175,0.923,0.113,111.704,-6.861,0.0,0.0847,63093,0,grindcore
0.235,0.933,9,0,0.354,0.813,0.377,125.227,-10.77,0.00461,0.0653,197106,0,grindcore
0.291,0.934,8,1,0.0501,0.11,0.318,153.574,-5.453,6.86e-05,0.537,106600,0,power-pop
0.451,0.988,9,1,0.157,0.514,0.19,106.261,-5.03,0.000108,0.308,153960,0,power-pop
0.446,0.423,2,1,0.0366,0.0,0.105,176.165,-8.175,0.822,0.19,171360,0,club
0.696,0.945,5,1,0.041,0.344,0.294,77.145,-8.089,0.646,0.956,222186,0,power-pop
0.511,0.939,11,0,0.0943,0.0105,0.949,123.997,-6.039,0.000163,0.176,239266,0,club
0.765,0.374,0,1,0.0327,0.00385,0.261,106.689,-10.787,0.672,0.71,103973,0,club
0.252,0.966,1,1,0.147,0.149,0.274,121.48,-4.399,1.04e-06,0.191,100840,0,grindcore
0.324,0.9,2,1,0.0671,0.0,0.0646,175.984,-8.261,0.00206,0.456,160760,0,goth
0.318,0.623,2,0,0.0531,0.935,0.224,90.051,-5.794,1.21e-06,0.192,361800,0,black-metal
0.153,0.83,0,1,0.163,0.267,0.0637,82.773,-17.787,0.00161,0.121,483586,0,black-metal
0.0783,0.995,9,1,0.127,0.000869,0.335,79.255,-3.193,7.97e-06,0.0463,304626,0,death-metal
0.717,0.402,11,1,0.0394,0.000131,0.105,95.509,-12.128,0.72,0.888,205906,0,bluegrass
0.384,0.698,7,1,0.0482,0.0113,0.0882,149.421,-12.67,4.98e-05,0.134,237880,0,grindcore
0.312,0.994,10,1,0.129,0.614,0.334,90.814,-4.093,5e-06,0.0484,194120,0,grindcore
0.387,0.998,2,1,0.137,1.31e-05,0.327,103.344,-4.676,2.82e-05,0.0582,201066,0,grindcore
0.504,0.888,9,1,0.0339,0.795,0.0894,146.975,-2.524,0.0115,0.74,172799,0,rockabilly
0.279,0.958,1,1,0.104,0.92,0.32,101.419,-6.043,0.000256,0.271,228333,0,grindcore
0.501,0.705,9,0,0.0352,0.00045,0.116,173.934,-6.787,0.000413,0.404,254611,0,synth-pop
0.207,0.962,1,1,0.0864,0.897,0.314,95.791,-4.096,0.00641,0.302,244346,0,grindcore
0.518,0.971,2,1,0.118,0.00191,0.0735,145.811,-3.296,0.00266,0.304,215480,0,black-metal
0.518,0.888,7,1,0.0526,0.00317,0.0731,142.997,-2.647,5.91e-05,0.639,246760,0,heavy-metal
0.154,0.922,9,0,0.0879,0.122,0.118,150.399,-5.782,0.000202,0.196,327760,0,black-metal
0.265,0.995,1,0,0.125,0.0898,0.508,100.958,-4.604,3.68e-06,0.0765,91973,0,grindcore
0.48,0.643,7,1,0.0479,1.21e-06,0.0935,200.812,-6.889,0.26,0.91,181133,0,bluegrass
0.344,0.659,7,1,0.0387,0.623,0.0913,130.623,-9.804,0.00771,0.505,216573,0,goth
0.513,0.968,4,1,0.217,0.25,0.37,115.014,-4.002,8.74e-06,0.166,238386,0,black-metal
0.506,0.941,11,0,0.0408,0.093,0.196,129.078,-6.53,1.69e-05,0.262,303466,0,black-metal
0.314,0.985,6,0,0.125,0.914,0.231,130.012,-5.129,1.34e-06,0.0369,306986,0,black-metal
0.276,0.934,6,1,0.0716,0.00219,0.297,137.128,-5.371,6.41e-05,0.307,250693,0,death-metal
0.468,0.939,10,1,0.0937,1.26e-05,0.34,116.218,-6.228,0.000225,0.509,237333,0,grunge
0.416,0.912,10,1,0.133,3.73e-05,0.0826,115.611,-5.188,4.42e-05,0.352,177880,0,grindcore
0.417,0.979,2,0,0.0766,0.0642,0.103,112.223,-3.737,4.44e-06,0.422,212000,0,industrial
0.517,0.905,1,1,0.0364,0.887,0.0894,168.037,-5.476,0.0189,0.112,210141,0,happy
0.344,0.717,2,0,0.0423,1.63e-06,0.0772,186.159,-6.806,0.128,0.436,253533,0,british
0.503,0.281,4,1,0.515,6.18e-06,0.91,86.462,-12.344,0.943,0.416,316906,0,show-tunes
0.582,0.999,0,1,0.067,0.277,0.824,144.983,-6.175,0.0119,0.156,254226,0,happy
0.618,0.311,5,1,0.0335,0.000336,0.11,172.514,-14.823,0.754,0.386,218466,0,trip-hop
0.2,0.987,9,1,0.16,0.528,0.143,115.847,-5.723,1.31e-06,0.138,133773,0,grindcore
0.291,0.963,8,1,0.133,0.701,0.172,102.351,-7.258,0.000122,0.308,231706,0,grindcore
0.258,0.968,10,0,0.113,0.0525,0.0797,98.396,-5.791,0.000209,0.0762,144106,0,grindcore
0.515,0.824,9,1,0.0406,0.0,0.276,124.061,-6.435,0.000253,0.77,215533,0,grunge
0.568,0.416,0,0,0.0398,2.68e-06,0.0371,113.959,-5.531,0.000302,0.282,327506,0,industrial
0.628,0.447,2,1,0.0266,5.65e-05,0.12,109.506,-9.824,0.485,0.488,257613,0,bluegrass
0.555,0.796,4,1,0.0781,0.0325,0.12,119.678,-6.102,0.00016,0.355,211800,0,industrial
0.549,0.878,9,0,0.0473,0.0,0.0806,125.92,-7.017,0.0174,0.395,225533,0,goth
0.386,0.399,10,1,0.031,6.82e-05,0.378,102.175,-12.42,0.75,0.548,149573,0,honky-tonk
0.293,0.635,2,1,0.0545,0.239,0.372,132.486,-16.697,0.0225,0.15,735026,0,goth
0.459,0.881,1,0,0.19,0.000493,0.0515,140.076,-5.597,0.000386,0.324,281093,0,goth
0.362,0.927,9,1,0.0444,0.214,0.0748,174.293,-10.427,0.000739,0.785,173666,0,synth-pop
0.5,0.25,2,1,0.0339,0.0,0.325,129.805,-11.185,0.453,0.58,164200,0,honky-tonk
0.289,0.881,4,1,0.0715,0.724,0.358,130.034,-6.48,3.87e-05,0.301,269413,0,black-metal
0.381,0.957,0,1,0.0664,0.0115,0.679,92.493,-5.685,5.47e-06,0.328,344586,0,death-metal
0.5,0.735,6,0,0.0293,0.013,0.0568,119.42,-6.215,0.124,0.9,243333,0,power-pop
0.195,0.966,1,1,0.181,0.91,0.298,149.787,-3.475,1.08e-05,0.156,63560,0,grindcore
0.244,0.798,1,1,0.116,0.716,0.125,181.326,-8.332,0.000164,0.203,252986,0,death-metal
0.329,0.882,4,0,0.0724,0.928,0.676,134.722,-7.455,6.06e-06,0.073,400293,0,black-metal
0.598,0.971,9,0,0.0374,0.896,0.321,116.035,-4.895,7.21e-06,0.664,323226,0,industrial
0.702,0.539,7,1,0.0719,0.0,0.458,134.825,-5.979,0.675,0.65,248813,0,comedy
0.26,0.957,7,1,0.0694,0.881,0.179,105.707,-13.25,9.61e-06,0.101,96230,0,grindcore
0.399,0.586,9,1,0.0333,0.0837,0.112,121.222,-13.792,0.00433,0.469,457360,0,power-pop
0.656,0.718,3,0,0.0403,0.774,0.118,127.997,-6.343,0.00464,0.927,383600,0,breakbeat
0.393,0.905,5,1,0.0424,0.00662,0.377,96.128,-6.925,0.000557,0.323,297693,0,industrial
0.581,0.226,7,1,0.034,0.0256,0.127,65.531,-10.952,0.983,0.162,176200,0,disney
0.675,0.452,2,1,0.0392,0.284,0.0714,127.901,-11.492,0.0149,0.971,186826,0,synth-pop
0.27,0.95,11,0,0.116,0.0267,0.262,150.117,-5.251,0.00129,0.389,255800,0,death-metal
0.301,0.965,2,1,0.0622,0.876,0.334,199.973,-5.544,2.62e-06,0.317,233760,0,black-metal
0.276,0.98,4,0,0.115,0.0947,0.0799,135.219,-5.422,2.21e-05,0.132,505040,0,grindcore
0.533,0.964,9,1,0.155,0.000623,0.329,138.05,-5.711,0.0256,0.463,172160,0,power-pop
0.68,0.616,8,1,0.0321,0.0,0.136,112.425,-5.955,0.00541,0.374,209240,0,kids
0.266,0.972,6,0,0.108,0.066,0.347,158.53,-4.065,1.82e-05,0.336,138586,0,industrial
0.482,0.941,4,0,0.0572,0.00262,0.358,138.002,-5.256,8.39e-05,0.245,291426,0,death-metal
0.503,0.999,10,0,0.24,0.000107,0.0696,183.998,-2.094,0.00338,0.3,231693,0,industrial
0.468,0.991,5,0,0.155,0.000743,0.235,174.818,-3.441,0.00201,0.391,176666,0,industrial
0.21,0.964,9,1,0.193,0.0368,0.15,158.308,-6.078,2.92e-05,0.136,189240,0,death-metal
0.298,0.974,1,1,0.321,0.63,0.13,123.899,-6.741,0.000203,0.106,85853,0,grindcore
0.299,0.842,6,0,0.111,0.691,0.0742,111.323,-8.981,1.16e-05,0.469,335306,0,death-metal
0.488,0.599,9,0,0.0334,5.5e-06,0.125,134.331,-13.262,0.117,0.224,224016,0,synth-pop
0.405,0.663,0,1,0.0339,0.805,0.175,159.236,-7.782,5.73e-06,0.603,263866,0,industrial
0.169,0.858,7,1,0.083,0.0787,0.413,93.981,-6.175,1.11e-05,0.333,220680,0,death-metal
0.187,0.993,11,0,0.116,0.0229,0.421,102.145,-2.747,1.3e-05,0.0666,93373,0,grindcore
0.465,0.972,11,1,0.0808,0.0,0.153,99.608,-3.235,0.00279,0.741,101773,0,power-pop
0.345,0.995,2,1,0.127,0.928,0.288,126.84,-6.741,0.000491,0.0696,267560,0,grindcore
0.781,0.38,7,1,0.0492,1.01e-06,0.0887,144.887,-12.077,0.0821,0.548,237160,0,synth-pop
0.14,0.962,7,0,0.234,0.891,0.209,93.912,-5.255,2.05e-05,0.0677,209666,0,grindcore
0.208,0.95,8,1,0.234,0.589,0.187,149.48,-5.686,0.00402,0.0935,412173,0,grindcore
0.351,0.942,9,1,0.122,2.23e-06,0.421,116.135,-4.449,0.000179,0.427,181120,0,grindcore
0.405,0.482,2,1,0.0272,0.0,0.0816,148.64,-6.484,0.148,0.449,204826,0,blues
0.505,0.239,4,0,0.0341,0.00504,0.175,95.937,-13.967,0.879,0.338,284773,0,honky-tonk
0.307,0.959,5,1,0.209,3.72e-06,0.348,103.923,-6.841,0.00014,0.0834,115666,0,grindcore
0.665,0.711,11,0,0.0285,0.0313,0.0964,97.816,-9.42,0.00237,0.81,223666,0,goth
0.0689,0.957,7,1,0.0904,0.258,0.0706,185.43,-5.024,2.39e-06,0.0647,409506,0,black-metal
0.7,0.729,9,0,0.0878,0.00209,0.0967,127.988,-10.157,0.436,0.735,222226,0,trip-hop
0.578,0.831,4,1,0.0495,0.0,0.558,122.409,-6.421,0.0707,0.827,191546,0,goth
0.127,0.983,1,1,0.109,0.675,0.33,97.631,-3.909,2.28e-06,0.0585,315786,0,black-metal
0.347,0.955,2,1,0.111,0.000447,0.418,97.775,-5.051,2.96e-05,0.359,192760,0,grindcore
0.577,0.86,9,1,0.0669,6.98e-05,0.0754,125.996,-8.095,0.000215,0.813,235266,0,power-pop
0.832,0.598,7,1,0.0411,6.68e-06,0.339,122.002,-11.115,0.323,0.971,163640,0,rockabilly
0.49,0.92,5,0,0.362,0.0,0.377,158.754,-5.12,0.0965,0.89,178346,0,j-dance
0.347,0.979,7,1,0.0688,0.00186,0.19,199.901,-3.828,2.61e-05,0.467,118266,0,power-pop
0.23,0.988,3,1,0.0948,0.715,0.0374,109.766,-5.06,1.1e-06,0.451,65093,0,grindcore
0.485,0.908,2,1,0.0402,0.321,0.0789,97.029,-8.335,0.000162,0.136,256226,0,industrial
0.556,0.909,4,0,0.0704,0.0159,0.37,117.378,-6.036,0.231,0.839,158600,0,goth
0.566,0.772,9,1,0.0396,0.0,0.0486,92.417,-7.298,0.00256,0.661,166533,0,power-pop
0.385,0.988,9,0,0.163,0.904,0.279,120.009,-3.466,1.76e-06,0.104,145933,0,grindcore
0.269,0.893,7,1,0.0397,0.0,0.498,178.687,-3.595,0.00018,0.879,115466,0,power-pop
0.449,0.852,0,1,0.0445,0.0,0.286,95.971,-4.321,0.000135,0.55,195413,0,metalcore
0.185,0.979,7,1,0.111,0.424,0.132,64.236,-2.712,0.00942,0.0354,86333,0,grindcore
0.42,0.935,0,1,0.169,0.00316,0.285,187.821,-5.686,0.0111,0.481,83613,0,power-pop
0.46,0.861,0,0,0.0595,0.893,0.258,90.127,-3.876,0.00074,0.0975,311786,0,death-metal
0.192,0.99,1,1,0.307,0.105,0.147,166.221,-5.003,2.08e-05,0.565,163960,0,grindcore
0.604,0.869,10,0,0.0475,0.663,0.453,103.01,-5.585,0.000845,0.539,235533,0,breakbeat
0.663,0.759,10,0,0.0869,0.029,0.409,114.037,-14.218,0.000257,0.446,355373,0,industrial
0.435,0.891,7,1,0.0333,0.00262,0.919,127.341,-5.021,0.436,0.77,566200,0,bluegrass
0.631,0.766,3,1,0.0294,0.000681,0.0877,129.287,-7.784,0.242,0.681,202520,0,bluegrass
0.547,0.852,7,1,0.0324,0.0795,0.159,92.983,-5.788,0.00295,0.53,474720,0,industrial
0.565,0.284,4,1,0.0278,3.47e-06,0.105,136.014,-10.222,0.775,0.241,262786,0,bluegrass
0.463,0.794,5,1,0.0363,0.000677,0.214,126.298,-7.95,0.00199,0.813,225986,0,bluegrass
0.444,0.984,1,1,0.0485,0.947,0.552,100.01,-3.418,0.000188,0.21,269626,0,black-metal
0.483,0.945,2,1,0.0618,0.0,0.0935,135.52,-4.328,0.00123,0.667,192333,0,power-pop
0.883,0.563,0,1,0.116,1.69e-05,0.0869,101.138,-7.094,0.29,0.547,244453,0,trip-hop
0.0859,0.849,8,1,0.0801,0.962,0.336,165.985,-5.48,0.00011,0.129,351800,0,black-metal
0.259,0.88,10,1,0.112,0.965,0.408,125.287,-11.59,0.00327,0.0364,96840,0,grindcore
0.358,0.992,2,1,0.268,0.0227,0.398,184.173,-4.362,0.00223,0.137,211493,0,industrial
0.217,0.944,5,1,0.0913,0.00215,0.067,131.803,-4.173,8.96e-06,0.448,159400,0,grindcore
0.269,0.948,9,1,0.0438,0.0,0.348,177.698,-3.855,0.00142,0.613,114586,0,power-pop
0.267,0.751,10,0,0.138,0.874,0.0514,165.614,-6.596,5.05e-06,0.211,119080,0,grindcore
0.524,0.577,4,1,0.0278,0.0,0.224,136.176,-8.192,0.239,0.366,189506,0,power-pop
0.761,0.546,9,1,0.0879,0.0,0.351,140.737,-9.699,0.278,0.815,160933,0,rockabilly
0.261,0.939,1,1,0.0647,0.0764,0.0325,99.479,-10.52,9.78e-06,0.126,147760,0,grindcore
0.615,0.998,10,0,0.22,0.0,0.367,134.048,-2.075,0.00221,0.44,247773,0,industrial
0.369,0.946,5,0,0.239,0.0868,0.0329,96.449,-7.442,0.000818,0.18,149002,0,industrial
0.807,0.204,0,0,0.0602,5.45e-05,0.116,89.997,-16.155,0.13,0.782,281480,0,trip-hop
0.609,0.947,8,0,0.234,0.0,0.956,105.012,-5.823,0.0389,0.177,154626,0,club
0.509,0.999,7,1,0.149,0.81,0.584,124.995,-2.001,2.31e-05,0.136,230373,0,death-metal
0.289,0.967,9,1,0.162,0.182,0.405,90.024,-3.468,8.28e-06,0.265,76320,0,grindcore
0.606,0.828,3,0,0.0306,0.00389,0.108,139.988,-6.599,0.026,0.698,376253,0,industrial
0.786,0.517,0,1,0.0445,0.546,0.0998,136.923,-14.507,0.034,0.958,212573,0,synth-pop
0.629,0.805,3,1,0.39,0.0,0.131,120.203,-6.143,0.249,0.886,175266,0,j-dance
0.524,0.769,2,1,0.0314,4.48e-06,0.103,113.43,-5.262,0.000431,0.262,226973,0,grunge
0.311,0.864,2,1,0.149,0.0381,0.247,104.381,-5.515,0.000217,0.336,269640,0,death-metal
0.581,0.868,7,1,0.0495,0.0305,0.102,119.987,-7.774,0.0037,0.368,250786,0,industrial
0.577,0.828,9,1,0.0383,0.0535,0.0602,142.194,-8.045,0.000351,0.547,219666,0,grunge
0.506,0.98,9,1,0.115,0.378,0.335,113.984,-4.908,2.08e-05,0.168,218706,0,black-metal
0.306,0.986,6,1,0.114,0.768,0.183,95.389,-3.876,4.5e-06,0.138,192880,0,grindcore
0.673,0.994,8,0,0.0845,0.000506,0.153,142.039,-3.358,0.00999,0.46,165520,0,industrial
0.454,0.929,1,1,0.044,0.755,0.836,159.045,-7.451,4.04e-05,0.607,281493,0,industrial
0.209,0.877,1,0,0.0931,0.92,0.201,138.713,-8.187,5.74e-06,0.373,172333,0,grindcore
0.196,0.998,9,0,0.0816,0.0,0.441,110.118,-0.921,0.0022,0.027,55973,0,grindcore
0.219,0.978,9,1,0.148,0.929,0.0811,112.712,-6.503,0.0,0.0755,138626,0,grindcore
0.748,0.31,8,1,0.0448,0.0,0.136,129.924,-8.917,0.488,0.499,148333,0,jazz
0.418,0.797,1,0,0.447,0.0,0.418,67.674,-5.455,0.216,0.6,200080,0,j-dance
0.481,0.977,4,0,0.0712,0.116,0.459,126.003,-4.777,0.00685,0.23,305106,0,industrial
0.171,0.807,8,0,0.055,0.84,0.156,124.244,-7.643,3.31e-06,0.151,394373,0,black-metal
0.57,0.187,11,1,0.0375,0.0,0.121,86.991,-14.113,0.76,0.51,330560,0,bluegrass
0.573,0.356,4,1,0.0267,0.0,0.376,145.054,-9.775,0.545,0.869,148826,0,honky-tonk
0.779,0.937,2,0,0.0385,2.17e-06,0.776,101.873,-5.314,0.0762,0.91,280800,0,breakbeat
0.487,0.924,2,0,0.0708,0.00169,0.0569,147.012,-2.981,0.000117,0.676,225026,0,heavy-metal
0.528,0.972,10,0,0.0325,0.566,0.0771,141.132,-12.377,0.000329,0.273,250761,0,industrial
0.47,0.947,10,0,0.0426,0.241,0.114,115.996,-8.48,0.00606,0.218,363560,0,industrial
0.51,0.341,3,1,0.0269,5.3e-05,0.239,102.227,-8.795,0.702,0.505,137093,0,honky-tonk
0.568,0.977,4,0,0.0892,0.734,0.138,151.878,-3.924,0.000622,0.412,194613,0,industrial
0.588,0.572,7,1,0.0259,0.000661,0.0732,134.923,-7.853,0.624,0.757,147960,0,bluegrass
0.305,0.93,9,0,0.0575,0.0,0.248,137.859,-4.47,0.000114,0.473,193786,0,goth
0.283,0.934,2,0,0.0984,0.925,0.314,124.619,-4.355,1.11e-05,0.126,116493,0,grindcore
0.631,0.18,2,1,0.0288,3.04e-05,0.219,95.438,-15.657,0.966,0.308,173173,0,honky-tonk
0.647,0.97,8,1,0.117,0.63,0.265,119.982,-4.751,0.0303,0.367,332600,0,breakbeat
0.498,0.179,9,1,0.0303,8.19e-05,0.319,116.569,-14.768,0.868,0.587,130160,0,honky-tonk
0.476,0.992,2,1,0.129,0.165,0.269,105.016,-3.297,1.26e-06,0.173,208640,0,death-metal
0.359,0.933,0,1,0.13,2.37e-06,0.0616,106.436,-6.087,0.00193,0.205,84986,0,death-metal
0.61,0.983,1,1,0.0804,0.129,0.958,136.984,-5.69,0.0168,0.488,207266,0,happy
0.469,0.991,9,1,0.155,0.00283,0.0732,110.022,-3.702,0.0136,0.0628,243782,0,death-metal
0.37,0.826,0,1,0.0351,0.00148,0.175,97.029,-5.613,0.000133,0.721,172120,0,power-pop
0.823,0.858,9,0,0.367,0.0,0.359,109.977,-6.445,0.262,0.728,211333,0,j-dance
0.332,0.737,5,0,0.0504,0.0753,0.134,154.014,-8.767,0.000815,0.114,933266,0,trip-hop
0.631,0.148,2,1,0.0296,0.0,0.0876,81.931,-16.116,0.915,0.559,189893,0,honky-tonk
0.755,0.347,2,0,0.0792,2.99e-05,0.115,138.673,-13.853,0.154,0.634,240066,0,kids
0.439,0.739,9,1,0.0339,0.0458,0.227,138.986,-7.746,0.000155,0.308,449280,0,black-metal
0.367,0.962,7,1,0.0842,0.898,0.199,97.105,-6.568,1.11e-06,0.294,213866,0,black-metal
0.254,0.151,8,1,0.0333,0.00415,0.13,138.204,-15.31,0.943,0.12,225866,0,opera
0.216,0.986,6,1,0.117,0.329,0.669,113.09,-4.2,1.21e-05,0.142,282893,0,death-metal
0.665,0.814,8,1,0.0404,0.592,0.432,106.988,-5.812,0.0888,0.45,258733,0,drum-and-bass
0.443,0.801,7,1,0.529,0.0,0.107,77.906,-7.058,0.311,0.611,200746,0,j-dance
0.336,0.982,1,0,0.186,0.477,0.795,134.528,-5.683,4.16e-05,0.0794,208281,0,black-metal
0.515,0.972,4,1,0.0543,0.893,0.0733,151.018,-2.953,0.000245,0.627,177320,0,power-pop
0.382,0.81,7,1,0.0677,4.69e-06,0.741,150.06,-5.696,0.312,0.352,178893,0,club
0.661,0.676,4,0,0.0378,0.00944,0.132,101.268,-7.081,0.0185,0.92,238320,0,synth-pop
0.643,0.923,1,1,0.0767,0.0226,0.044,150.989,-7.49,0.000502,0.547,324052,0,hardstyle
0.653,0.804,7,0,0.0627,0.919,0.0845,148.026,-12.356,3.37e-05,0.632,271751,0,industrial
0.581,0.75,9,1,0.0453,0.00166,0.147,96.184,-8.81,0.906,0.845,122440,0,honky-tonk
0.811,0.653,7,1,0.0908,0.909,0.191,91.952,-8.526,0.149,0.409,358466,0,breakbeat
0.341,0.924,5,0,0.0902,1.43e-06,0.447,123.909,-4.684,1.06e-06,0.0305,230760,0,black-metal
0.277,0.952,7,1,0.0581,0.0,0.775,137.57,-8.153,0.0167,0.345,255760,0,power-pop
0.659,0.305,2,1,0.0269,0.000824,0.106,88.479,-14.039,0.584,0.586,124693,0,honky-tonk
0.537,0.893,5,0,0.0625,1.27e-06,0.22,115.083,-3.719,0.000215,0.467,187333,0,industrial
0.443,0.957,7,1,0.0651,0.328,0.0919,169.998,-5.083,0.000105,0.273,196253,0,happy
0.53,0.729,7,1,0.0411,0.678,0.97,131.753,-10.449,2.73e-05,0.542,689373,0,industrial
0.355,0.982,6,0,0.0916,0.0528,0.439,85.846,-4.614,1.07e-05,0.352,250346,0,grindcore
0.307,0.994,4,0,0.159,0.545,0.206,114.398,-5.256,7.68e-06,0.0648,267399,0,black-metal
0.507,0.871,11,0,0.041,1.92e-06,0.0875,117.004,-9.516,1.61e-05,0.65,229506,0,death-metal
0.801,0.808,0,0,0.0538,0.0011,0.15,122.136,-7.974,0.0291,0.814,278000,0,happy
0.21,0.99,7,1,0.24,0.0,0.38,89.588,-4.503,0.000117,0.117,314920,0,black-metal
0.501,0.311,0,1,0.034,0.0,0.164,100.034,-19.575,0.569,0.769,171000,0,trip-hop
0.376,0.985,7,1,0.0993,0.0171,0.078,103.998,-3.939,3.22e-05,0.318,211280,0,grindcore
0.484,0.871,8,1,0.0457,0.00191,0.133,146.012,-4.839,8.24e-05,0.672,206960,0,death-metal
0.303,0.971,6,0,0.212,0.563,0.336,113.75,-4.53,5.46e-06,0.0635,163813,0,grindcore
0.468,0.836,5,0,0.0434,0.00222,0.111,146.978,-5.279,0.079,0.376,262773,0,trip-hop
0.622,0.816,6,0,0.0483,0.578,0.0991,136.007,-11.095,0.00959,0.427,398152,0,trip-hop
0.16,0.979,5,0,0.104,0.836,0.146,160.48,-5.46,1.53e-06,0.118,219960,0,grindcore
0.513,0.925,4,0,0.0756,0.0525,0.334,98.827,-7.929,0.000117,0.347,399600,0,industrial
0.851,0.278,0,1,0.108,3.58e-06,0.141,127.998,-13.029,0.965,0.825,169039,0,honky-tonk
0.312,0.873,11,0,0.0561,0.569,0.346,184.816,-6.064,1.86e-05,0.179,288320,0,black-metal
0.288,0.988,11,0,0.0998,0.606,0.0785,106.644,-1.374,7.19e-05,0.205,228306,0,death-metal
0.0749,0.824,11,0,0.088,0.855,0.106,80.231,-7.492,0.0,0.322,272453,0,black-metal
0.252,0.743,1,1,0.0403,0.869,0.635,133.303,-13.831,1.21e-05,0.357,103492,0,grindcore
0.279,0.853,0,1,0.0509,0.00119,0.286,149.933,-5.483,4.9e-06,0.287,265293,0,black-metal
0.309,0.434,11,0,0.0356,0.00155,0.317,91.026,-11.351,0.474,0.462,379133,0,opera
0.547,0.918,6,1,0.0367,0.0649,0.126,115.03,-6.9,9.9e-05,0.401,230226,0,industrial
0.305,0.992,9,1,0.0855,0.0902,0.227,94.478,-3.891,3.69e-05,0.12,164533,0,grindcore
0.436,0.29,6,1,0.0315,0.0,0.0805,128.048,-14.841,0.26,0.304,246240,0,power-pop
0.323,0.932,9,1,0.108,0.915,0.0504,108.002,-14.037,1.18e-05,0.0391,170068,0,grindcore
0.397,0.951,1,1,0.0726,0.621,0.293,82.483,-6.074,7.09e-06,0.607,236133,0,black-metal
0.488,0.732,9,1,0.0317,3.65e-05,0.0907,138.023,-5.514,0.37,0.378,196400,0,trip-hop
0.31,0.964,1,1,0.122,0.0868,0.672,130.531,-6.64,0.00316,0.409,185306,0,grindcore
0.348,0.996,7,1,0.0564,0.0,0.421,102.12,-3.269,5.4e-05,0.501,123733,0,power-pop
0.464,0.17,10,1,0.0285,0.0769,0.112,77.005,-14.902,0.893,0.0874,187826,0,opera
0.56,0.92,11,1,0.0334,0.125,0.813,127.074,-9.789,0.0067,0.452,198649,0,industrial
0.192,0.979,2,1,0.147,0.954,0.0479,133.412,-4.777,1.69e-06,0.0351,70344,0,grindcore
0.395,0.912,9,1,0.0967,2.11e-06,0.125,123.271,-4.983,0.00279,0.622,181880,0,power-pop
0.325,0.918,5,0,0.129,0.0,0.291,125.782,-4.309,0.00136,0.254,185466,0,death-metal
0.52,0.703,9,1,0.0363,0.000505,0.986,150.203,-8.019,0.364,0.768,194893,0,bluegrass
0.797,0.562,7,0,0.0302,0.0012,0.179,112.025,-4.792,0.334,0.839,186746,0,rockabilly
0.471,0.855,7,1,0.0421,4.36e-06,0.302,142.771,-7.742,0.00812,0.672,222466,0,honky-tonk
0.302,0.772,4,1,0.0646,0.922,0.437,106.396,-4.145,0.00342,0.27,111933,0,groove
0.574,0.806,11,0,0.028,0.0547,0.122,128.655,-6.75,0.000119,0.828,192866,0,power-pop
0.51,0.908,2,1,0.0788,0.00406,0.194,136.448,-6.758,0.014,0.838,162611,0,garage
0.821,0.429,7,1,0.0347,2.49e-06,0.0513,110.094,-9.391,0.412,0.897,82306,0,children
0.199,0.964,2,1,0.21,0.00646,0.0575,76.065,-4.667,0.000754,0.155,431098,0,death-metal
0.399,0.915,5,0,0.0941,0.00188,0.18,95.501,-5.378,0.00342,0.504,399613,0,death-metal
0.785,0.681,10,0,0.0656,0.76,0.289,129.931,-11.545,0.0202,0.573,222666,0,idm
0.314,0.971,10,0,0.118,0.027,0.293,125.038,-4.794,0.002,0.194,207360,0,death-metal
0.175,0.962,10,0,0.148,0.703,0.263,122.922,-7.383,2.06e-06,0.211,176373,0,black-metal
0.257,0.997,1,1,0.122,0.00371,0.294,115.032,-4.56,2.34e-05,0.243,216093,0,grindcore
0.526,0.818,2,1,0.0364,0.0,0.116,148.377,-4.656,0.0178,0.781,149480,0,power-pop
0.42,0.883,0,1,0.066,0.659,0.0836,200.891,-10.344,0.0225,0.435,314400,0,industrial
0.661,0.841,9,1,0.0344,0.00348,0.358,129.99,-5.849,0.00153,0.211,222493,0,chicago-house
0.402,0.995,1,1,0.117,9.64e-05,0.117,114.074,-3.215,1.18e-05,0.265,191600,0,grindcore
0.686,0.431,5,1,0.0445,0.0,0.0523,173.858,-11.299,0.594,0.961,126760,0,honky-tonk
0.51,0.863,9,0,0.0533,1.04e-05,0.0622,155.324,-11.168,0.0836,0.72,226600,0,synth-pop
0.409,0.321,10,1,0.0328,0.0495,0.34,155.109,-16.102,0.672,0.4,486720,0,guitar
0.333,0.958,2,0,0.107,0.00149,0.128,103.028,-4.279,6.41e-05,0.162,296573,0,heavy-metal
0.259,0.526,7,1,0.0502,2.64e-05,0.568,135.483,-13.228,0.0332,0.162,320400,0,goth
0.341,0.903,1,1,0.0741,0.89,0.606,93.662,-14.599,0.000163,0.285,125226,0,grindcore
0.532,0.984,1,1,0.101,0.102,0.36,110.03,-3.435,1.62e-05,0.384,237840,0,death-metal
0.305,0.84,9,0,0.0657,0.225,0.185,150.859,-9.12,0.000338,0.711,159933,0,goth
0.386,0.926,0,1,0.0846,2.84e-05,0.368,146.954,-5.669,0.00141,0.71,133800,0,power-pop
0.756,0.518,0,1,0.0544,0.0172,0.078,78.292,-9.192,0.0395,0.443,178773,0,synth-pop
0.611,0.886,1,1,0.2,0.014,0.403,159.951,-6.186,0.00929,0.584,253893,0,trip-hop
0.255,0.996,10,1,0.137,0.851,0.215,110.064,-4.79,1.41e-06,0.112,106700,0,grindcore
0.676,0.61,10,0,0.278,0.0,0.319,139.961,-7.044,0.0818,0.36,265773,0,j-dance
0.45,0.976,2,1,0.101,0.309,0.177,152.708,-3.52,6.65e-06,0.329,199266,0,death-metal
0.609,0.943,11,1,0.101,0.138,0.502,106.94,-4.56,0.000147,0.547,226493,0,industrial
0.436,0.928,2,1,0.0575,0.000129,0.254,94.882,-5.483,9.84e-05,0.346,255173,0,heavy-metal
0.414,0.922,2,1,0.0377,0.802,0.125,139.93,-5.348,4.17e-06,0.277,271493,0,black-metal
0.23,0.947,1,1,0.127,0.924,0.282,93.948,-6.995,0.00136,0.332,217600,0,grindcore
0.485,0.244,10,1,0.0266,0.00309,0.086,89.003,-11.248,0.552,0.147,212000,0,disney
0.645,0.574,7,1,0.0917,9.21e-05,0.124,103.921,-12.268,0.56,0.748,362826,0,bluegrass
0.664,0.614,2,1,0.0349,0.0051,0.19,145.247,-8.854,0.744,0.91,268013,0,bluegrass
0.293,0.955,10,0,0.0594,0.829,0.289,170.004,-5.383,7.41e-06,0.327,231450,0,black-metal
0.611,0.706,4,0,0.0403,0.0,0.0944,140.036,-8.106,0.111,0.392,293746,0,goth
0.251,0.988,9,1,0.238,0.881,0.0505,139.438,-3.715,1.29e-05,0.0462,64346,0,grindcore
0.697,0.445,9,1,0.0426,0.0,0.126,119.913,-7.83,0.279,0.429,221906,0,soul
0.144,0.837,2,1,0.0829,0.887,0.682,94.099,-3.044,3.11e-06,0.0306,83240,0,grindcore
0.253,0.95,7,1,0.502,0.000172,0.357,76.201,-4.802,0.0152,0.321,248453,0,grindcore
0.523,0.826,7,1,0.0542,0.71,0.1,124.542,-8.839,0.000199,0.109,334533,0,black-metal
0.248,0.979,8,1,0.0759,0.949,0.212,117.195,-13.399,7.14e-06,0.0399,77637,0,grindcore
0.159,0.983,9,1,0.0834,0.39,0.536,82.935,-2.468,1.15e-05,0.246,34626,0,grindcore
0.64,0.343,9,0,0.03,0.0,0.133,109.854,-8.999,0.678,0.406,184413,0,comedy
0.439,0.255,4,1,0.0297,0.0,0.27,133.245,-13.476,0.926,0.398,117573,0,honky-tonk
0.406,0.987,1,1,0.155,0.00012,0.429,163.999,-4.464,0.000517,0.487,213960,0,industrial
0.393,0.978,10,1,0.209,0.00104,0.152,144.729,-4.214,0.000946,0.0919,241346,0,groove
0.759,0.743,4,0,0.0401,0.00149,0.0326,124.985,-5.481,0.00531,0.517,251546,0,chicago-house
0.202,0.977,1,1,0.0809,0.837,0.322,110.434,-4.243,1.55e-06,0.378,181480,0,grindcore
0.583,0.449,2,1,0.0306,0.559,0.111,116.896,-7.05,0.71,0.0694,180466,0,bluegrass
0.284,0.934,5,0,0.293,0.0347,0.362,144.683,-3.805,0.0107,0.245,220240,0,grindcore
0.488,0.33,9,0,0.0253,0.0206,0.0729,93.157,-14.404,0.517,0.069,388893,0,goth
0.469,0.796,2,1,0.0551,0.197,0.185,96.192,-8.973,0.00145,0.649,188240,0,black-metal
0.26,0.902,0,1,0.0567,0.0274,0.698,152.033,-5.274,0.000178,0.493,167066,0,goth
0.265,0.756,1,1,0.0571,1.32e-05,0.201,80.076,-12.136,0.000939,0.444,224160,0,black-metal
0.254,0.927,4,1,0.0716,0.085,0.207,143.182,-7.606,8.57e-05,0.237,354360,0,black-metal
0.517,0.855,10,1,0.0355,0.00123,0.0678,180.499,-5.594,0.0733,0.913,97866,0,power-pop
0.36,0.948,1,1,0.651,0.00018,0.451,83.495,-6.014,0.17,0.32,250293,0,grindcore
0.127,0.991,1,1,0.102,0.526,0.376,147.027,-3.288,5.36e-06,0.0433,280546,0,death-metal
0.701,0.851,10,1,0.34,0.0,0.188,91.612,-8.007,0.687,0.829,228440,0,j-dance
0.779,0.618,5,1,0.0467,0.000204,0.102,120.961,-7.471,0.608,0.854,204400,0,trip-hop
0.244,0.985,0,1,0.0978,0.253,0.102,71.249,-3.545,8.51e-06,0.195,256252,0,black-metal
0.444,0.88,6,0,0.0399,0.242,0.254,112.009,-6.912,2.74e-06,0.444,206106,0,black-metal
0.522,0.982,0,0,0.117,4.04e-05,0.236,172.862,-3.436,0.000956,0.295,229506,0,industrial
0.656,0.63,7,1,0.0295,0.00421,0.0501,134.665,-12.134,0.543,0.905,230173,0,trip-hop
0.379,0.801,7,0,0.0621,0.0538,0.436,124.979,-10.539,0.0335,0.129,433946,0,black-metal
0.17,0.978,8,0,0.183,0.0,0.353,175.632,-4.483,0.000648,0.234,228053,0,metalcore
0.642,0.542,7,1,0.0367,0.183,0.397,150.116,-11.446,0.00224,0.725,264906,0,breakbeat
0.561,0.276,0,1,0.027,9.35e-05,0.358,96.016,-11.818,0.94,0.693,186946,0,honky-tonk
0.576,0.846,5,0,0.0336,2.89e-06,0.205,136.902,-5.385,0.723,0.562,252866,0,synth-pop
0.221,0.992,10,0,0.151,0.207,0.304,98.179,-4.898,3.49e-06,0.117,156840,0,grindcore
0.205,0.956,2,1,0.0646,0.189,0.0564,160.549,-10.127,1.32e-05,0.233,175533,0,grindcore
0.245,0.962,5,1,0.115,0.0473,0.0748,132.33,-5.85,1.45e-05,0.223,191226,0,death-metal
0.196,0.933,9,1,0.0676,0.000123,0.114,186.301,-6.357,0.00076,0.722,238626,0,grunge
0.564,0.841,11,0,0.0515,7.14e-06,0.108,100.013,-5.505,0.0308,0.201,324440,0,industrial
0.578,0.734,7,1,0.0306,0.000103,0.1,118.503,-10.207,0.000182,0.943,183693,0,power-pop
0.48,0.18,0,1,0.0375,0.0,0.316,158.786,-12.29,0.931,0.519,146533,0,honky-tonk
0.488,0.844,2,1,0.0393,1.5e-06,0.376,125.992,-10.276,9.6e-05,0.67,281333,0,death-metal
0.169,0.958,10,0,0.13,0.703,0.171,110.0,-5.11,1.87e-06,0.139,276324,0,black-metal
0.641,0.696,7,1,0.0281,2.47e-06,0.0852,112.069,-7.108,0.468,0.458,272826,0,synth-pop
0.596,0.979,1,1,0.0967,0.000116,0.425,129.944,-2.929,0.00521,0.68,282608,0,industrial
0.0855,0.995,2,1,0.372,0.0152,0.988,81.51,-9.285,0.000706,0.0263,502586,0,black-metal
0.313,0.919,10,0,0.0949,0.497,0.538,133.896,-5.822,1.01e-05,0.22,32306,0,grindcore
0.391,0.892,7,1,0.0545,0.0,0.733,90.155,-5.226,0.0112,0.414,140546,0,club
0.271,0.933,9,1,0.0906,1.63e-06,0.364,187.454,-9.07,0.114,0.743,222466,0,power-pop
0.405,0.715,0,1,0.044,0.0,0.139,77.112,-7.362,0.000776,0.693,171813,0,power-pop
0.52,0.845,0,1,0.183,0.0,0.348,122.934,-5.177,0.548,0.864,201466,0,j-dance
0.357,0.453,9,0,0.0319,0.00034,0.0856,164.057,-8.88,0.867,0.0764,340946,0,goth
0.491,0.641,2,1,0.0291,0.011,0.036,137.845,-9.348,0.000486,0.388,296800,0,black-metal
0.676,0.907,9,0,0.0385,0.00177,0.0908,120.04,-5.711,0.0315,0.629,238106,0,synth-pop
0.259,0.972,1,1,0.193,0.892,0.0918,106.5,-8.255,1.26e-05,0.365,162533,0,grindcore
0.615,0.673,2,1,0.254,0.029,0.17,84.933,-12.366,0.0013,0.382,290573,0,industrial
0.389,0.991,1,1,0.181,8.47e-05,0.201,154.06,-4.917,0.000529,0.153,195653,0,death-metal
0.64,0.696,0,1,0.0269,0.00155,0.294,115.289,-8.37,0.000532,0.892,180533,0,power-pop
0.296,0.995,4,0,0.121,0.929,0.386,97.319,-2.521,2.46e-05,0.0707,74240,0,grindcore
0.411,0.906,1,1,0.159,0.957,0.0755,122.028,-11.763,1.87e-06,0.321,81160,0,grindcore
0.404,0.579,8,1,0.0356,0.000579,0.361,133.248,-7.472,0.667,0.839,161333,0,honky-tonk
0.164,0.856,9,0,0.0599,0.0247,0.24,130.919,-4.534,2.66e-06,0.163,294720,0,black-metal
0.199,0.998,6,0,0.162,0.00682,0.0419,107.331,-4.425,2.6e-05,0.038,183200,0,grindcore
0.703,0.528,10,0,0.0657,0.0133,0.393,110.06,-16.199,0.0159,0.265,281560,0,industrial
0.432,0.983,11,0,0.1,0.425,0.348,104.945,-2.469,8.04e-06,0.101,179773,0,black-metal
0.285,0.788,7,1,0.171,0.821,0.262,132.234,-3.907,1.41e-06,0.0791,344379,0,grindcore
0.32,0.985,4,0,0.0957,0.043,0.312,95.735,-4.452,0.000764,0.593,121026,0,death-metal
0.126,0.799,9,0,0.0646,0.91,0.133,97.189,-6.192,7.64e-06,0.137,324213,0,black-metal
0.263,0.957,4,1,0.0897,0.0063,0.378,172.932,-6.887,2.29e-05,0.204,144973,0,power-pop
0.528,0.423,2,1,0.025,0.00215,0.276,84.097,-10.147,0.0717,0.474,224426,0,power-pop
0.179,0.994,8,1,0.191,0.916,0.0885,138.382,-5.352,0.000316,0.0398,245720,0,black-metal
0.478,0.902,6,0,0.0447,0.878,0.303,134.98,-6.734,1.41e-05,0.224,274146,0,black-metal
0.541,0.929,11,0,0.0595,0.0111,0.812,107.009,-4.891,0.00159,0.316,273826,0,industrial
0.44,0.292,5,1,0.0328,5.72e-05,0.131,142.437,-10.516,0.824,0.349,252960,0,comedy
0.451,0.971,1,1,0.147,0.181,0.206,166.621,-3.737,0.000522,0.273,166600,0,grunge
0.432,0.894,3,0,0.0666,0.777,0.112,115.1,-7.934,9.8e-05,0.0954,366823,0,black-metal
0.337,0.955,9,0,0.0839,0.891,0.862,142.457,-5.061,5.98e-06,0.151,411506,0,black-metal
0.546,0.976,2,1,0.0948,0.00131,0.0788,109.984,-6.447,7.09e-06,0.142,162560,0,death-metal
0.595,0.921,0,1,0.0987,0.0,0.812,102.35,-7.329,0.179,0.937,208840,0,disco
0.733,0.986,3,1,0.236,1.28e-05,0.1,112.46,-2.661,0.00545,0.0748,150240,0,industrial
0.19,0.988,1,1,0.146,0.8,0.176,135.208,-4.592,1.3e-06,0.0792,102799,0,grindcore
0.182,0.943,8,1,0.0931,0.887,0.047,85.678,-4.036,1.18e-05,0.285,168013,0,grindcore
0.159,0.973,4,1,0.104,0.0208,0.137,101.408,-4.724,4.59e-06,0.0752,322333,0,black-metal
0.258,0.943,1,1,0.184,0.00547,0.12,124.178,-5.929,0.00106,0.194,310306,0,industrial
0.413,0.92,2,1,0.0644,0.0,0.306,132.062,-3.391,1.49e-05,0.196,230533,0,heavy-metal
0.507,0.387,0,1,0.0264,0.0,0.143,140.66,-11.812,0.623,0.26,233466,0,honky-tonk
0.283,0.962,10,1,0.103,0.748,0.103,168.237,-3.528,3.55e-06,0.179,175506,0,black-metal
0.514,0.966,4,0,0.108,0.0448,0.0781,140.019,-4.967,0.00012,0.429,342137,0,goth
0.416,0.846,6,1,0.0377,0.00527,0.0905,101.183,-8.412,5.56e-05,0.333,231333,0,black-metal
0.262,0.996,10,0,0.174,0.941,0.226,126.547,-5.346,1.45e-06,0.0729,45826,0,grindcore
0.328,0.727,9,1,0.0728,0.00028,0.137,138.228,-6.841,0.0191,0.4,500000,0,industrial
0.468,0.85,7,1,0.0358,0.0117,0.35,90.023,-2.553,0.232,0.127,283440,0,industrial
0.215,0.956,11,1,0.0975,0.87,0.119,129.865,-6.195,1.56e-06,0.176,356560,0,black-metal
0.16,0.993,8,1,0.332,0.629,0.341,167.903,-4.662,4.98e-05,0.256,228933,0,grindcore
0.167,0.165,5,1,0.0396,0.000111,0.135,178.839,-15.852,0.954,0.157,167813,0,show-tunes
0.396,0.961,2,1,0.0485,0.00723,0.135,133.177,-5.824,1.17e-05,0.438,140800,0,power-pop
0.183,0.894,2,1,0.0995,0.923,0.253,99.231,-7.954,1.01e-06,0.163,220600,0,grindcore
0.436,0.93,2,1,0.0498,0.0245,0.263,120.038,-6.227,2.12e-06,0.332,405626,0,black-metal
0.323,0.902,9,1,0.11,0.00663,0.161,147.309,-6.034,0.000528,0.407,307932,0,industrial
0.551,0.133,1,1,0.0311,0.0,0.284,115.869,-16.172,0.956,0.372,108333,0,honky-tonk
0.539,0.363,4,0,0.0329,0.0633,0.108,79.049,-14.125,0.832,0.145,195573,0,bluegrass
0.555,0.118,5,1,0.109,0.0,0.127,171.683,-20.553,0.892,0.77,153000,0,bluegrass
0.643,0.682,7,1,0.0327,2.43e-06,0.21,138.001,-10.123,0.319,0.923,278266,0,trip-hop
0.742,0.311,0,1,0.0362,0.265,0.158,109.679,-14.76,0.731,0.608,142160,0,honky-tonk
0.483,0.424,0,1,0.0292,0.0,0.1,114.717,-7.724,0.498,0.256,169213,0,comedy
0.126,0.989,5,1,0.108,0.817,0.123,148.658,-5.089,0.0,0.163,254000,0,grindcore
0.223,0.046,6,1,0.0398,3.72e-05,0.0804,86.356,-18.845,0.985,0.282,170360,0,opera
0.384,0.746,2,1,0.0339,0.00181,0.137,125.0,-4.825,0.00162,0.0774,393986,0,goth
0.576,0.98,9,1,0.0948,0.0127,0.192,169.999,-5.147,0.00372,0.496,169293,0,happy
0.526,0.576,4,1,0.0286,5.58e-05,0.102,119.924,-6.392,0.233,0.424,183686,0,bluegrass
0.52,0.948,8,0,0.0344,0.00975,0.918,142.984,-5.242,0.00424,0.478,202906,0,happy
0.61,0.808,6,1,0.0549,0.44,0.362,137.086,-5.957,0.0952,0.556,291373,0,afrobeat
0.324,0.989,9,1,0.234,0.0389,0.113,178.297,-3.044,5.1e-05,0.334,187533,0,black-metal
0.266,0.921,6,1,0.0387,0.658,0.0929,88.255,-6.115,0.000736,0.399,246200,0,black-metal
0.525,0.93,7,0,0.0387,0.0338,0.11,120.142,-4.414,0.000139,0.229,300653,0,black-metal
0.39,0.939,0,1,0.093,2.05e-05,0.328,190.669,-3.598,0.0178,0.371,284493,0,grunge
0.242,0.927,7,1,0.19,0.585,0.531,89.56,-7.412,0.00536,0.28,183333,0,grindcore
0.381,0.957,10,0,0.0919,0.824,0.296,110.126,-5.62,2.06e-06,0.299,290849,0,black-metal
0.45,0.987,0,1,0.0859,3.37e-05,0.808,119.982,-2.784,0.000206,0.149,254733,0,black-metal
0.535,0.934,7,1,0.0364,0.211,0.375,130.956,-4.28,0.00103,0.97,172200,0,power-pop
0.353,0.997,9,1,0.0769,0.0,0.26,155.615,-2.947,0.00259,0.526,147400,0,power-pop
0.423,0.435,0,1,0.0275,0.0,0.0932,75.348,-10.028,0.00857,0.24,229640,0,power-pop
0.425,0.104,6,1,0.0321,0.0017,0.0982,119.931,-17.586,0.673,0.26,268706,0,bluegrass
0.823,0.571,6,1,0.0808,0.0268,0.21,104.075,-8.693,0.227,0.531,276026,0,trip-hop
0.33,0.984,6,1,0.0977,0.176,0.336,96.111,-6.569,0.000168,0.219,216000,0,grindcore
0.278,0.967,10,0,0.097,0.963,0.333,177.44,-2.299,5.97e-06,0.0561,237000,0,death-metal
0.315,0.948,8,1,0.102,0.198,0.326,113.139,-7.621,9.69e-05,0.318,188000,0,black-metal
0.558,0.31,7,1,0.0283,1.65e-06,0.122,108.06,-9.789,0.908,0.0913,219786,0,club
0.546,0.966,6,1,0.0961,0.87,0.125,150.003,-5.347,0.0141,0.424,276840,0,industrial
0.237,0.963,2,0,0.108,0.00018,0.0698,84.729,-3.433,2.11e-05,0.144,213266,0,heavy-metal
0.674,0.0688,2,1,0.0404,0.00183,0.11,147.701,-13.152,0.914,0.0698,156973,0,bluegrass
0.622,0.842,9,0,0.0514,0.556,0.54,109.032,-10.034,0.0895,0.307,348946,0,trip-hop
0.47,0.976,1,1,0.129,0.00478,0.11,104.972,-3.759,0.0459,0.248,243506,0,goth
0.613,0.873,10,0,0.0416,0.68,0.803,128.0,-9.269,2.65e-05,0.475,326666,0,industrial
0.464,0.94,5,1,0.0372,0.0499,0.212,143.976,-4.423,0.00168,0.0948,230093,0,happy
0.646,0.809,4,0,0.0745,0.00109,0.207,92.5,-9.072,0.000264,0.39,288333,0,industrial
0.401,0.938,9,0,0.0533,0.787,0.454,89.176,-4.99,2.02e-06,0.316,252466,0,black-metal
0.504,0.58,2,0,0.029,0.000366,0.0805,88.024,-7.43,0.00821,0.255,330560,0,goth
0.371,0.71,1,1,0.339,0.00395,0.38,123.928,-12.48,0.398,0.288,121853,0,grindcore
0.244,0.977,9,1,0.109,0.9,0.118,101.945,-5.353,1.53e-06,0.111,120786,0,grindcore
0.28,0.98,7,0,0.0859,0.606,0.152,122.891,-8.968,0.00728,0.0662,302333,0,death-metal
0.416,0.971,9,0,0.0983,0.009,0.448,87.425,-3.469,0.000153,0.204,239400,0,industrial
0.494,0.925,8,1,0.0404,3.02e-05,0.292,153.948,-5.564,0.0161,0.83,200133,0,power-pop
0.382,0.965,7,0,0.226,0.835,0.197,116.462,-4.557,9.68e-06,0.0771,97986,0,grindcore
0.477,0.969,4,0,0.126,0.0,0.289,101.04,-0.88,0.00279,0.513,218333,0,rockabilly
0.466,0.864,11,0,0.0427,0.205,0.301,150.034,-4.036,0.000516,0.502,304640,0,goth
0.239,0.966,1,1,0.149,0.895,0.346,104.888,-6.104,0.000931,0.366,324106,0,grindcore
0.611,0.636,4,1,0.0273,1.39e-06,0.07,133.483,-12.171,0.0285,0.969,193120,0,power-pop
0.45,0.814,9,1,0.0503,0.0051,0.0633,140.143,-8.855,0.00043,0.561,232440,0,power-pop
0.747,0.876,0,1,0.0358,0.0,0.309,123.47,-7.028,0.155,0.935,256453,0,trip-hop
0.576,0.504,9,1,0.0343,0.00434,0.0877,76.241,-8.346,0.00676,0.31,354506,0,industrial
0.496,0.819,7,1,0.0443,0.883,0.135,118.679,-10.219,0.00906,0.0461,248226,0,trip-hop
0.567,0.892,0,0,0.0477,0.000482,0.422,143.98,-5.964,8.21e-05,0.621,216413,0,industrial
0.201,0.888,3,0,0.072,0.853,0.378,134.763,-6.474,2.72e-06,0.0783,72906,0,grindcore
0.481,0.578,4,0,0.0258,0.0153,0.238,99.988,-9.292,0.364,0.267,556926,0,goth
0.54,0.797,7,0,0.0617,0.165,0.12,128.291,-10.777,0.434,0.935,288933,0,afrobeat
0.437,0.951,11,0,0.0619,0.702,0.417,105.036,-6.528,2.28e-05,0.273,291200,0,black-metal
0.204,0.956,11,0,0.116,0.0147,0.105,176.908,-6.306,1.87e-05,0.318,240226,0,power-pop
0.288,0.986,5,1,0.193,0.074,0.747,107.41,-4.661,1.08e-05,0.0441,250253,0,grindcore
0.585,0.263,10,0,0.242,0.0,0.139,98.768,-11.035,0.917,0.354,209480,0,show-tunes
0.668,0.62,7,1,0.186,0.004,0.0804,80.016,-7.878,0.0846,0.395,382306,0,trip-hop
0.553,0.939,10,0,0.0782,0.219,0.316,130.045,-5.364,0.00119,0.276,276253,0,death-metal
0.479,0.926,7,0,0.0934,0.736,0.144,115.009,-9.217,1.06e-05,0.0722,321320,0,black-metal
0.477,0.808,2,0,0.0588,0.0027,0.105,156.418,-5.819,0.00173,0.215,219733,0,industrial
0.324,0.584,10,1,0.0325,0.000308,0.144,112.051,-10.741,0.000958,0.334,272840,0,power-pop
0.494,0.726,10,1,0.0381,0.0,0.0612,167.288,-4.545,0.0304,0.736,239266,0,trip-hop
0.273,0.93,0,1,0.0622,0.821,0.176,133.877,-8.294,9.43e-05,0.455,199600,0,power-pop
0.258,0.564,4,0,0.0467,0.583,0.17,114.917,-9.345,0.000628,0.037,275066,0,black-metal
0.274,0.996,3,1,0.131,0.676,0.349,110.858,-1.348,0.000825,0.0357,56360,0,grindcore
0.366,0.97,2,0,0.0836,0.0533,0.415,122.419,-7.273,1.64e-06,0.0664,244533,0,black-metal
0.352,0.372,0,1,0.0745,4.5e-06,0.744,171.745,-9.112,0.902,0.145,228826,0,show-tunes
0.146,0.899,9,0,0.0827,0.512,0.113,138.602,-6.411,2.27e-06,0.109,252786,0,black-metal
0.726,0.7,6,0,0.121,0.367,0.0713,142.988,-5.958,0.00343,0.339,408827,0,hardstyle
0.403,0.622,2,1,0.0331,0.558,0.924,140.366,-11.38,0.726,0.83,796533,0,bluegrass
0.388,0.879,5,0,0.0554,0.0158,0.344,144.922,-12.571,0.0975,0.675,228093,0,power-pop
0.166,0.845,6,0,0.129,0.846,0.208,114.304,-5.19,0.0029,0.0294,344106,0,black-metal
0.244,0.75,1,1,0.0902,0.912,0.0835,110.904,-14.828,1.09e-05,0.233,126400,0,grindcore
0.579,0.534,9,0,0.0406,0.0,0.1,120.01,-8.287,0.226,0.145,283386,0,black-metal
0.553,0.605,7,1,0.0326,0.000159,0.273,132.717,-8.354,0.934,0.773,202746,0,bluegrass
0.238,0.947,5,0,0.0651,7.52e-05,0.255,84.526,-5.132,0.00113,0.325,291133,0,black-metal
0.305,0.849,9,1,0.0549,0.0567,0.464,141.793,-10.795,5.82e-05,0.32,211533,0,goth
0.241,0.882,8,1,0.0792,0.692,0.114,109.698,-8.735,2.88e-06,0.237,254600,0,grindcore
0.47,0.268,5,1,0.0256,2.22e-06,0.0916,92.593,-10.167,0.829,0.131,214693,0,bluegrass
0.365,0.971,7,1,0.0755,0.124,0.239,93.683,-4.223,1.69e-05,0.328,202066,0,grindcore
0.252,0.824,1,1,0.0842,0.454,0.401,92.309,-7.813,3.33e-05,0.104,244413,0,death-metal
0.479,0.8,4,1,0.0715,1.74e-05,0.341,115.98,-7.477,0.023,0.716,207960,0,bluegrass
0.524,0.971,7,1,0.0721,0.899,0.349,173.037,-3.72,9.24e-05,0.35,255261,0,drum-and-bass
0.413,0.723,0,1,0.0335,0.000631,0.27,149.799,-5.785,0.000265,0.195,225266,0,black-metal
0.524,0.987,0,1,0.0638,0.00406,0.262,135.003,-2.426,0.0037,0.441,173373,0,death-metal
0.353,0.709,6,0,0.0458,0.852,0.106,135.092,-8.389,4.68e-05,0.0677,401240,0,black-metal
0.19,0.992,11,1,0.104,0.815,0.256,131.051,-5.929,1.83e-06,0.0731,329586,0,black-metal
0.413,0.937,0,1,0.0485,0.000105,0.238,134.993,-8.99,2.17e-05,0.604,235400,0,power-pop
0.568,0.865,5,0,0.0318,0.0072,0.2,99.013,-5.267,0.000101,0.423,231240,0,heavy-metal
0.496,0.507,5,0,0.027,0.0,0.215,101.117,-8.384,0.48,0.311,184466,0,synth-pop
0.496,0.887,11,0,0.0474,0.00521,0.518,155.99,-6.001,1.27e-05,0.549,164257,0,black-metal
0.399,0.505,0,0,0.15,0.886,0.279,123.971,-13.524,0.000438,0.2,63400,0,grindcore
0.569,0.577,10,0,0.0699,0.00913,0.0758,71.707,-9.719,0.00877,0.961,247080,0,punk-rock
0.215,0.889,5,1,0.195,0.806,0.386,100.133,-7.689,0.00604,0.207,156617,0,grindcore
0.262,0.971,2,1,0.332,0.851,0.308,155.77,-8.172,7.3e-06,0.33,302880,0,grindcore
0.626,0.396,2,1,0.0292,9.02e-05,0.059,133.852,-9.019,0.576,0.304,224880,0,bluegrass
0.257,0.998,4,0,0.14,0.00722,0.0624,152.167,-2.859,3.19e-05,0.0597,212533,0,black-metal
0.348,0.953,9,0,0.066,3.05e-06,0.688,141.713,-2.836,0.041,0.93,97680,0,power-pop
0.325,0.82,8,0,0.762,0.105,0.16,162.366,-7.555,0.0767,0.861,68506,0,grindcore
0.494,0.923,9,0,0.116,0.0,0.148,174.914,-2.013,0.149,0.719,165586,0,rockabilly
0.625,0.626,9,1,0.0341,0.00138,0.0837,117.602,-13.575,0.0793,0.752,276960,0,synth-pop
0.615,0.976,9,1,0.0673,0.0205,0.588,129.921,-1.961,0.257,0.583,266626,0,industrial
0.481,0.953,11,1,0.096,1.45e-05,0.0754,131.977,-3.324,2.98e-05,0.517,221952,0,black-metal
0.241,0.986,4,1,0.249,0.0746,0.265,127.431,-2.893,0.00876,0.0393,446453,0,black-metal
0.355,0.846,4,0,0.0384,0.259,0.257,159.973,-6.12,0.000174,0.504,223626,0,industrial
0.173,0.979,7,1,0.157,0.943,0.162,119.346,-3.842,1.4e-06,0.0639,143733,0,grindcore
0.651,0.299,0,1,0.031,0.000111,0.0669,127.977,-13.182,0.737,0.262,200881,0,show-tunes
0.349,0.994,9,1,0.0978,0.008,0.204,104.387,-5.989,1.84e-06,0.141,122586,0,black-metal
0.323,0.89,7,1,0.108,0.863,0.109,115.581,-7.209,6.09e-06,0.238,186967,0,grindcore
0.345,0.844,0,1,0.0725,0.00497,0.172,161.465,-6.656,0.000212,0.384,144333,0,grunge
0.332,0.952,10,1,0.0804,0.801,0.345,105.235,-4.563,1.19e-06,0.384,220146,0,death-metal
0.178,0.987,4,0,0.0827,0.0,0.634,171.719,-5.47,0.00173,0.144,134106,0,power-pop
0.447,0.509,0,1,0.0279,0.00136,0.0809,83.916,-7.236,0.894,0.285,218133,0,rockabilly
0.596,0.42,10,1,0.0255,0.0103,0.094,91.899,-10.584,0.776,0.431,188406,0,power-pop
0.501,0.342,2,1,0.0314,0.0,0.129,130.411,-13.237,0.915,0.668,154960,0,honky-tonk
0.225,0.969,10,1,0.105,0.724,0.3,164.839,-5.162,5.53e-05,0.0663,456266,0,black-metal
0.606,0.972,9,1,0.0459,0.000161,0.338,151.049,-4.872,0.0217,0.856,172733,0,country
0.177,0.911,10,1,0.0687,0.682,0.336,156.018,-6.871,4.31e-05,0.103,592493,0,black-metal
0.198,0.989,10,0,0.125,0.00322,0.379,101.198,-5.037,5.33e-05,0.0714,193019,0,grindcore
0.378,0.981,1,0,0.102,0.973,0.203,91.128,-3.826,1.65e-06,0.21,111426,0,grindcore
0.499,0.96,6,1,0.0728,0.0,0.388,109.96,-3.847,0.000878,0.474,155560,0,death-metal
0.439,0.675,1,1,0.0311,0.0526,0.0933,133.926,-7.375,2.19e-05,0.379,226280,0,club
0.607,0.169,0,1,0.0303,0.000497,0.276,92.161,-16.433,0.981,0.317,127066,0,honky-tonk
0.619,0.947,9,0,0.0635,0.00102,0.173,150.949,-2.44,0.0116,0.691,192160,0,breakbeat
0.24,0.988,9,1,0.169,0.000305,0.159,178.973,-3.098,0.000448,0.625,165653,0,power-pop
0.463,0.682,7,1,0.864,0.0,0.722,150.377,-8.097,0.782,0.523,205506,0,comedy
0.346,0.999,0,1,0.184,0.00983,0.306,137.923,-4.912,0.00225,0.0375,59853,0,grindcore
0.268,0.991,2,0,0.0565,0.00369,0.0684,162.23,-5.481,3.64e-06,0.191,289133,0,black-metal
0.378,0.893,1,1,0.0442,0.229,0.384,129.433,-5.051,0.000144,0.251,191508,0,power-pop
0.551,0.997,2,1,0.112,0.617,0.0806,111.976,-0.974,1.03e-05,0.121,195562,0,metalcore
0.277,0.886,7,1,0.0648,0.874,0.181,81.707,-7.724,5.36e-05,0.434,271933,0,death-metal
0.751,0.897,1,1,0.0468,2.72e-05,0.329,119.97,-3.602,0.00957,0.483,260696,0,alternative
0.736,0.781,5,1,0.0443,0.0138,0.0796,110.014,-3.98,0.00124,0.787,272506,0,funk
0.249,0.954,9,0,0.0434,2.92e-05,0.234,185.472,-3.262,0.000125,0.851,187800,0,psych-rock
0.449,0.938,1,1,0.056,0.473,0.147,174.017,-4.944,0.00114,0.103,282758,0,drum-and-bass
0.307,0.784,1,0,0.08,0.324,0.101,74.807,-13.418,1.97e-05,0.294,316293,0,grindcore
0.497,0.409,5,1,0.029,0.0,0.077,78.825,-7.755,0.852,0.386,297146,0,bluegrass
0.668,0.683,1,1,0.039,0.897,0.626,122.47,-12.862,0.00544,0.675,363026,0,industrial
0.586,0.609,1,1,0.0349,0.809,0.304,122.919,-12.924,0.000706,0.196,432866,0,breakbeat
0.549,0.802,4,1,0.0308,2.7e-06,0.625,115.599,-9.925,0.0655,0.894,210200,0,club
0.25,0.974,1,1,0.188,0.44,0.129,150.046,-5.143,3.61e-05,0.104,427506,0,black-metal
0.636,0.765,5,1,0.0447,0.0139,0.113,170.838,-8.253,0.256,0.897,187640,0,trip-hop
0.405,0.469,0,1,0.0437,0.0,0.383,205.402,-12.32,0.452,0.921,156720,0,honky-tonk
0.741,0.667,7,0,0.0731,0.0354,0.0964,151.705,-10.335,0.105,0.615,257333,0,trip-hop
0.521,0.67,2,1,0.0327,0.659,0.0744,148.417,-10.742,0.258,0.872,258466,0,club
0.62,0.585,2,1,0.0248,0.00978,0.108,104.859,-9.549,0.218,0.831,228608,0,bluegrass
0.678,0.559,1,0,0.0544,0.374,0.12,90.014,-9.198,0.179,0.213,271946,0,trip-hop
0.727,0.671,8,0,0.122,0.0,0.319,90.965,-5.357,0.335,0.569,219226,0,j-dance
0.376,0.179,3,1,0.0369,0.0,0.111,155.332,-11.792,0.893,0.206,229520,0,country
0.318,0.995,6,1,0.179,0.0,0.426,175.756,-1.76,0.00875,0.49,165920,0,death-metal
0.466,0.953,11,0,0.0533,0.00104,0.25,107.861,-6.814,0.00242,0.708,133533,0,power-pop
0.532,0.998,3,0,0.132,0.0,0.228,111.709,-2.17,0.00155,0.373,166253,0,death-metal
0.689,0.709,1,0,0.32,0.0,0.784,144.807,-6.735,0.212,0.639,174546,0,j-dance
0.623,0.678,1,0,0.243,0.0,0.172,175.682,-5.452,0.285,0.781,212727,0,j-dance
0.296,0.871,9,1,0.0741,0.439,0.133,157.969,-10.508,0.000146,0.251,236706,0,metalcore
0.544,0.996,1,1,0.116,0.012,0.18,105.996,-2.853,0.000628,0.136,221986,0,death-metal
0.543,0.915,0,0,0.0414,4.29e-06,0.0571,150.007,-4.658,0.00242,0.55,231967,0,hardstyle
0.514,0.933,9,1,0.0342,0.0136,0.119,158.967,-5.549,0.00798,0.96,150893,0,power-pop
0.651,0.71,7,1,0.101,0.0,0.34,107.094,-8.34,0.0147,0.557,214493,0,j-dance
0.463,0.747,7,1,0.033,0.000787,0.423,138.574,-4.651,0.00983,0.201,231080,0,honky-tonk
0.467,0.854,6,1,0.332,0.0,0.387,102.732,-7.102,0.153,0.631,166640,0,j-dance
0.127,0.39,2,1,0.0304,1.26e-06,0.119,89.024,-7.361,0.296,0.132,194826,0,opera
0.568,0.886,4,1,0.0419,0.23,0.206,137.681,-4.355,0.000537,0.218,575226,0,death-metal
0.305,0.902,0,1,0.096,0.0119,0.185,112.623,-6.227,3.74e-05,0.248,158720,0,metalcore
0.283,0.832,1,0,0.106,0.482,0.15,85.519,-12.433,7.87e-06,0.347,284026,0,grindcore
0.49,0.522,4,1,0.0272,0.0291,0.104,92.99,-9.246,0.551,0.0796,217629,0,idm
0.863,0.726,9,1,0.0494,0.0302,0.0735,132.574,-6.649,0.415,0.93,346133,0,disco
0.262,0.964,2,0,0.185,0.315,0.142,147.996,-5.841,0.000127,0.102,205293,0,industrial
0.716,0.859,6,0,0.135,0.0904,0.0827,146.002,-4.665,0.000603,0.0683,424367,0,happy
0.751,0.797,6,1,0.0717,0.809,0.0529,174.087,-8.949,0.0113,0.1,292759,0,happy
0.229,0.917,6,0,0.0887,0.198,0.0703,122.882,-6.095,0.0411,0.329,442213,0,heavy-metal
0.407,0.983,11,1,0.109,0.21,0.314,100.981,-2.165,1.2e-05,0.164,256026,0,metalcore
0.798,0.605,4,0,0.0978,0.0127,0.109,120.003,-8.385,0.126,0.609,295733,0,trip-hop
0.362,0.912,6,0,0.0448,0.0,0.0489,190.024,-5.085,5.36e-05,0.444,169506,0,garage
0.136,0.969,4,1,0.109,0.0104,0.109,152.629,-4.911,4.81e-06,0.0842,84586,0,grindcore
0.75,0.564,1,1,0.0236,0.0,0.0931,113.528,-8.67,0.179,0.672,260613,0,funk
0.498,0.807,0,1,0.0428,0.00903,0.178,99.949,-5.246,0.000708,0.455,159626,0,power-pop
0.473,0.989,10,0,0.188,0.127,0.215,109.953,-5.709,1.78e-05,0.0395,240226,0,goth
0.504,0.716,7,0,0.0411,0.00469,0.0867,175.014,-7.122,0.00534,0.0903,311146,0,drum-and-bass
0.512,0.714,9,1,0.0372,0.785,0.934,144.958,-13.245,0.000153,0.268,431893,0,industrial
0.295,0.738,2,1,0.0319,0.781,0.131,171.665,-6.739,0.303,0.625,313773,0,bluegrass
0.773,0.78,6,1,0.114,0.0,0.152,104.978,-3.539,0.333,0.858,188000,0,j-dance
0.692,0.553,2,1,0.0389,3.01e-05,0.305,125.903,-6.164,0.596,0.356,186906,0,alt-rock
0.319,0.682,1,0,0.0563,0.00853,0.308,99.739,-9.386,6.58e-05,0.139,38480,0,grindcore
0.691,0.904,9,1,0.0295,3.96e-05,0.108,110.025,-6.162,0.0872,0.866,189413,0,club
0.462,0.553,2,0,0.0308,0.767,0.171,142.172,-9.534,0.818,0.859,129506,0,honky-tonk
0.611,0.933,6,1,0.304,0.0,0.241,106.479,-2.483,0.486,0.789,169461,0,j-dance
0.274,0.994,10,0,0.154,0.107,0.34,199.936,-2.04,1.58e-05,0.228,249893,0,metalcore
0.39,0.708,0,0,0.0357,0.0,0.106,77.482,-8.577,0.0062,0.258,240249,0,metalcore
0.699,0.837,1,1,0.214,0.0,0.0705,143.693,-4.55,0.00304,0.404,161653,0,j-dance
0.782,0.904,11,0,0.0395,0.0032,0.54,108.978,-8.233,0.323,0.936,248920,0,breakbeat
0.404,0.882,10,1,0.0688,2.91e-06,0.91,124.891,-5.726,0.00123,0.295,303423,0,goth
0.861,0.383,0,0,0.214,0.0864,0.228,121.955,-11.832,0.203,0.693,235786,0,trip-hop
0.548,0.924,10,0,0.0832,0.669,0.295,174.089,-4.124,0.00039,0.66,203917,0,drum-and-bass
0.21,0.979,10,1,0.184,0.00126,0.84,140.341,-6.431,1.63e-06,0.171,57240,0,grindcore
0.534,0.0106,1,1,0.0738,0.942,0.0961,112.692,-21.413,0.989,0.17,393067,0,new-age
0.5,0.907,6,0,0.0301,0.864,0.247,133.045,-4.805,0.000335,0.483,296600,0,breakbeat
0.166,0.687,7,1,0.0394,3.45e-05,0.188,151.263,-5.253,0.00332,0.198,433513,0,world-music
0.731,0.61,2,1,0.0301,1.26e-05,0.0772,113.13,-5.477,0.558,0.586,201786,0,power-pop
0.63,0.852,10,0,0.108,0.82,0.653,177.966,-9.686,0.0016,0.302,305998,0,happy
0.451,0.895,8,1,0.0481,0.00342,0.397,96.957,-4.534,0.000674,0.686,116986,0,power-pop
0.29,0.0372,8,1,0.0415,0.918,0.23,82.141,-17.504,0.943,0.197,106559,0,idm
0.552,0.862,6,1,0.0411,4.19e-05,0.114,120.032,-5.693,0.00148,0.742,222506,0,goth
0.784,0.809,1,1,0.168,0.00277,0.176,84.051,-6.386,0.234,0.651,171386,0,trip-hop
0.804,0.653,7,1,0.0589,0.312,0.373,132.645,-9.913,0.0102,0.779,512320,0,chicago-house
0.304,0.971,5,1,0.145,0.344,0.0653,122.563,-4.905,2.47e-05,0.0399,298666,0,grindcore
0.734,0.205,9,1,0.398,1.59e-06,0.102,118.974,-15.432,0.892,0.558,199013,0,comedy
0.579,0.783,2,1,0.146,0.111,0.664,107.103,-6.854,0.00226,0.203,173266,0,power-pop
0.443,0.884,8,1,0.207,0.0,0.103,82.172,-1.625,0.155,0.594,188153,0,j-dance
0.447,0.803,2,1,0.0541,0.000776,0.374,161.984,-5.774,0.00191,0.572,178800,0,power-pop
0.407,0.31,2,1,0.0315,0.0218,0.131,119.185,-11.873,0.636,0.336,283706,0,bluegrass
0.607,0.692,9,1,0.0265,0.0322,0.259,129.08,-6.601,0.414,0.677,271613,0,bluegrass
0.314,0.264,6,1,0.0417,0.0,0.101,92.669,-15.305,0.698,0.454,356600,0,world-music
0.45,0.995,7,1,0.0726,0.887,0.0813,173.994,-3.784,2.72e-05,0.897,251866,0,drum-and-bass
0.675,0.753,0,1,0.0264,0.00727,0.0882,111.495,-5.64,0.0601,0.866,280226,0,trip-hop
0.618,0.761,6,1,0.0872,0.374,0.0812,150.051,-4.882,0.0961,0.167,317666,0,hardstyle
0.386,0.972,4,0,0.074,0.141,0.383,102.874,-5.015,0.000135,0.234,451675,0,death-metal
0.288,0.726,2,1,0.0333,0.848,0.359,77.521,-6.752,0.00056,0.603,232813,0,power-pop
0.381,0.959,8,1,0.0842,1e-05,0.168,177.095,-5.368,0.000277,0.552,281053,0,industrial
0.561,0.824,9,1,0.0384,2.06e-05,0.339,119.997,-4.584,0.00265,0.731,221133,0,honky-tonk
0.32,0.995,11,1,0.222,0.768,0.312,175.96,-4.38,4.92e-06,0.0362,280666,0,black-metal
0.322,0.909,4,0,0.0524,0.0291,0.134,112.117,-6.254,1.86e-05,0.0793,273800,0,grindcore
0.354,0.62,4,1,0.0302,0.0,0.225,136.82,-5.898,0.0424,0.528,170813,0,garage
0.583,0.867,6,1,0.385,0.0,0.0863,129.974,-4.614,0.0887,0.759,213106,0,j-dance
0.621,0.634,5,0,0.259,0.0,0.0877,173.924,-5.751,0.192,0.339,156969,0,j-dance
0.476,0.574,1,0,0.177,0.271,0.324,132.139,-9.621,0.737,0.49,150840,0,trip-hop
0.493,0.674,11,0,0.0378,0.0081,0.412,88.89,-8.374,0.0641,0.46,207800,0,drum-and-bass
0.515,0.879,7,1,0.0596,0.673,0.134,175.005,-7.736,6.79e-05,0.106,435506,0,drum-and-bass
0.696,0.898,0,0,0.0329,0.0646,0.461,134.028,-4.664,0.0388,0.759,208227,0,happy
0.621,0.932,7,1,0.0421,0.000517,0.0992,112.456,-5.303,0.0305,0.908,214360,0,rockabilly
0.684,0.847,9,0,0.273,3.53e-05,0.0842,158.046,-6.52,0.148,0.551,298591,0,happy
0.439,0.998,2,0,0.249,0.000203,0.218,131.059,-1.854,3.58e-05,0.0382,217520,0,grunge
0.223,0.897,9,1,0.0971,0.191,0.131,95.002,-11.907,8.42e-06,0.221,403493,0,grindcore
0.402,0.854,6,0,0.0474,0.000359,0.389,90.033,-4.053,0.00471,0.199,283559,0,goth
0.802,0.68,5,0,0.217,0.0,0.319,99.982,-5.912,0.344,0.766,179406,0,j-dance
0.329,0.84,9,0,0.0787,0.000405,0.105,169.962,-5.006,0.000691,0.284,361106,0,goth
0.439,0.989,1,0,0.182,0.006,0.347,133.971,-4.51,0.000335,0.0899,153653,0,death-metal
0.818,0.711,10,1,0.0323,0.00049,0.212,119.029,-6.087,0.335,0.869,246259,0,trip-hop
0.396,0.981,7,1,0.0633,3.52e-05,0.194,115.804,-4.153,0.00329,0.761,128066,0,power-pop
0.539,0.929,2,1,0.0622,0.569,0.088,92.512,-7.413,0.00284,0.0456,325280,0,goth
0.447,0.941,9,1,0.0786,0.155,0.0935,76.59,-4.566,6.16e-05,0.558,255093,0,grindcore
0.22,0.236,7,0,0.032,0.0,0.16,88.165,-10.515,0.676,0.0393,278946,0,opera
0.211,0.969,4,1,0.0972,0.00545,0.347,101.464,-4.581,0.00014,0.0503,436633,0,black-metal
0.824,0.62,5,0,0.199,0.0,0.115,96.448,-7.562,0.0736,0.412,211053,0,j-dance
0.484,0.966,4,0,0.0486,0.000181,0.196,140.019,-4.961,2.07e-05,0.332,298121,0,heavy-metal
0.527,0.542,4,1,0.0363,0.000494,0.205,192.027,-9.047,0.466,0.678,267122,0,bluegrass
0.496,0.716,9,0,0.275,0.0,0.11,79.896,-4.909,0.114,0.411,213470,0,j-dance
0.759,0.914,9,1,0.0374,0.803,0.342,109.998,-7.616,0.0186,0.727,299400,0,afrobeat
0.829,0.689,5,0,0.0706,0.709,0.12,123.977,-9.539,0.0619,0.734,433626,0,deep-house
0.555,0.718,0,0,0.0473,0.945,0.04,150.002,-6.317,0.00235,0.152,326507,0,hardstyle
0.463,0.981,11,1,0.0488,1.13e-05,0.348,110.005,-4.448,0.00018,0.693,129960,0,power-pop
0.157,0.979,2,1,0.0819,0.81,0.594,84.19,-3.972,8.57e-05,0.227,163226,0,garage
0.374,0.956,3,1,0.106,0.344,0.292,110.1,-3.897,1.95e-06,0.151,226586,0,grindcore
0.489,0.998,10,0,0.111,0.00783,0.225,174.957,-1.725,0.0077,0.678,272952,0,happy
0.611,0.792,5,1,0.306,0.0,0.0779,105.256,-5.486,0.17,0.851,169157,0,j-dance
0.55,0.956,1,0,0.0869,0.163,0.0707,150.031,-5.166,0.427,0.266,286875,0,happy
0.366,0.635,1,1,0.0328,0.00313,0.196,127.394,-7.414,0.000984,0.704,178973,0,power-pop
0.316,0.247,1,1,0.0281,0.0,0.118,184.666,-11.831,0.766,0.358,162013,0,bluegrass
0.295,0.992,8,0,0.132,0.197,0.378,161.037,-5.094,1.57e-06,0.182,493440,0,black-metal
0.352,0.987,6,1,0.072,0.0062,0.335,149.984,-5.596,5.25e-05,0.144,493440,0,black-metal
0.335,0.0617,5,1,0.0345,0.000433,0.139,168.675,-14.874,0.98,0.238,161386,0,bluegrass
0.533,0.995,6,0,0.191,0.000771,0.594,174.991,-2.352,0.00667,0.185,282984,0,happy
0.46,0.983,5,1,0.0672,0.159,0.14,169.033,-6.44,0.00624,0.415,317170,0,happy
0.354,0.998,2,1,0.114,0.000159,0.302,165.086,-0.703,8.71e-06,0.322,185374,0,metalcore
0.484,0.772,6,1,0.0428,5.51e-06,0.0906,138.937,-7.371,0.0971,0.663,143613,0,goth
0.577,0.988,8,1,0.182,0.000267,0.287,174.977,-2.244,0.00307,0.272,260844,0,happy
0.526,0.64,2,1,0.0408,0.0,0.159,84.943,-6.397,0.791,0.93,118213,0,rockabilly
0.463,0.98,9,1,0.0951,0.00031,0.409,128.002,-4.181,0.000388,0.337,316866,0,death-metal
0.499,0.682,2,0,0.152,0.0,0.327,106.823,-6.07,0.155,0.783,180468,0,j-dance
0.47,0.984,9,1,0.0609,0.000674,0.726,119.7,-3.628,0.000389,0.834,129600,0,power-pop
0.177,0.995,1,1,0.213,0.0271,0.505,99.116,-3.353,3.78e-06,0.0388,133320,0,grindcore
0.228,0.954,11,0,0.192,0.135,0.0856,93.682,-4.264,5.74e-06,0.239,154320,0,grindcore
0.27,0.955,5,0,0.242,0.522,0.0826,136.701,-4.559,9.63e-05,0.257,70560,0,grindcore
0.394,0.885,9,0,0.0575,0.856,0.0956,135.024,-4.079,8.68e-05,0.349,327814,0,death-metal
0.461,0.98,10,0,0.102,0.0781,0.0627,104.996,-7.587,4.14e-05,0.35,204596,0,metalcore
0.502,0.94,4,1,0.0813,0.0,0.366,123.03,-6.427,0.0135,0.318,235000,0,world-music
0.337,0.431,0,1,0.0306,0.0,0.125,179.846,-6.958,0.701,0.528,160453,0,bluegrass
0.959,0.598,8,1,0.0713,0.0,0.358,127.028,-5.534,0.0358,0.408,213000,0,hip-hop
0.396,0.295,4,1,0.0343,7.6e-05,0.0989,155.531,-15.126,0.625,0.187,248586,0,british
0.316,0.982,7,1,0.174,0.886,0.125,115.787,-5.468,1.05e-05,0.118,202306,0,grindcore
0.806,0.591,4,0,0.182,0.217,0.0947,178.161,-13.786,0.0272,0.738,249400,0,dub
0.584,0.968,11,0,0.0716,0.0226,0.297,149.929,-5.076,0.0232,0.13,248408,0,hardstyle
0.592,0.932,1,1,0.0558,0.859,0.073,133.987,-5.412,5.42e-06,0.677,125859,0,death-metal
0.293,0.441,7,1,0.0384,0.184,0.092,82.474,-9.799,0.348,0.282,314533,0,synth-pop
0.396,0.907,1,0,0.0703,9.52e-06,0.226,95.066,-5.236,1.7e-05,0.338,215546,0,metalcore
0.623,0.37,5,1,0.273,0.0,0.288,96.445,-11.849,0.794,0.607,169773,0,j-dance
0.308,0.771,11,1,0.039,0.00182,0.118,140.334,-6.873,0.0679,0.772,176346,0,garage
0.412,0.983,8,1,0.0914,0.213,0.255,150.009,-4.296,2.08e-05,0.307,174200,0,death-metal
0.318,0.849,10,1,0.207,0.0251,0.325,141.374,-5.754,2.85e-05,0.222,210453,0,grindcore
0.567,0.964,6,1,0.0731,0.465,0.149,147.988,-5.664,0.0061,0.404,514054,0,hardstyle
0.399,0.729,1,0,0.0383,0.000156,0.117,98.779,-6.54,6.43e-05,0.484,188986,0,metalcore
0.217,0.695,11,0,0.0596,5.33e-06,0.221,93.262,-6.802,0.00031,0.216,225920,0,metalcore
0.69,0.454,10,0,0.0573,0.254,0.254,100.534,-18.655,0.000881,0.246,503626,0,trip-hop
0.611,0.508,9,1,0.0306,0.163,0.118,95.187,-10.434,0.866,0.773,162771,0,bluegrass
0.579,0.976,11,0,0.0908,0.0526,0.959,149.951,-4.063,0.00872,0.0558,257152,0,hardstyle
0.521,0.937,11,0,0.076,0.746,0.111,174.035,-10.369,0.00033,0.712,407706,0,drum-and-bass
0.551,0.968,1,0,0.123,0.169,0.212,105.047,-5.242,0.01,0.272,290733,0,breakbeat
0.7,0.56,4,1,0.188,0.0,0.0938,101.66,-13.497,0.497,0.911,133826,0,rockabilly
0.539,0.993,4,0,0.0701,0.844,0.0372,175.997,-1.115,4.44e-05,0.337,392727,0,drum-and-bass
0.852,0.8,11,0,0.129,0.0,0.0535,112.128,-3.788,0.00836,0.629,163468,0,j-dance
0.319,0.868,2,1,0.0514,0.931,0.197,174.968,-7.217,5.42e-05,0.0986,212013,0,drum-and-bass
0.76,0.913,9,1,0.0469,0.0132,0.0668,105.752,-6.89,0.0836,0.826,313640,0,synth-pop
0.138,0.916,8,1,0.104,0.304,0.767,178.542,-6.32,4.68e-05,0.278,195960,0,death-metal
0.748,0.644,8,0,0.243,0.0,0.247,96.035,-8.688,0.0593,0.895,175626,0,j-dance
0.459,0.981,1,0,0.0813,0.396,0.674,150.069,-4.463,0.00364,0.311,216012,0,hardstyle
0.756,0.223,0,1,0.0322,6.53e-05,0.131,136.039,-11.049,0.837,0.903,151560,0,honky-tonk
0.308,0.963,2,1,0.0753,0.113,0.327,164.556,-4.646,0.0,0.705,157311,0,black-metal
0.426,0.198,10,0,0.0392,0.0,0.0708,137.28,-11.538,0.847,0.372,171333,0,show-tunes
0.22,0.343,10,0,0.0357,0.0,0.19,180.49,-7.925,0.925,0.156,136133,0,show-tunes
0.658,0.688,8,1,0.0584,0.0,0.0934,84.431,-4.273,0.121,0.506,212720,0,j-dance
0.393,0.616,7,1,0.0428,0.0,0.152,97.458,-7.564,0.0444,0.275,239866,0,afrobeat
0.336,0.991,4,0,0.148,0.022,0.563,113.283,-3.799,1.31e-05,0.285,119133,0,grindcore
0.809,0.402,5,1,0.0941,0.0,0.352,123.383,-12.753,0.776,0.938,164933,0,honky-tonk
0.136,0.983,4,1,0.0583,0.724,0.214,170.673,-4.194,2.39e-05,0.431,161266,0,power-pop
0.4,0.801,11,0,0.0348,0.0088,0.134,128.163,-6.885,0.0734,0.5,282933,0,power-pop
0.33,0.7,2,0,0.0363,7.51e-05,0.109,83.977,-6.556,0.00782,0.241,301800,0,goth
0.549,0.706,9,0,0.0364,0.19,0.143,97.014,-9.223,0.189,0.136,296720,0,goth
0.512,0.522,0,1,0.0282,0.203,0.119,134.943,-8.077,0.226,0.0734,338520,0,goth
0.751,0.955,11,0,0.111,0.000782,0.333,132.037,-5.832,0.128,0.822,176619,0,kids
0.792,0.436,7,1,0.0555,0.948,0.0871,89.988,-10.644,0.018,0.631,299133,0,trip-hop
0.707,0.522,7,1,0.259,0.876,0.105,208.065,-9.798,0.0691,0.727,278140,0,trip-hop
0.856,0.56,7,1,0.349,0.000453,0.0797,129.983,-5.408,0.0704,0.809,302893,0,breakbeat
0.793,0.761,11,0,0.044,0.884,0.111,130.003,-9.848,0.00331,0.873,324266,0,idm
0.49,0.539,10,1,0.0308,2.07e-06,0.21,171.979,-9.069,0.639,0.788,176053,0,bluegrass
0.614,0.842,10,0,0.298,0.0,0.181,140.004,-5.412,0.472,0.635,209146,0,j-dance
0.307,0.943,9,1,0.0907,0.0548,0.311,94.271,-3.357,0.00255,0.562,206040,0,industrial
0.516,0.941,10,0,0.0374,0.00811,0.146,86.997,-2.954,0.00716,0.18,252590,0,drum-and-bass
0.258,0.974,4,1,0.0637,0.993,0.194,155.944,-7.602,0.00471,0.148,345742,0,black-metal
0.181,0.942,10,0,0.0982,0.714,0.112,152.13,-7.231,7.48e-06,0.133,337980,0,black-metal
0.635,0.465,11,0,0.0273,0.0,0.0467,99.967,-5.394,0.476,0.4,226684,0,goth
0.492,0.506,10,0,0.118,0.00032,0.104,163.522,-8.022,0.58,0.338,213706,0,alt-rock
0.454,0.974,10,0,0.112,0.205,0.106,109.998,-6.038,0.000104,0.0514,194414,0,death-metal
0.405,0.87,3,0,0.0791,0.0,0.122,142.842,-6.04,0.00535,0.0694,294800,0,death-metal
0.361,0.924,4,1,0.0672,2.09e-06,0.307,139.54,-4.468,0.253,0.63,121053,0,power-pop
0.3,0.963,1,1,0.0829,0.00379,0.165,134.553,-7.103,1.22e-05,0.22,202066,0,death-metal
0.465,0.936,10,0,0.0934,0.000353,0.29,100.01,-8.334,0.000157,0.281,242830,0,metalcore
0.466,0.759,11,0,0.0311,0.0405,0.171,180.021,-8.148,0.0304,0.659,367191,0,industrial
0.398,0.56,11,0,0.249,0.00035,0.0671,167.832,-10.57,0.0211,0.0707,255453,0,trip-hop
0.196,0.877,2,1,0.0909,0.347,0.541,144.488,-3.31,4.1e-05,0.211,149130,0,power-pop
0.544,0.933,4,0,0.045,5.38e-05,0.306,135.228,-8.093,0.0197,0.443,261893,0,goth
0.731,0.816,7,1,0.0483,0.0,0.128,119.056,-6.214,0.00152,0.568,177333,0,synth-pop
0.521,0.827,10,0,0.0514,0.0235,0.0999,101.99,-7.225,0.0412,0.411,270000,0,emo
0.332,0.936,9,1,0.0514,0.275,0.389,92.557,-2.34,3.36e-05,0.484,250799,0,death-metal
0.815,0.606,7,1,0.0704,0.033,0.107,125.991,-11.369,0.0853,0.32,261002,0,synth-pop
0.349,0.295,4,1,0.0326,1.38e-05,0.109,151.777,-9.786,0.644,0.174,271633,0,synth-pop
0.473,0.923,6,1,0.0715,0.0335,0.0694,172.024,-2.72,0.0402,0.0923,297455,0,drum-and-bass
0.333,0.902,11,1,0.0459,0.000792,0.143,154.889,-4.831,7.3e-05,0.782,81199,0,garage
0.411,0.985,1,1,0.0461,0.0102,0.118,174.008,-1.025,0.0133,0.377,273103,0,drum-and-bass
0.511,0.848,8,1,0.042,0.0,0.18,125.012,-6.544,0.00577,0.384,253466,0,industrial
0.718,0.518,8,0,0.305,0.036,0.0741,119.912,-8.52,0.157,0.741,231008,0,minimal-techno
0.656,0.766,7,1,0.329,0.0,0.0999,97.704,-4.46,0.59,0.813,190706,0,j-dance
0.414,0.669,3,1,0.0382,0.00409,0.291,157.594,-5.716,0.0166,0.821,116278,0,power-pop
0.793,0.842,10,0,0.365,0.0,0.0648,95.042,-9.33,0.242,0.841,241240,0,j-dance
0.456,0.314,9,0,0.0399,0.874,0.0804,105.918,-11.722,0.468,0.167,324573,0,idm
0.757,0.673,8,1,0.0372,0.0,0.284,100.024,-6.553,0.0213,0.639,232610,0,afrobeat
0.189,0.985,1,1,0.244,2.6e-05,0.422,198.444,-4.909,0.000193,0.191,226104,0,death-metal
0.457,0.981,8,1,0.104,4.86e-05,0.401,132.01,-4.11,9.08e-05,0.191,262329,0,death-metal
0.213,0.907,6,1,0.078,0.807,0.121,159.903,-6.146,2.5e-05,0.091,703425,0,grindcore
0.484,0.944,9,1,0.044,0.905,0.442,89.041,-5.446,0.00665,0.418,256040,0,industrial
0.304,0.958,11,1,0.0624,0.000294,0.134,203.96,-3.421,0.0039,0.734,129621,0,power-pop
0.264,0.911,11,0,0.159,0.0,0.123,134.115,-2.127,0.000275,0.21,196440,0,goth
0.583,0.889,7,1,0.035,0.0,0.642,110.023,-4.112,0.00235,0.301,274164,0,industrial
0.353,0.973,1,1,0.117,0.0,0.105,167.92,-3.126,0.00764,0.707,169658,0,power-pop
0.668,0.473,10,1,0.0583,0.0,0.224,112.213,-14.607,0.443,0.888,140000,0,honky-tonk
0.389,0.685,7,1,0.0327,9.45e-05,0.122,75.019,-8.478,0.00859,0.125,298080,0,world-music
0.855,0.853,2,1,0.305,0.0,0.361,100.15,-4.873,0.292,0.488,156013,0,j-dance
0.787,0.677,6,1,0.0761,1.14e-06,0.27,101.925,-4.987,0.575,0.577,195417,0,j-dance
0.658,0.645,5,0,0.139,0.0,0.129,168.066,-6.464,0.0223,0.671,217607,0,j-dance
0.33,0.96,9,1,0.0443,0.00059,0.329,97.456,-4.21,0.000221,0.431,102240,0,power-pop
0.34,0.914,1,0,0.157,0.625,0.371,126.787,-2.667,0.000164,0.281,226105,0,death-metal
0.673,0.799,7,1,0.287,1.8e-06,0.0987,130.169,-6.584,0.0387,0.936,199392,0,j-dance
0.775,0.942,8,1,0.294,0.0,0.0626,105.047,-0.429,0.0743,0.468,224000,0,j-dance
0.409,0.996,9,0,0.172,0.383,0.272,92.072,-0.636,5.09e-06,0.218,192874,0,metalcore
0.647,0.275,7,1,0.0286,0.000786,0.112,95.848,-9.135,0.89,0.323,228506,0,country
0.734,0.631,8,0,0.721,0.0,0.252,96.158,-9.79,0.62,0.842,155641,0,j-dance
0.165,0.997,9,0,0.236,0.857,0.222,95.92,-1.8,0.00222,0.0383,136466,0,grindcore
0.688,0.713,1,1,0.45,0.0,0.187,184.853,-6.427,0.0567,0.737,261133,0,trip-hop
0.297,0.902,10,0,0.0797,0.863,0.151,108.129,-4.846,2.86e-06,0.291,92319,0,grindcore
0.313,0.892,8,1,0.103,0.845,0.312,109.071,-4.254,1.69e-05,0.269,141179,0,grindcore
0.546,0.833,1,0,0.0427,0.324,0.307,137.027,-5.295,1.3e-05,0.636,218080,0,goth
0.211,0.96,0,1,0.0661,0.825,0.39,125.699,-4.323,1.75e-06,0.395,101129,0,grindcore
0.358,0.946,1,1,0.0495,0.855,0.75,122.518,-4.412,1.26e-05,0.638,63439,0,grindcore
0.385,0.988,6,0,0.102,0.862,0.79,116.888,-4.762,4.93e-06,0.265,79843,0,grindcore
0.276,0.918,1,1,0.111,0.882,0.514,142.141,-4.129,6.56e-06,0.4,105494,0,grindcore
0.403,0.932,11,0,0.0765,0.865,0.53,98.724,-4.276,3.78e-06,0.382,74130,0,grindcore
0.256,0.952,11,1,0.166,0.962,0.358,125.042,-4.433,2.15e-06,0.333,101313,0,grindcore
0.801,0.946,1,1,0.364,0.0,0.171,101.865,-1.02,0.0833,0.39,129890,0,j-dance
0.783,0.689,4,0,0.0882,0.0,0.0915,120.147,-5.805,0.212,0.45,192000,0,j-dance
0.588,0.889,3,0,0.41,0.0,0.306,130.459,-6.06,0.374,0.719,217710,0,j-dance
0.354,0.854,0,1,0.034,0.0027,0.102,78.825,-5.701,0.057,0.316,196440,0,power-pop
0.461,0.875,1,0,0.0372,0.0718,0.147,102.997,-5.108,4.62e-06,0.423,221697,0,goth
0.362,0.462,7,1,0.0376,0.00121,0.0954,112.811,-11.32,0.297,0.0895,225610,0,garage
0.207,0.32,10,1,0.0327,0.00837,0.0937,82.775,-10.369,0.915,0.126,243826,0,opera
0.425,0.938,4,0,0.0776,0.0,0.133,157.444,-2.824,0.00117,0.28,232600,0,goth
0.374,0.712,4,0,0.0447,0.1,0.111,82.758,-5.144,0.0821,0.764,146786,0,power-pop
0.3,0.921,11,0,0.0847,0.00885,0.0728,180.001,-5.566,0.000176,0.275,396920,0,goth
0.348,0.734,11,1,0.0477,0.0118,0.302,84.305,-4.384,0.295,0.502,170066,0,power-pop
0.285,0.685,6,1,0.0424,0.362,0.227,149.695,-5.541,0.00787,0.71,182973,0,power-pop
0.597,0.935,7,1,0.106,0.0,0.368,108.194,-5.139,0.152,0.844,178093,0,club
0.273,0.792,5,1,0.0864,0.885,0.709,120.035,-3.315,1.4e-05,0.16,339625,0,black-metal
0.639,0.427,0,1,0.0368,1.14e-05,0.0903,139.899,-6.512,0.434,0.322,181053,0,country
0.468,0.979,7,1,0.13,0.0442,0.337,169.951,-2.579,0.00158,0.529,284518,0,industrial
0.777,0.714,10,0,0.309,0.0,0.286,115.868,-10.488,0.000604,0.814,134867,0,j-dance
0.738,0.718,7,1,0.309,0.0,0.0912,98.332,-3.166,0.269,0.46,136646,0,j-dance
0.678,0.168,4,0,0.0316,0.0,0.0967,127.402,-12.877,0.853,0.204,219440,0,bluegrass
0.484,0.761,11,1,0.0349,0.00344,0.221,127.158,-6.53,0.184,0.52,197720,0,bluegrass
0.507,0.629,9,0,0.0261,0.0221,0.202,101.584,-6.716,0.711,0.437,305560,0,bluegrass
0.427,0.954,8,0,0.168,0.00234,0.271,112.487,-3.331,3.96e-05,0.0918,278693,0,death-metal
0.171,0.931,7,1,0.192,0.749,0.159,88.475,-6.229,5.89e-05,0.0374,278233,0,black-metal
0.174,0.972,0,0,0.124,0.856,0.37,145.111,-4.435,2.61e-05,0.0381,285250,0,black-metal
0.372,0.136,9,1,0.0306,0.0,0.119,97.979,-12.842,0.899,0.614,95500,0,bluegrass
0.187,0.937,7,1,0.0827,0.114,0.346,123.129,-4.743,4.37e-05,0.321,327893,0,grindcore
0.522,0.807,11,0,0.0339,0.0,0.201,119.941,-4.505,0.000117,0.442,275053,0,power-pop
0.229,0.413,5,0,0.0892,0.904,0.0644,119.816,-3.835,1.18e-06,0.0777,200687,0,black-metal
0.344,0.95,6,0,0.101,0.0,0.0874,160.16,-5.06,2.57e-05,0.328,206083,0,metalcore
0.146,0.904,3,0,0.144,0.0739,0.506,200.132,-2.987,6.68e-06,0.0518,225197,0,grindcore
0.544,0.699,8,1,0.122,0.0,0.16,132.932,-7.474,0.0916,0.435,146407,0,j-dance
0.516,0.69,8,1,0.411,0.0,0.108,71.305,-7.137,0.126,0.438,172800,0,j-dance
0.39,0.995,7,1,0.211,0.00287,0.375,124.962,-5.202,2.77e-06,0.143,71759,0,grindcore
0.16,0.995,11,1,0.221,0.00211,0.255,179.904,-4.916,1.1e-06,0.0697,139901,0,grindcore
0.309,0.986,0,0,0.163,0.545,0.287,117.164,-5.062,1.02e-06,0.178,60311,0,grindcore
0.331,0.994,3,0,0.125,0.23,0.356,122.67,-4.89,1.24e-06,0.0794,106617,0,grindcore
0.121,0.875,11,0,0.0617,0.217,0.106,182.597,-4.037,6.88e-05,0.361,150546,0,garage
0.647,0.913,2,1,0.101,0.0,0.406,128.976,-4.718,0.00302,0.572,242560,0,industrial
0.539,0.936,1,1,0.0456,0.0,0.337,100.005,-3.57,0.00193,0.544,241586,0,industrial
0.375,0.939,0,1,0.0461,0.0,0.229,205.879,-4.071,0.000477,0.743,251417,0,j-dance
0.638,0.367,4,1,0.0266,0.0,0.0999,71.957,-7.906,0.84,0.219,217120,0,country
0.478,0.775,4,1,0.0335,0.46,0.436,85.555,-5.235,0.000305,0.619,204095,0,garage
0.247,0.982,10,0,0.172,0.953,0.459,126.905,-4.261,1.36e-06,0.17,185811,0,grindcore
0.206,0.99,7,1,0.125,0.77,0.624,154.825,-3.993,2.96e-06,0.0807,213280,0,grindcore
0.55,0.943,0,1,0.066,0.613,0.283,120.08,-4.53,1.7e-05,0.184,210533,0,grindcore
0.134,0.994,7,1,0.153,0.858,0.412,179.022,-3.761,2.18e-06,0.0685,212491,0,grindcore
0.289,0.995,6,0,0.112,0.857,0.0333,165.296,-4.15,1.36e-06,0.0793,122499,0,grindcore
0.292,0.0885,7,0,0.034,0.00346,0.13,142.382,-17.934,0.928,0.133,196906,0,show-tunes
0.779,0.858,1,1,0.315,0.0,0.0409,101.685,-5.163,0.0175,0.876,172872,0,j-dance
0.49,0.981,1,1,0.0922,0.732,0.347,130.027,-4.729,4.25e-05,0.242,201269,0,death-metal
0.223,0.978,4,1,0.193,0.134,0.858,84.974,-2.174,0.00293,0.301,204352,0,death-metal
0.443,0.991,4,1,0.104,0.407,0.84,90.009,-4.705,0.000441,0.0685,188009,0,death-metal
0.289,0.989,7,1,0.0925,1.11e-05,0.936,77.538,-4.558,0.00343,0.29,288043,0,groove
0.434,0.97,7,1,0.162,0.708,0.279,120.026,-5.44,5.4e-05,0.074,307750,0,death-metal
0.567,0.957,6,1,0.057,5.7e-05,0.333,104.999,-4.154,3.13e-05,0.444,241114,0,death-metal
0.582,0.969,6,1,0.0556,0.0,0.359,104.983,-3.88,0.000509,0.34,239056,0,death-metal
0.449,0.744,4,1,0.0349,0.000194,0.129,106.502,-5.969,0.000188,0.369,214666,0,power-pop
0.514,0.879,7,1,0.0444,0.0,0.221,110.086,-3.795,0.00122,0.434,216466,0,industrial
0.708,0.637,1,1,0.052,3.09e-06,0.102,149.98,-6.327,0.107,0.187,238687,0,hip-hop
0.233,0.964,7,0,0.0847,0.063,0.133,109.324,-8.144,2.1e-05,0.119,308847,0,black-metal
0.713,0.55,9,1,0.065,1.12e-06,0.0887,138.07,-5.982,0.613,0.13,208773,0,alt-rock
0.419,0.855,0,1,0.0327,0.0,0.272,154.098,-4.782,7.69e-05,0.261,257054,0,acoustic
0.327,0.765,11,1,0.104,0.000828,0.429,118.536,-4.179,0.101,0.384,303919,0,garage
0.565,0.778,8,1,0.0507,0.0,0.214,165.15,-2.64,0.156,0.758,135262,0,power-pop
0.449,0.969,0,0,0.189,0.0,0.139,145.008,-1.482,0.0144,0.344,142350,0,power-pop
0.324,0.983,5,0,0.099,0.000117,0.565,148.234,-1.624,0.000271,0.178,111290,0,power-pop
0.543,0.925,11,0,0.0764,0.59,0.0922,174.029,-0.815,0.00134,0.0718,274482,0,drum-and-bass
0.431,0.224,6,1,0.0379,0.0,0.112,87.122,-8.683,0.948,0.401,230480,0,pop
0.415,0.964,11,1,0.157,0.0344,0.484,178.567,-5.549,0.000509,0.326,437413,0,death-metal
0.245,0.938,5,0,0.0735,0.803,0.286,93.421,-7.479,2.76e-06,0.148,331571,0,death-metal
0.257,0.928,8,1,0.0539,0.864,0.365,106.483,-8.196,1.34e-05,0.203,259840,0,death-metal
0.296,0.921,10,0,0.0634,0.000214,0.0804,183.983,-2.468,4.08e-05,0.559,228720,0,hardcore
0.382,0.833,4,0,0.0501,1.06e-05,0.456,174.052,-3.641,0.000388,0.141,255040,0,drum-and-bass
0.661,0.556,11,0,0.0285,0.000274,0.0645,115.019,-10.241,0.0552,0.567,204000,0,industrial
0.388,0.901,9,0,0.0549,0.0,0.155,149.949,-3.661,5.72e-06,0.273,220396,0,metalcore
0.504,0.961,5,1,0.0888,0.0,0.372,125.493,-3.155,0.000126,0.274,243665,0,metalcore
0.754,0.539,7,0,0.0239,0.000293,0.132,95.77,-10.188,0.124,0.595,264426,0,chicago-house
0.777,0.93,8,0,0.0567,0.000207,0.118,104.023,-5.25,0.0476,0.867,221596,0,j-dance
0.369,0.875,0,0,0.0519,9.16e-05,0.225,95.037,-4.972,0.00101,0.554,241583,0,industrial
0.35,0.926,9,1,0.0729,0.00197,0.184,92.152,-4.781,0.0305,0.304,98626,0,power-pop
0.603,0.643,5,0,0.0455,6.07e-06,0.0719,92.011,-6.874,0.175,0.304,196280,0,drum-and-bass
0.355,0.533,8,0,0.0613,0.00107,0.384,121.292,-9.493,0.0471,0.347,180902,0,pop
0.232,0.734,9,1,0.0373,0.533,0.118,135.931,-7.406,5.97e-05,0.714,183973,0,club
0.369,0.959,10,0,0.107,0.905,0.187,154.752,-4.954,3.57e-06,0.401,144822,0,death-metal
0.294,0.977,6,1,0.152,0.18,0.491,174.038,-4.243,3.15e-06,0.362,83763,0,power-pop
0.487,0.814,0,1,0.0363,0.0152,0.232,132.105,-6.1,0.00176,0.134,414826,0,industrial
0.439,0.947,6,1,0.0796,0.722,0.474,174.007,-9.283,0.000118,0.322,365517,0,drum-and-bass
0.478,0.959,9,0,0.371,7.6e-06,0.295,110.043,-5.697,0.00422,0.481,224435,0,industrial
0.366,0.665,7,1,0.0384,0.000154,0.111,91.033,-8.622,0.0207,0.248,197146,0,black-metal
0.672,0.724,7,1,0.0244,0.0,0.231,99.975,-5.61,0.292,0.801,189613,0,country
0.493,0.984,1,1,0.048,0.13,0.122,138.081,-6.653,1.03e-05,0.506,254440,0,death-metal
0.354,0.979,4,1,0.139,0.288,0.7,180.052,-4.907,0.000191,0.0908,182666,0,death-metal
0.415,0.649,6,0,0.0418,0.0263,0.194,95.041,-7.137,6.69e-05,0.243,207595,0,black-metal
0.482,0.736,8,1,0.0422,0.11,0.0892,150.003,-5.581,0.022,0.0624,308800,0,hardstyle
0.51,0.801,4,0,0.0494,0.0,0.105,150.02,-5.767,0.00836,0.0912,176000,0,hardstyle
0.41,0.989,0,1,0.0851,0.158,0.193,175.066,-3.194,1.87e-05,0.45,216920,0,industrial
0.629,0.765,5,0,0.302,0.0,0.218,102.847,-4.786,0.0996,0.698,209844,0,j-dance
0.259,0.991,0,1,0.173,0.352,0.407,83.15,-5.264,0.000177,0.105,282000,0,death-metal
0.282,0.944,1,1,0.122,0.342,0.101,87.957,-5.953,0.000148,0.23,147000,0,death-metal
0.418,0.954,1,1,0.104,0.287,0.312,92.459,-5.608,1.82e-05,0.185,180000,0,death-metal
0.304,0.985,9,0,0.193,0.0632,0.23,134.232,-4.337,0.000164,0.0381,158745,0,death-metal
0.374,0.916,8,0,0.0722,0.87,0.11,135.03,-7.127,1.77e-05,0.219,355386,0,black-metal
0.716,0.789,6,0,0.353,0.0,0.347,108.149,-3.57,0.5,0.771,206666,0,j-dance
0.597,0.878,1,1,0.263,0.0,0.155,106.316,-2.667,0.257,0.706,184557,0,j-dance
0.498,0.994,4,0,0.0664,0.0379,0.109,131.013,-4.577,0.000205,0.504,274800,0,heavy-metal
0.208,0.902,2,0,0.0594,0.00104,0.0558,130.995,-5.759,0.000279,0.136,411786,0,death-metal
0.821,0.799,2,1,0.235,0.0,0.0837,109.946,-4.656,0.368,0.384,154071,0,j-dance
0.263,0.971,1,1,0.254,9.92e-05,0.382,110.168,-6.812,1.47e-05,0.175,231359,0,grindcore
0.665,0.775,11,1,0.0363,0.00309,0.153,76.013,-5.905,0.146,0.877,196000,0,club
0.532,0.88,1,1,0.0464,0.00032,0.33,93.97,-5.582,0.00224,0.125,284042,0,industrial
0.757,0.558,2,0,0.0434,0.0,0.102,94.991,-7.142,0.335,0.279,193281,0,j-dance
0.718,0.639,6,0,0.048,0.486,0.0856,128.569,-12.897,0.000688,0.168,354475,0,detroit-techno
0.55,0.815,8,0,0.0438,0.491,0.175,118.02,-6.857,0.0117,0.409,273773,0,industrial
0.566,0.941,10,1,0.0314,0.0019,0.0727,130.021,-7.947,0.0122,0.667,311851,0,industrial
0.737,0.409,9,1,0.413,0.0,0.358,168.961,-15.217,0.0908,0.582,220773,0,j-dance
0.238,0.995,5,0,0.184,0.886,0.403,134.714,-3.899,0.00157,0.04,198946,0,grindcore
0.426,0.864,1,0,0.0621,0.652,0.0797,115.869,-7.294,1.99e-05,0.148,277757,0,death-metal
0.469,0.931,7,1,0.0463,0.0501,0.341,91.981,-5.361,0.000154,0.383,385556,0,goth
0.428,0.989,7,1,0.119,0.625,0.0652,114.966,-2.932,1.73e-06,0.179,187560,0,death-metal
0.419,0.588,3,0,0.0299,0.0962,0.0838,123.947,-6.259,0.0401,0.0743,294253,0,goth
0.516,0.879,6,0,0.0829,0.156,0.518,140.078,-6.457,6.79e-05,0.819,178320,0,happy
0.0728,0.873,10,0,0.127,0.755,0.608,177.672,-9.159,0.000941,0.0375,744720,0,black-metal
0.715,0.622,4,0,0.111,0.0,0.123,158.088,-3.046,0.11,0.407,173325,0,hip-hop
0.34,0.911,0,0,0.0566,0.933,0.0402,192.0,-7.885,1.59e-06,0.207,431400,0,black-metal
0.362,0.969,1,1,0.0859,0.779,0.394,166.038,-2.974,5.37e-05,0.346,220905,0,industrial
0.533,0.852,6,0,0.0686,0.000917,0.805,133.982,-5.919,0.000617,0.567,243980,0,industrial
0.606,0.129,0,1,0.0401,3.83e-06,0.081,112.699,-17.162,0.84,0.101,207013,0,bluegrass
0.456,0.866,8,1,0.15,0.0,0.139,118.119,-1.884,0.177,0.75,176729,0,j-dance
0.498,0.974,0,0,0.0795,4.53e-05,0.371,108.02,-4.199,0.000127,0.114,275133,0,death-metal
0.463,0.819,2,1,0.0516,0.184,0.11,174.019,-6.51,0.0214,0.0379,237869,0,drum-and-bass
0.178,0.799,1,1,0.0521,0.115,0.16,170.13,-5.136,0.000223,0.15,572853,0,black-metal
0.121,0.99,2,1,0.108,0.00358,0.112,180.059,-4.584,5.74e-05,0.405,469653,0,black-metal
0.494,0.338,8,0,0.0308,0.0,0.128,142.207,-7.637,0.725,0.459,173613,0,bluegrass
0.475,0.0924,5,1,0.0311,0.0,0.111,93.834,-10.283,0.819,0.206,230493,0,bluegrass
0.716,0.511,1,1,0.0332,0.0,0.0928,104.964,-6.257,0.483,0.324,165906,0,dance
0.642,0.746,0,0,0.35,0.0,0.165,98.737,-6.465,0.628,0.721,186122,0,j-dance
0.239,0.829,5,1,0.0461,0.000404,0.0838,105.929,-5.646,0.00245,0.148,362746,0,black-metal
0.561,0.87,6,1,0.0715,0.776,0.0556,115.045,-7.333,1.14e-05,0.296,239320,0,black-metal
0.371,0.972,6,1,0.058,0.127,0.105,200.03,-4.485,2.13e-05,0.422,163554,0,industrial
0.827,0.728,2,1,0.328,0.0,0.0959,92.945,-5.954,0.305,0.653,235733,0,dancehall
0.576,0.948,2,1,0.0326,0.00859,0.141,95.01,-4.33,0.00567,0.68,244573,0,power-pop
0.805,0.815,8,1,0.146,0.0,0.708,99.953,-3.852,0.171,0.189,183115,0,malay
0.31,0.949,7,0,0.0485,0.0063,0.303,169.894,-4.562,2.44e-05,0.452,224733,0,power-pop
0.384,0.972,7,0,0.0473,0.0251,0.108,169.887,-3.331,0.000623,0.548,157240,0,power-pop
0.755,0.801,1,1,0.125,0.0,0.0645,102.008,-6.136,0.0771,0.731,169508,0,j-dance
0.515,0.721,0,1,0.0297,0.881,0.0569,113.176,-7.889,0.583,0.851,128399,0,club
0.73,0.916,8,1,0.297,0.0,0.196,104.073,-2.784,0.439,0.561,172519,0,j-dance
0.276,0.956,8,0,0.0714,0.0365,0.0811,154.973,-2.033,0.139,0.121,207483,0,hardstyle
0.283,0.936,5,1,0.0728,0.000317,0.256,145.744,-6.262,0.000858,0.48,231426,0,power-pop
0.54,0.93,0,1,0.0819,7.7e-06,0.327,144.036,-3.642,6.1e-05,0.739,196883,0,industrial
0.396,0.42,5,1,0.0315,0.0,0.132,131.472,-8.238,0.694,0.355,467089,0,world-music
0.417,0.757,0,1,0.0514,0.892,0.0969,156.164,-6.786,0.127,0.912,142706,0,power-pop
0.404,0.867,11,1,0.132,0.914,0.434,167.893,-6.772,0.697,0.696,201733,0,garage
0.266,0.226,9,0,0.0494,1.11e-06,0.2,77.141,-11.278,0.699,0.213,229386,0,opera
0.149,0.972,4,1,0.102,0.972,0.376,157.146,-10.998,4.66e-06,0.0988,283419,0,black-metal
0.0917,0.892,7,1,0.0635,0.801,0.342,86.666,-10.731,3.54e-06,0.119,294578,0,black-metal
0.194,0.835,6,0,0.0508,0.936,0.0785,112.308,-11.513,7.18e-06,0.211,278379,0,black-metal
0.248,0.972,2,1,0.165,0.874,0.356,169.997,-5.788,3.28e-06,0.0355,564893,0,black-metal
0.615,0.465,0,0,0.491,2.86e-05,0.121,119.691,-8.164,0.491,0.188,160000,0,j-dance
0.462,0.857,0,0,0.0342,0.278,0.125,149.998,-3.523,0.0262,0.0692,232000,0,hardstyle
0.558,0.756,9,0,0.0325,0.818,0.118,124.998,-8.08,0.000235,0.355,241933,0,black-metal
0.62,0.762,2,1,0.0324,2.3e-06,0.0943,110.463,-6.824,0.613,0.745,212440,0,bluegrass
0.597,0.944,7,1,0.186,1.17e-06,0.0961,92.983,-2.941,0.0733,0.773,223767,0,industrial
0.626,0.893,9,1,0.18,0.111,0.113,128.002,-4.06,0.00064,0.664,223389,0,industrial
0.505,0.568,7,1,0.027,0.0,0.163,119.935,-4.344,0.0211,0.21,275157,0,industrial
0.615,0.704,11,0,0.0922,0.0,0.156,100.019,-7.582,0.331,0.489,259660,0,afrobeat
0.373,0.37,2,1,0.0276,0.0294,0.106,77.853,-12.215,0.234,0.149,229320,0,world-music
0.296,0.964,8,1,0.0653,1.03e-06,0.055,94.947,-1.71,0.000315,0.228,297872,0,death-metal
0.368,0.973,0,1,0.134,1.25e-05,0.218,106.722,-1.864,0.000496,0.293,181755,0,death-metal
0.391,0.975,1,1,0.0971,2.12e-05,0.403,111.111,-2.308,0.000119,0.286,264188,0,death-metal
0.649,0.941,10,0,0.0518,0.0367,0.0858,127.995,-6.378,0.013,0.805,210882,0,industrial
0.504,0.916,9,1,0.0569,1.99e-05,0.286,148.193,-4.845,0.499,0.701,151426,0,bluegrass
0.477,0.973,4,0,0.0766,3.3e-05,0.289,90.519,-2.731,3.81e-05,0.288,189120,0,alternative
0.638,0.52,6,0,0.206,0.0104,0.203,193.634,-9.034,0.351,0.161,202945,0,j-dance
0.606,0.857,9,1,0.0324,0.000496,0.139,119.986,-6.426,0.102,0.746,235120,0,goth
0.354,0.425,8,0,0.0462,0.593,0.091,82.929,-10.168,0.0233,0.318,255316,0,club
0.482,0.922,8,1,0.0574,0.216,0.168,174.956,-6.554,0.000944,0.169,379660,0,industrial
0.72,0.708,7,1,0.362,0.0,0.205,139.935,-8.88,0.045,0.664,161142,0,club
0.559,0.929,1,1,0.0683,0.0002,0.346,108.528,-4.077,1.56e-05,0.455,216088,0,industrial
0.347,0.871,9,1,0.0405,0.569,0.324,162.789,-10.133,1.38e-05,0.452,168698,0,garage
0.738,0.675,8,1,0.385,0.0,0.0935,91.474,-5.842,0.163,0.455,146400,0,j-dance
0.388,0.578,0,1,0.0287,0.351,0.122,88.006,-8.897,0.000513,0.22,205413,0,black-metal
0.469,0.99,9,1,0.143,2.59e-06,0.069,140.006,-2.429,0.000116,0.102,171998,0,death-metal
0.379,0.669,5,1,0.0458,0.0,0.129,139.305,-5.854,0.106,0.701,223946,0,show-tunes
0.1,0.924,2,1,0.108,0.733,0.0905,179.984,-5.64,2.93e-05,0.0876,265333,0,black-metal
0.528,0.597,7,1,0.0267,0.0138,0.0867,85.776,-6.084,0.0576,0.691,178480,0,bluegrass
0.656,0.819,10,1,0.0493,3.91e-06,0.0843,157.827,-7.375,0.492,0.961,161560,0,honky-tonk
0.629,0.8,3,0,0.0418,0.6,0.0931,87.51,-4.82,0.0358,0.0947,356571,0,drum-and-bass
0.412,0.997,5,0,0.102,0.349,0.263,146.054,-4.912,1.99e-05,0.0743,230716,0,black-metal
0.887,0.482,10,1,0.267,0.0,0.0279,104.976,-8.808,0.092,0.495,217600,0,comedy
0.11,0.951,9,0,0.262,0.384,0.0626,76.699,-9.627,0.013,0.054,427000,0,black-metal
0.556,0.699,7,1,0.0441,1.61e-05,0.143,127.832,-6.753,0.101,0.661,195933,0,bluegrass
0.436,0.232,7,1,0.0324,0.00475,0.096,145.978,-11.736,0.937,0.278,205400,0,bluegrass
0.552,0.982,11,1,0.132,1.55e-06,0.347,103.967,-4.432,0.000773,0.738,82065,0,power-pop
0.519,0.911,1,1,0.101,0.236,0.176,119.974,-2.799,8.51e-05,0.401,159033,0,death-metal
0.672,0.685,1,1,0.0294,0.00148,0.126,102.077,-8.549,0.0172,0.228,316880,0,detroit-techno
0.72,0.536,0,1,0.0304,0.00142,0.05,116.569,-12.534,0.192,0.791,181360,0,club
0.41,0.935,11,0,0.0766,0.583,0.208,105.045,-7.113,1.41e-05,0.0873,472000,0,death-metal
0.59,0.932,8,1,0.163,0.00392,0.0717,169.933,-3.704,0.0833,0.647,256138,0,drum-and-bass
0.697,0.642,2,1,0.161,0.0,0.333,159.899,-7.038,0.0915,0.768,202300,0,comedy
0.719,0.56,8,0,0.042,0.0312,0.41,121.677,-17.235,0.00364,0.808,244826,0,detroit-techno
0.669,0.519,7,1,0.0513,0.257,0.276,133.585,-16.943,0.001,0.874,249040,0,detroit-techno
0.603,0.776,4,1,0.248,8.27e-05,0.0991,149.988,-6.834,0.162,0.439,206506,0,industrial
0.544,0.519,11,1,0.0278,0.499,0.186,119.962,-10.731,0.00432,0.0708,249000,0,idm
0.53,0.718,0,1,0.0362,0.0,0.0758,76.989,-6.48,0.00488,0.349,227546,0,hard-rock
0.135,0.782,4,0,0.0439,0.00583,0.251,158.152,-6.891,0.00269,0.0596,479763,0,black-metal
0.115,0.901,7,1,0.0751,0.000649,0.126,160.184,-6.318,4.28e-05,0.0795,508393,0,black-metal
0.402,0.291,5,1,0.0272,4.12e-06,0.0949,103.574,-7.902,0.455,0.158,446240,0,show-tunes
0.431,0.379,2,1,0.0575,0.0,0.185,140.079,-8.042,0.635,0.293,222782,0,show-tunes
0.304,0.228,7,1,0.0332,0.943,0.3,109.955,-13.441,0.886,0.0768,442200,0,black-metal
0.235,0.969,8,1,0.0655,0.586,0.22,115.061,-2.662,1.76e-06,0.0657,84500,0,grindcore
0.5,0.992,9,1,0.122,9.3e-05,0.309,134.997,-4.422,8.52e-05,0.153,250247,0,death-metal
0.355,0.823,9,1,0.0517,0.072,0.258,183.859,-6.254,0.000519,0.229,269706,0,hard-rock
0.52,0.951,2,1,0.0443,0.000655,0.0855,136.029,-6.133,5.38e-05,0.541,261747,0,heavy-metal
0.154,0.927,11,0,0.073,6.03e-05,0.136,149.619,-4.586,7.8e-06,0.27,193600,0,death-metal
0.61,0.693,4,0,0.0337,4.58e-05,0.339,104.024,-7.91,0.632,0.701,177240,0,bluegrass
0.472,0.999,7,1,0.137,2.69e-05,0.176,174.037,-1.792,0.00251,0.0905,266146,0,death-metal
0.289,0.998,7,1,0.139,0.00544,0.264,135.795,-3.723,0.000316,0.0436,417493,0,death-metal
0.412,0.995,5,1,0.12,0.000567,0.12,158.244,-3.274,0.00054,0.271,405960,0,death-metal
0.517,0.686,1,0,0.0359,0.106,0.326,120.496,-6.762,0.171,0.581,195404,0,power-pop
0.448,0.423,6,1,0.0354,0.0,0.0486,155.094,-7.131,0.709,0.674,160893,0,honky-tonk
0.503,0.964,7,1,0.0938,0.0649,0.325,111.998,-6.547,2.52e-05,0.21,291196,0,death-metal
0.476,0.947,10,0,0.0688,0.000409,0.222,171.947,-4.71,0.000375,0.852,201677,0,industrial
0.472,0.906,5,1,0.0647,3.25e-05,0.784,139.993,-2.177,6.86e-05,0.623,182825,0,industrial
0.685,0.926,7,1,0.064,0.785,0.466,169.99,-4.482,0.000176,0.217,306452,0,drum-and-bass
0.544,0.674,4,0,0.0821,0.000253,0.117,79.163,-6.935,0.0138,0.572,228293,0,bluegrass
0.672,0.639,7,1,0.0511,0.0086,0.103,98.023,-6.443,0.108,0.679,283773,0,bluegrass
0.513,0.776,1,0,0.0501,0.00387,0.61,136.079,-11.023,0.00056,0.573,171724,0,power-pop
0.725,0.725,8,0,0.159,0.0,0.086,140.003,-6.067,0.0119,0.515,192026,0,hip-hop
0.633,0.966,1,0,0.168,0.000808,0.287,118.02,-4.743,0.000101,0.408,196202,0,death-metal
0.418,0.935,2,0,0.0933,0.159,0.384,160.019,-8.481,0.000144,0.233,371986,0,black-metal
0.361,0.966,7,0,0.132,0.827,0.293,161.018,-7.713,6.66e-06,0.117,446613,0,black-metal
0.577,0.5,10,0,0.276,2.7e-05,0.206,88.078,-7.143,0.439,0.325,167000,0,alternative
0.445,0.646,5,1,0.0674,0.476,0.253,95.267,-13.065,0.0467,0.0958,158333,0,club
0.501,0.987,8,0,0.133,0.275,0.365,129.981,-4.794,2.52e-05,0.213,196002,0,death-metal
0.65,0.838,7,1,0.0617,0.0476,0.463,119.738,-11.005,0.128,0.513,235426,0,industrial
0.657,0.569,2,1,0.0542,1.35e-05,0.126,102.055,-6.287,0.201,0.399,233880,0,indie-pop
0.722,0.772,2,1,0.0488,1.18e-05,0.0854,94.039,-5.851,0.0111,0.452,227992,0,disco
0.609,0.793,0,1,0.0301,0.0292,0.457,126.621,-7.196,0.153,0.817,316066,0,bluegrass
0.172,0.955,2,1,0.0969,0.734,0.296,170.256,-7.113,2.62e-06,0.237,297611,0,death-metal
0.446,0.765,9,0,0.0418,0.0,0.295,128.136,-7.322,0.211,0.418,285280,0,garage
0.829,0.448,11,1,0.0427,0.000878,0.0873,103.306,-9.673,0.34,0.749,350640,0,afrobeat
0.155,0.916,1,1,0.0623,0.29,0.717,147.42,-4.849,8.08e-06,0.178,327746,0,grindcore
0.65,0.943,1,1,0.0862,0.714,0.0578,174.003,-5.265,2.5e-05,0.649,319476,0,drum-and-bass
0.545,0.833,9,0,0.0414,0.761,0.135,119.971,-11.767,0.000112,0.754,268280,0,goth
0.458,0.979,5,0,0.27,1.31e-05,0.176,204.165,-3.493,0.0318,0.486,188733,0,rockabilly
0.449,0.961,6,1,0.0766,0.146,0.0882,112.023,-4.174,3.36e-05,0.337,225586,0,metalcore
0.168,0.968,1,0,0.0732,0.116,0.405,80.553,-4.458,0.000117,0.131,90840,0,grindcore
0.616,0.707,4,1,0.0273,5.74e-06,0.11,130.535,-5.116,0.152,0.671,216493,0,power-pop
0.478,0.546,2,1,0.0351,3.27e-06,0.197,137.104,-7.218,0.493,0.371,298346,0,power-pop
0.552,0.571,10,1,0.0286,6.32e-05,0.0857,92.623,-8.283,0.472,0.331,324493,0,power-pop
0.795,0.338,9,0,0.0472,0.0,0.106,112.667,-9.996,0.403,0.609,296066,0,goth
0.699,0.62,7,1,0.185,0.0,0.17,158.04,-4.885,0.0887,0.311,217674,0,afrobeat
0.467,0.615,1,1,0.0686,0.0,0.194,142.076,-6.037,0.0881,0.45,277600,0,afrobeat
0.547,0.627,10,0,0.0359,0.00145,0.112,174.967,-7.311,0.0513,0.615,237584,0,afrobeat
0.463,0.992,9,1,0.0764,1.17e-06,0.182,90.417,-3.376,0.000191,0.681,108348,0,power-pop
0.46,0.981,2,1,0.101,0.342,0.352,92.491,-3.464,1.86e-06,0.35,160041,0,grindcore
0.58,0.876,0,1,0.123,0.000624,0.0861,140.032,-3.393,0.00078,0.293,185142,0,metalcore
0.284,0.982,9,1,0.201,0.31,0.117,140.265,-4.126,1.17e-05,0.186,427475,0,grindcore
0.36,0.729,6,1,0.122,0.894,0.077,114.877,-3.251,6.46e-06,0.0764,232744,0,black-metal
0.0871,0.789,6,1,0.0738,0.907,0.101,173.63,-3.172,1.92e-06,0.222,238714,0,black-metal
0.568,0.734,1,1,0.266,5.68e-05,0.118,76.842,-6.488,0.00753,0.707,125720,0,industrial
0.543,0.897,4,0,0.0871,0.0513,0.0892,74.987,-4.1,0.123,0.156,251200,0,happy
0.517,0.937,1,1,0.0584,1.87e-06,0.0911,132.02,-3.647,0.0004,0.481,206613,0,industrial
0.387,0.554,10,1,0.234,0.282,0.126,180.369,-6.597,3.78e-05,0.419,80346,0,grindcore
0.816,0.754,2,1,0.152,0.00199,0.105,92.023,-5.922,0.163,0.703,125217,0,hip-hop
0.495,0.614,2,1,0.0343,2.22e-05,0.112,142.049,-8.616,0.0423,0.178,236000,0,world-music
0.79,0.628,8,1,0.142,7.06e-06,0.338,170.023,-4.055,0.182,0.267,169620,0,hip-hop
0.304,0.979,4,1,0.0786,1.43e-05,0.336,185.162,-2.469,9.28e-05,0.253,224866,0,black-metal
0.517,0.606,7,1,0.0319,1.67e-05,0.0645,148.054,-8.692,0.138,0.187,253320,0,world-music
0.632,0.851,7,0,0.0753,1.14e-05,0.103,130.029,-6.173,0.00359,0.332,302573,0,industrial
0.514,0.877,11,1,0.0408,0.0,0.127,140.009,-4.407,0.00234,0.766,226773,0,industrial
0.492,0.818,1,1,0.332,0.0,0.125,132.824,-6.253,0.441,0.691,166373,0,j-dance
0.309,0.993,7,0,0.125,0.00262,0.445,128.162,-2.462,0.000173,0.0769,98520,0,grindcore
0.0513,0.971,1,0,0.0683,0.849,0.0854,175.152,-5.532,6.3e-06,0.513,158650,0,death-metal
0.0948,0.962,7,1,0.122,0.905,0.316,165.585,-5.811,1.38e-06,0.0952,147480,0,death-metal
0.498,0.263,4,1,0.0308,8.41e-05,0.159,133.287,-13.613,0.835,0.514,156533,0,honky-tonk
0.278,0.314,0,1,0.036,0.0736,0.219,198.325,-15.781,0.91,0.726,163333,0,honky-tonk
0.525,0.98,2,1,0.0773,0.00019,0.236,116.03,-3.728,0.000196,0.349,312048,0,iranian
0.719,0.358,2,1,0.0354,0.0355,0.0576,108.984,-18.672,0.213,0.805,186000,0,bluegrass
0.369,0.99,8,1,0.093,0.000161,0.309,144.761,-2.189,0.000151,0.443,280031,0,iranian
0.509,0.72,1,0,0.455,0.0,0.171,202.587,-9.704,0.0134,0.695,206013,0,comedy
0.569,0.674,0,1,0.0269,0.523,0.197,141.747,-9.692,0.514,0.543,638787,0,bluegrass
0.215,0.983,9,1,0.114,0.216,0.184,183.911,-3.154,2.61e-05,0.623,158293,0,black-metal
0.478,0.449,4,0,0.0317,0.0161,0.383,140.03,-10.845,0.331,0.649,299746,0,goth
0.265,0.755,11,0,0.0374,0.768,0.372,120.85,-7.897,3.67e-06,0.176,403373,0,black-metal
0.263,0.96,11,1,0.0955,0.792,0.356,107.6,-3.481,7.57e-06,0.366,204045,0,grindcore
0.271,0.989,1,1,0.122,0.736,0.286,122.206,-3.271,7.84e-06,0.257,236355,0,grindcore
0.31,0.76,7,1,0.0766,5.36e-06,0.0698,129.982,-7.507,0.0191,0.2,283548,0,goth
0.369,0.526,7,1,0.036,0.0302,0.0878,119.859,-8.101,0.304,0.335,309889,0,synth-pop
0.227,0.991,1,1,0.154,0.00458,0.058,91.042,-4.537,2.3e-05,0.117,109293,0,black-metal
0.254,0.959,10,0,0.0815,0.298,0.253,98.506,-4.848,0.00131,0.182,139840,0,black-metal
0.548,0.728,5,0,0.0507,0.000126,0.146,105.961,-5.678,0.0104,0.337,235615,0,dance
0.469,0.8,7,1,0.0506,0.711,0.438,154.885,-7.984,0.0023,0.242,151312,0,club
0.491,0.7,2,1,0.0981,0.000317,0.185,101.471,-4.968,0.0206,0.0497,120000,0,club
0.399,0.884,7,1,0.359,0.00383,0.85,174.045,-5.557,0.573,0.231,88510,0,club
0.563,0.93,2,1,0.0447,0.000193,0.0644,123.966,-6.755,0.00102,0.627,178294,0,garage
0.539,0.61,4,1,0.032,0.00185,0.0902,145.661,-7.622,0.563,0.74,295093,0,bluegrass
0.592,0.962,6,0,0.0985,0.02,0.352,150.093,-3.908,0.0371,0.307,235610,0,hardstyle
0.342,0.957,9,0,0.16,0.00165,0.86,139.943,-3.897,0.0624,0.0387,54560,0,metalcore
0.26,0.998,6,1,0.113,0.936,0.699,119.745,-5.446,1.73e-06,0.0999,66066,0,grindcore
0.545,0.952,0,1,0.049,0.0432,0.151,133.036,-4.413,0.000255,0.099,223819,0,breakbeat
0.524,0.898,7,1,0.0409,0.796,0.102,130.016,-6.543,0.000328,0.229,204914,0,breakbeat
0.33,0.738,11,0,0.04,4.43e-05,0.322,150.187,-8.553,0.00858,0.216,259571,0,goth
0.645,0.933,11,1,0.106,0.527,0.165,95.001,-5.443,0.413,0.0952,294533,0,happy
0.371,0.982,8,1,0.512,0.543,0.065,168.934,-5.886,0.359,0.0785,189086,0,happy
0.569,0.869,5,1,0.0402,0.0,0.146,130.069,-6.282,0.00035,0.554,238593,0,goth
0.323,0.952,0,1,0.0623,0.00328,0.592,189.308,-5.382,0.000357,0.738,120333,0,power-pop
0.608,0.547,8,1,0.145,0.0,0.0734,179.888,-5.691,0.0889,0.403,197853,0,dance
0.381,0.968,2,1,0.0951,0.13,0.375,170.227,-4.341,4.05e-05,0.346,205247,0,death-metal
0.322,0.301,0,1,0.0325,0.000799,0.168,74.518,-11.993,0.921,0.234,210906,0,country
0.241,0.881,7,1,0.0944,0.535,0.353,96.553,-5.662,5.16e-05,0.301,294000,0,iranian
0.27,0.968,9,0,0.104,0.101,0.336,168.024,-5.351,2.02e-06,0.201,208798,0,black-metal
0.285,0.48,1,1,0.0302,1.7e-05,0.284,137.416,-8.668,0.455,0.0669,267866,0,opera
0.42,0.95,6,0,0.0418,0.00374,0.336,85.991,-6.017,0.000897,0.501,242066,0,heavy-metal
0.775,0.608,7,1,0.128,0.0,0.0895,137.494,-6.264,0.128,0.56,182520,0,dance
0.816,0.781,1,0,0.0425,0.00928,0.0835,99.95,-4.237,0.692,0.937,185898,0,dance
0.188,0.983,6,1,0.0715,0.784,0.261,114.193,-5.682,1.69e-06,0.0816,343768,0,black-metal
0.544,0.49,2,1,0.0395,0.541,0.109,87.505,-10.438,0.0125,0.172,274285,0,idm
0.566,0.929,2,1,0.0344,0.0,0.0993,107.436,-4.663,2.2e-05,0.811,155200,0,power-pop
0.403,0.958,0,1,0.0811,1.48e-06,0.0387,166.087,-3.913,2.18e-05,0.418,151466,0,power-pop
0.657,0.872,11,0,0.0379,0.0425,0.142,96.53,-6.318,0.00287,0.937,307058,0,industrial
0.35,0.953,5,0,0.0609,0.185,0.346,158.012,-7.106,1.32e-05,0.314,333733,0,black-metal
0.382,0.959,0,0,0.0802,0.84,0.381,160.004,-7.347,5.63e-06,0.157,329866,0,black-metal
0.379,0.93,0,1,0.102,0.208,0.0771,155.01,-8.233,0.000124,0.0396,334000,0,black-metal
0.214,0.993,11,1,0.216,0.783,0.229,116.622,-5.084,2.06e-06,0.0376,353402,0,black-metal
0.235,0.87,6,1,0.075,0.427,0.257,180.02,-6.355,0.000105,0.0815,681000,0,black-metal
0.637,0.729,9,1,0.0326,0.0655,0.129,121.922,-7.588,0.59,0.368,203000,0,bluegrass
0.684,0.682,9,1,0.0315,0.00013,0.306,119.998,-8.287,0.579,0.934,194000,0,bluegrass
0.435,0.523,2,0,0.0353,0.174,0.087,87.839,-13.241,0.636,0.375,271214,0,bluegrass
0.338,0.374,5,1,0.0316,0.00314,0.109,66.29,-11.682,0.722,0.452,194267,0,bluegrass
0.857,0.756,5,1,0.116,0.0,0.379,136.023,-4.148,0.18,0.847,195640,0,kids
0.79,0.673,2,1,0.289,0.0,0.0895,181.98,-7.367,0.0116,0.572,179093,0,kids
0.753,0.701,8,0,0.405,7.77e-06,0.151,161.657,-5.249,0.00291,0.517,161115,0,hip-hop
0.378,0.763,9,1,0.0335,0.0169,0.339,139.674,-5.626,0.117,0.501,173892,0,garage
0.323,0.329,3,1,0.0325,0.000464,0.35,133.018,-10.273,0.992,0.272,270139,0,garage
0.311,0.224,9,1,0.031,0.0,0.269,139.311,-9.004,0.821,0.233,223613,0,opera
0.257,0.225,7,1,0.0324,0.0,0.0802,106.278,-9.137,0.81,0.264,247026,0,opera
0.287,0.0489,0,1,0.0325,0.0,0.095,103.635,-15.993,0.93,0.182,95653,0,opera
0.43,0.369,2,1,0.0279,0.0,0.172,75.948,-7.828,0.471,0.108,241986,0,opera
0.467,0.917,4,1,0.0434,0.00567,0.0996,146.886,-5.098,0.0457,0.473,318293,0,garage
0.696,0.249,5,1,0.0559,1.56e-05,0.472,92.286,-17.176,0.678,0.558,331040,0,afrobeat
0.829,0.94,0,1,0.102,1.03e-06,0.129,99.913,-3.719,0.502,0.668,157075,0,j-dance
0.497,0.99,4,0,0.0779,0.256,0.101,124.992,-4.513,2.26e-05,0.0452,255328,0,death-metal
0.474,0.343,2,1,0.0281,0.000185,0.11,155.72,-10.526,0.891,0.34,218000,0,bluegrass
0.164,0.881,2,1,0.0538,0.0276,0.0638,97.107,-4.169,2.26e-06,0.208,307746,0,grindcore
0.263,0.985,11,1,0.155,0.0,0.37,181.582,-3.805,0.00356,0.471,163587,0,power-pop
0.501,0.966,1,1,0.0534,5.74e-05,0.12,129.994,-3.22,1.25e-05,0.497,227093,0,metal
0.411,0.898,1,1,0.0412,0.000895,0.239,178.032,-4.027,0.000622,0.665,155928,0,power-pop
0.591,0.723,4,1,0.0258,0.000111,0.278,94.977,-4.591,0.034,0.642,215373,0,power-pop
0.608,0.834,6,0,0.0381,0.000164,0.13,139.993,-5.101,0.0218,0.855,278453,0,power-pop
0.352,0.975,1,1,0.165,0.0293,0.992,134.966,-4.067,0.000458,0.076,295824,0,death-metal
0.513,0.994,10,0,0.172,0.0394,0.929,120.014,-4.307,1.97e-05,0.267,254053,0,death-metal
0.38,0.947,2,0,0.0858,0.891,0.333,77.492,-4.558,1.55e-05,0.166,282400,0,black-metal
0.629,0.62,11,0,0.091,5e-05,0.2,127.161,-4.431,0.0174,0.474,200000,0,j-dance
0.372,0.653,5,1,0.0414,0.000129,0.229,90.03,-7.562,0.176,0.308,57586,0,grindcore
0.744,0.502,2,1,0.312,1.68e-06,0.0511,120.411,-9.603,0.246,0.7,210666,0,j-dance
0.446,0.92,1,1,0.112,0.293,0.0755,180.067,-3.41,0.000102,0.372,190120,0,death-metal
0.444,0.545,0,1,0.0284,0.000356,0.184,126.728,-6.574,0.0391,0.382,220306,0,power-pop
0.529,0.74,0,1,0.0292,0.00706,0.0992,115.583,-7.885,0.035,0.664,172920,0,power-pop
0.416,0.606,6,0,0.0286,0.00357,0.12,147.178,-8.296,0.0667,0.583,165720,0,power-pop
0.661,0.606,9,0,0.359,0.0,0.0866,137.542,-8.401,0.55,0.769,161053,0,j-dance
0.881,0.698,2,1,0.0539,0.0,0.104,126.996,-6.102,0.172,0.311,113859,0,kids
0.919,0.759,1,1,0.0563,1.96e-05,0.122,137.961,-3.498,0.174,0.763,177226,0,kids
0.728,0.882,0,0,0.276,0.0,0.269,111.921,-3.306,0.336,0.658,177857,0,j-dance
0.56,0.638,7,0,0.0279,0.00452,0.404,97.956,-7.03,0.561,0.728,251626,0,bluegrass
0.561,0.55,8,1,0.037,0.476,0.0921,147.01,-17.419,0.77,0.446,252080,0,british
0.199,0.505,10,1,0.0301,1.68e-05,0.143,94.465,-5.631,0.475,0.239,153241,0,opera
0.124,0.493,0,1,0.0347,0.00232,0.161,168.953,-4.192,0.773,0.188,179100,0,opera
0.226,0.909,9,1,0.064,0.487,0.432,139.291,-6.422,3.33e-05,0.684,241312,0,power-pop
0.344,0.932,0,1,0.0572,0.824,0.376,101.15,-4.348,1.15e-05,0.405,155098,0,power-pop
0.151,0.409,5,1,0.0317,0.000118,0.155,78.797,-6.936,0.786,0.176,199960,0,opera
0.27,0.799,0,1,0.0449,0.0818,0.143,158.122,-5.395,0.00088,0.458,280293,0,garage
0.513,0.953,2,0,0.0539,3.03e-05,0.112,104.021,-2.626,0.0146,0.466,261936,0,indie
0.415,0.904,11,0,0.0385,0.000942,0.324,175.071,-3.603,7.66e-05,0.778,156702,0,power-pop
0.385,0.846,4,1,0.0813,0.00122,0.0744,161.906,-3.843,0.000539,0.929,176531,0,power-pop
0.525,0.896,4,0,0.0376,0.00157,0.414,155.056,-4.149,0.000272,0.377,164365,0,power-pop
0.502,0.905,1,0,0.0713,0.0,0.305,135.001,-5.658,0.00151,0.405,165746,0,metalcore
0.472,0.932,11,1,0.0457,0.408,0.442,82.494,-8.727,0.0018,0.358,169280,0,goth
0.524,0.586,6,1,0.0273,0.0,0.11,101.006,-5.778,0.375,0.416,210209,0,country
0.304,0.766,10,0,0.0369,0.449,0.229,185.847,-6.837,7.68e-05,0.0978,121000,0,black-metal
0.576,0.889,9,1,0.0425,0.597,0.237,119.982,-6.259,0.00125,0.217,368465,0,death-metal
0.377,0.935,7,1,0.0531,0.0035,0.0493,170.0,-6.516,0.000167,0.369,215546,0,death-metal
0.687,0.754,1,1,0.0859,0.0,0.156,92.047,-5.502,0.299,0.807,180773,0,j-dance
0.234,0.991,11,0,0.0863,0.807,0.362,178.967,-5.322,1.17e-06,0.0487,116867,0,black-metal
0.652,0.838,2,1,0.0609,4.24e-05,0.274,120.021,-6.091,0.0187,0.682,274000,0,industrial
0.583,0.643,7,1,0.0306,0.145,0.112,120.116,-6.531,3.91e-05,0.299,222738,0,synth-pop
0.481,0.83,6,0,0.0339,0.000159,0.706,118.228,-6.302,0.115,0.529,233439,0,bluegrass
0.398,0.177,5,1,0.0374,0.0,0.139,175.098,-10.277,0.718,0.22,201694,0,indie-pop
0.617,0.4,9,1,0.0569,0.0285,0.0977,86.051,-15.469,0.878,0.507,212453,0,british
0.501,0.793,9,0,0.0422,0.000369,0.141,123.884,-5.475,0.00623,0.0678,256000,0,industrial
0.541,0.892,7,1,0.0815,0.0,0.459,150.052,-4.933,0.00037,0.453,246303,0,industrial
0.362,0.994,7,0,0.181,0.0,0.337,136.465,-4.534,4.77e-05,0.163,207838,0,black-metal
0.283,0.4,6,0,0.0604,0.816,0.0721,134.06,-12.274,0.256,0.0603,242933,0,idm
0.45,0.942,1,1,0.0348,1.06e-06,0.133,174.978,-5.113,6.9e-05,0.722,138506,0,power-pop
0.485,0.984,7,1,0.119,2.28e-06,0.198,106.069,-4.448,9.22e-05,0.115,197601,0,industrial
0.479,0.993,2,1,0.0802,0.00668,0.244,103.99,-3.505,9.15e-06,0.18,251080,0,death-metal
0.619,0.499,2,1,0.425,0.000322,0.208,159.906,-8.73,0.403,0.278,132000,0,j-dance
0.421,0.552,4,0,0.0365,4.95e-06,0.276,93.407,-6.836,0.172,0.275,177059,0,j-dance
0.365,0.763,7,1,0.23,0.637,0.297,130.706,-6.095,2.71e-05,0.0664,247293,0,grindcore
0.302,0.985,11,1,0.164,0.000497,0.154,90.814,-2.869,5.67e-05,0.364,231899,0,black-metal
0.203,0.977,5,1,0.128,0.937,0.149,138.398,-8.196,5.85e-06,0.0378,293642,0,death-metal
0.568,0.908,10,0,0.0546,0.31,0.0675,115.586,-12.43,0.00236,0.814,284533,0,industrial
0.501,0.935,7,1,0.0682,0.00211,0.247,94.989,-3.675,0.00133,0.173,237266,0,goth
0.425,0.998,9,1,0.0491,0.0111,0.437,95.01,-3.432,4.84e-05,0.207,173386,0,power-pop
0.722,0.797,1,0,0.407,0.0,0.0618,93.652,-7.231,0.352,0.942,209372,0,j-dance
0.518,0.489,7,1,0.0297,0.000288,0.106,107.848,-7.735,0.00249,0.14,230586,0,garage
0.347,0.702,11,0,0.0611,0.000361,0.0904,116.307,-5.866,0.0026,0.294,252133,0,garage
0.216,0.988,6,1,0.113,0.545,0.415,139.737,-6.863,7.26e-06,0.124,235358,0,grindcore
0.429,0.981,5,0,0.0929,1.32e-05,0.337,91.95,-3.249,0.000176,0.211,168280,0,death-metal
0.462,0.951,7,1,0.0501,0.825,0.373,90.009,-3.681,0.000562,0.18,314040,0,iranian
0.549,0.807,9,1,0.0439,0.000173,0.129,139.451,-7.443,0.621,0.868,268240,0,bluegrass
0.548,0.977,0,0,0.0548,0.106,0.333,120.011,-5.051,0.0274,0.769,225131,0,industrial
0.586,0.932,2,0,0.0372,0.000164,0.327,149.974,-4.21,0.0371,0.351,198009,0,hardstyle
0.668,0.203,4,1,0.0298,0.00025,0.104,138.812,-10.825,0.889,0.217,314480,0,comedy
0.646,0.895,10,0,0.0758,0.442,0.106,95.595,-6.894,0.00128,0.441,222226,0,industrial
0.444,0.873,5,0,0.0443,0.0187,0.213,114.591,-5.179,9.51e-06,0.372,226240,0,industrial
0.594,0.989,10,0,0.131,0.000274,0.12,115.999,-3.246,0.000372,0.186,249828,0,death-metal
0.546,0.99,10,0,0.0681,0.069,0.278,106.954,-3.337,9.73e-05,0.412,187682,0,death-metal
0.279,0.974,0,1,0.168,5.95e-05,0.352,119.931,-4.95,1.56e-05,0.314,220560,0,death-metal
0.409,0.981,5,0,0.138,0.00291,0.0568,140.035,-4.901,1.09e-05,0.198,278894,0,death-metal
0.446,0.988,2,1,0.17,0.0438,0.313,116.3,-4.555,2.19e-06,0.133,216050,0,death-metal
0.566,0.948,3,1,0.0522,0.0,0.148,105.079,-5.272,5.5e-05,0.574,145906,0,power-pop
0.445,0.942,10,1,0.0646,0.0188,0.319,180.003,-3.589,8.95e-05,0.872,183911,0,power-pop
0.404,0.982,1,1,0.0812,0.0,0.169,156.029,-3.531,0.000509,0.625,194546,0,power-pop
0.542,0.978,11,1,0.0467,1.28e-06,0.168,102.838,-1.504,0.00046,0.8,132506,0,power-pop
0.332,0.305,9,1,0.0322,4.77e-05,0.137,75.971,-10.119,0.928,0.109,149558,0,new-age
0.536,0.748,7,0,0.0308,0.00992,0.157,98.014,-7.344,0.0198,0.303,299889,0,new-age
0.399,0.439,11,1,0.0285,0.000254,0.13,132.753,-9.153,0.494,0.125,227000,0,new-age
0.113,0.967,1,1,0.129,0.919,0.131,183.518,-4.808,3.42e-06,0.134,139026,0,grindcore
0.25,0.939,0,1,0.131,0.219,0.135,99.516,-7.652,0.00028,0.0375,378733,0,black-metal
0.428,0.94,10,0,0.0861,1.85e-05,0.382,174.031,-3.317,9.49e-05,0.409,184893,0,metalcore
0.714,0.243,0,1,0.0478,0.212,0.11,125.834,-13.513,0.646,0.504,298720,0,british
0.601,0.878,9,0,0.0937,0.0428,0.593,120.017,-7.758,0.0379,0.209,220246,0,club
0.429,0.9,2,1,0.0543,0.1,0.137,140.414,-6.821,0.000659,0.634,287880,0,goth
0.363,0.94,6,0,0.0413,0.558,0.103,153.265,-8.295,0.00183,0.601,251920,0,goth
0.619,0.778,8,0,0.027,0.201,0.136,102.993,-7.971,0.0494,0.64,252093,0,goth
0.346,0.769,9,0,0.0374,2.65e-05,0.21,152.945,-6.304,0.0138,0.437,232906,0,goth
0.541,0.759,7,1,0.0431,0.294,0.0998,120.048,-4.717,0.00185,0.314,239746,0,power-pop
0.541,0.854,1,1,0.0454,7.31e-06,0.371,158.073,-5.237,0.00186,0.899,170853,0,power-pop
0.678,0.772,11,1,0.165,0.0,0.113,100.302,-7.005,0.577,0.507,192783,0,j-dance
0.562,0.565,8,1,0.044,0.0,0.138,89.862,-5.111,0.438,0.208,176566,0,dance
0.901,0.468,1,1,0.275,0.137,0.0569,147.021,-15.257,0.115,0.357,156737,0,kids
0.602,0.739,7,1,0.0429,0.0,0.36,113.828,-8.083,0.614,0.946,156360,0,honky-tonk
0.535,0.576,4,1,0.0547,0.0,0.163,168.299,-9.795,0.484,0.955,114066,0,honky-tonk
0.338,0.676,7,1,0.0434,0.762,0.481,79.006,-7.786,8.76e-06,0.198,260000,0,death-metal
0.499,0.961,9,1,0.436,0.0,0.273,70.471,-3.028,0.406,0.534,188000,0,j-dance
0.405,0.985,0,0,0.118,1.56e-05,0.454,99.995,-2.345,4.19e-05,0.0853,204462,0,death-metal
0.305,0.997,5,0,0.174,0.16,0.0411,174.03,-3.519,0.000728,0.134,173543,0,black-metal
0.567,0.476,5,1,0.0294,0.603,0.103,126.602,-9.166,0.527,0.279,245554,0,ambient
0.533,0.865,2,1,0.039,0.0,0.894,113.364,-3.215,0.00101,0.235,233040,0,grunge
0.937,0.632,9,1,0.157,0.0,0.111,96.499,-7.407,0.0265,0.542,147415,0,hip-hop
0.764,0.776,11,0,0.0329,0.000512,0.327,119.92,-5.329,0.124,0.772,191778,0,hip-hop
0.527,0.812,5,0,0.0359,8.67e-06,0.0941,124.965,-3.228,0.0018,0.287,231891,0,industrial
0.472,0.724,11,0,0.0419,8.78e-06,0.322,86.056,-10.793,0.000262,0.668,193398,0,power-pop
0.541,0.71,9,1,0.0555,4.39e-05,0.174,135.907,-11.037,0.00425,0.488,185554,0,power-pop
0.563,0.7,11,0,0.041,0.000143,0.382,124.031,-12.245,0.000436,0.317,251772,0,power-pop
0.563,0.879,0,0,0.0907,1.76e-05,0.166,107.013,-4.735,0.00125,0.602,197651,0,dance
0.393,0.924,0,1,0.066,0.00327,0.466,99.304,-5.064,0.000139,0.459,146622,0,power-pop
0.595,0.571,3,1,0.0447,0.0,0.0849,87.12,-7.255,0.565,0.564,201586,0,show-tunes
0.503,0.506,0,0,0.0332,0.0,0.352,89.888,-7.554,0.0989,0.11,206815,0,dance
0.393,0.991,1,0,0.193,3.21e-06,0.263,100.062,-4.52,5.17e-05,0.0547,80306,0,grindcore
0.399,0.966,8,1,0.118,0.00464,0.296,107.44,-4.737,8.76e-06,0.0744,107443,0,grindcore
0.246,0.984,6,1,0.184,7.46e-05,0.315,97.298,-5.129,1.71e-05,0.142,175831,0,grindcore
0.297,0.973,1,0,0.146,5.25e-05,0.246,99.982,-5.721,5.98e-06,0.0704,142031,0,grindcore
0.405,0.974,4,1,0.134,0.175,0.306,104.747,-3.855,1.38e-05,0.0655,74126,0,grindcore
0.374,0.959,1,1,0.148,0.0729,0.084,166.018,-5.024,0.000107,0.133,327706,0,black-metal
0.401,0.984,5,0,0.0859,0.00811,0.0976,162.044,-3.445,1.69e-05,0.277,241981,0,black-metal
0.242,0.989,2,1,0.107,2.6e-05,0.155,169.955,-4.362,0.000225,0.195,185596,0,black-metal
0.255,0.982,8,1,0.164,0.1,0.361,97.61,-4.369,0.00013,0.0424,239933,0,black-metal
0.546,0.589,1,0,0.0384,0.0,0.323,169.846,-8.595,0.0682,0.638,287360,0,show-tunes
0.682,0.551,11,1,0.0441,0.00043,0.137,77.993,-7.822,0.411,0.251,167950,0,dance
0.257,0.917,5,1,0.0915,0.000761,0.359,121.405,-8.228,1.14e-05,0.049,212684,0,black-metal
0.417,0.927,9,1,0.0801,2.22e-05,0.334,126.956,-9.146,1.56e-05,0.107,337315,0,black-metal
0.0998,0.911,9,0,0.112,0.714,0.18,195.039,-11.959,4.3e-06,0.0708,330066,0,black-metal
0.203,0.928,9,0,0.0866,0.699,0.307,119.634,-10.858,2.24e-05,0.195,489333,0,black-metal
0.516,0.342,4,1,0.0425,0.0,0.21,102.819,-8.985,0.55,0.0993,206458,0,dance
0.611,0.538,10,1,0.0445,0.0,0.124,85.961,-7.484,0.114,0.395,244706,0,bluegrass
0.738,0.782,0,1,0.095,0.0,0.106,110.117,-3.562,0.143,0.498,161035,0,dance
0.702,0.425,9,0,0.0407,0.0109,0.115,130.079,-8.348,0.206,0.526,181931,0,garage
0.584,0.933,7,1,0.118,0.746,0.26,106.228,-3.924,0.000586,0.174,46534,0,death-metal
0.432,0.988,5,1,0.19,0.707,0.201,120.007,-3.044,0.000269,0.109,155122,0,death-metal
0.41,0.994,2,1,0.132,0.000805,0.313,139.93,-3.062,0.000164,0.096,265213,0,death-metal
0.656,0.738,9,1,0.0342,0.00815,0.0799,120.966,-10.393,0.719,0.598,201040,0,bluegrass
0.36,0.118,5,1,0.045,0.0228,0.0972,111.861,-17.289,0.99,0.144,222259,0,indie-pop
0.383,0.49,6,1,0.0318,0.00578,0.118,124.182,-6.991,0.007,0.062,219556,0,garage
0.77,0.584,4,0,0.102,0.0,0.0926,114.96,-5.837,0.288,0.669,237918,0,afrobeat
0.581,0.491,1,0,0.111,0.0,0.0943,126.273,-7.539,0.281,0.877,204638,0,afrobeat
0.43,0.901,0,1,0.0788,0.0,0.0919,200.49,-3.447,8.33e-06,0.467,120372,0,goth
0.616,0.842,9,0,0.0337,0.00122,0.0951,127.979,-4.69,0.0411,0.818,293920,0,heavy-metal
0.654,0.939,4,0,0.0332,6.11e-05,0.57,126.994,-5.84,0.000171,0.405,260413,0,heavy-metal
0.975,0.643,2,1,0.0702,2.65e-06,0.0952,129.972,-5.469,0.12,0.705,210226,0,kids
0.516,0.576,1,0,0.106,2.88e-06,0.0909,142.315,-8.382,0.134,0.702,175203,0,j-dance
0.45,0.932,7,1,0.109,2.47e-05,0.359,145.973,-4.922,2.39e-05,0.2,230342,0,metalcore
0.455,0.979,4,0,0.0939,0.000954,0.0844,130.025,-2.631,4.1e-05,0.204,241750,0,death-metal
0.46,0.944,2,0,0.051,0.0016,0.321,140.025,-4.722,0.00444,0.0817,445357,0,death-metal
0.156,0.904,10,1,0.148,0.337,0.652,107.546,-3.965,0.000258,0.0355,174898,0,death-metal
0.209,0.996,9,1,0.119,0.0232,0.218,76.095,-2.779,1.58e-05,0.0576,139080,0,death-metal
0.273,0.837,5,1,0.106,0.059,0.0931,117.156,-5.36,0.000709,0.0792,527166,0,death-metal
0.635,0.642,4,0,0.0353,0.0351,0.187,125.829,-10.383,0.612,0.972,144000,0,bluegrass
0.553,0.24,1,1,0.0327,0.000125,0.0865,108.986,-16.516,0.797,0.519,223600,0,bluegrass
0.367,0.93,0,1,0.0648,0.0101,0.311,87.514,-6.648,9.9e-05,0.426,235546,0,grindcore
0.285,0.991,7,1,0.256,0.829,0.0675,198.313,-4.248,3.23e-06,0.182,215521,0,death-metal
0.694,0.561,9,1,0.344,0.0,0.163,180.105,-10.436,0.0461,0.42,194000,0,malay
0.545,0.868,7,1,0.0835,1.82e-05,0.137,155.955,-4.376,0.000159,0.621,161613,0,power-pop
0.61,0.811,0,1,0.065,0.0,0.161,113.476,-4.86,0.0035,0.199,176965,0,power-pop
0.513,0.94,7,1,0.0614,5.01e-06,0.138,134.927,-5.243,0.000292,0.175,188139,0,power-pop
0.777,0.716,10,0,0.256,8.3e-05,0.116,120.052,-7.342,0.734,0.829,159006,0,electro
0.535,0.981,1,1,0.258,0.000332,0.373,75.029,-4.956,0.000464,0.0689,217967,0,death-metal
0.69,0.632,4,1,0.0301,7.18e-05,0.357,99.536,-8.568,0.613,0.775,199226,0,bluegrass
0.688,0.733,10,0,0.264,0.0,0.154,93.742,-6.023,0.136,0.524,167986,0,j-dance
0.566,0.575,10,0,0.24,0.0,0.109,179.829,-10.079,0.149,0.184,152906,0,j-dance
0.436,0.91,10,0,0.151,0.029,0.185,154.744,-4.872,0.000139,0.168,178025,0,death-metal
0.252,0.95,1,1,0.0718,0.913,0.366,169.037,-6.846,1.44e-06,0.158,212807,0,grindcore
0.556,0.511,3,1,0.0298,4.54e-05,0.0989,81.613,-5.425,0.782,0.537,180000,0,acoustic
0.536,0.79,11,0,0.0631,0.14,0.107,101.985,-7.613,0.00183,0.467,231580,0,synth-pop
0.585,0.641,6,0,0.133,0.0,0.316,88.284,-4.269,0.0286,0.266,197529,0,hip-hop
0.571,0.316,7,1,0.0274,3.54e-06,0.153,92.115,-9.215,0.641,0.512,201716,0,bluegrass
0.691,0.426,7,0,0.0677,0.000686,0.067,74.779,-9.682,0.827,0.559,159026,0,bluegrass
0.297,0.658,7,1,0.0424,0.0524,0.191,109.872,-4.754,0.988,0.507,107200,0,club
0.606,0.61,2,1,0.392,0.0,0.165,129.989,-5.279,0.424,0.685,136826,0,dancehall
0.41,0.946,5,1,0.066,0.0,0.35,135.036,-3.776,0.00692,0.0781,240381,0,black-metal
0.38,0.967,1,1,0.1,8.49e-06,0.111,135.08,-3.779,0.00144,0.103,250377,0,black-metal
0.423,0.978,10,1,0.131,7.22e-05,0.301,120.009,-4.076,0.00165,0.0413,271097,0,black-metal
0.539,0.906,8,0,0.0362,0.00434,0.184,130.064,-3.673,0.00422,0.523,334599,0,heavy-metal
0.423,0.303,9,1,0.0389,0.000341,0.0778,136.072,-9.008,0.857,0.269,189109,0,indie-pop
0.551,0.294,7,1,0.0336,0.00584,0.135,108.741,-14.066,0.845,0.409,265466,0,bluegrass
0.464,0.839,0,0,0.0429,0.208,0.445,108.03,-4.889,0.00117,0.226,377929,0,goth
0.864,0.719,2,1,0.201,0.0,0.0913,104.036,-5.915,0.536,0.424,210000,0,j-dance
0.496,0.856,2,1,0.218,0.0,0.524,96.994,-4.196,0.287,0.307,188041,0,j-dance
0.406,0.904,4,1,0.0524,0.128,0.296,91.016,-6.143,2.19e-05,0.651,213995,0,garage
0.592,0.597,7,1,0.0303,2.78e-05,0.0728,119.363,-10.594,0.163,0.844,172106,0,power-pop
0.574,0.585,9,1,0.403,0.0,0.0892,72.999,-7.016,0.0944,0.325,177841,0,j-dance
0.533,0.462,7,1,0.0251,0.078,0.146,81.993,-7.012,0.267,0.0397,438047,0,industrial
0.654,0.934,1,1,0.0389,0.00433,0.0872,109.97,-4.388,0.00134,0.231,222826,0,industrial
0.243,0.97,2,1,0.134,3.07e-06,0.314,126.654,-3.483,9e-05,0.255,205684,0,metalcore
0.496,0.981,8,0,0.0974,0.000145,0.0698,112.058,-2.664,0.000237,0.618,180886,0,rockabilly
0.548,0.964,9,1,0.0784,8.58e-05,0.305,110.037,-3.018,0.000106,0.367,234660,0,rockabilly
0.8,0.483,5,1,0.0776,0.864,0.0934,89.879,-14.525,0.0986,0.119,219733,0,idm
0.185,0.854,8,1,0.0446,0.0169,0.133,147.76,-3.532,0.00196,0.85,162912,0,power-pop
0.33,0.157,4,1,0.0357,0.0,0.0945,125.23,-9.526,0.423,0.213,200021,0,garage
0.487,0.949,9,0,0.199,3.31e-06,0.0818,157.066,-3.354,0.00177,0.334,193960,0,goth
0.361,0.967,1,0,0.0778,0.288,0.0876,115.02,-6.737,5.79e-06,0.034,245400,0,black-metal
0.286,0.959,11,1,0.0603,0.572,0.196,106.483,-8.936,7.11e-06,0.41,142866,0,grindcore
0.546,0.536,4,1,0.0283,0.492,0.0947,81.381,-7.036,0.706,0.437,235293,0,bluegrass
0.755,0.579,8,0,0.168,0.0,0.0956,90.983,-6.569,0.508,0.411,209737,0,j-dance
0.817,0.701,7,1,0.0697,1.77e-06,0.207,130.027,-6.884,0.4,0.968,181107,0,goth
0.5,0.916,10,1,0.104,0.0,0.352,148.323,-3.289,0.107,0.953,116885,0,garage
0.565,0.632,11,1,0.0305,0.458,0.0842,118.658,-7.209,0.56,0.658,281880,0,bluegrass
0.525,0.555,11,0,0.0289,0.0048,0.115,97.149,-6.947,0.745,0.299,343146,0,bluegrass
0.585,0.573,0,1,0.0256,0.409,0.102,109.374,-8.096,0.773,0.53,444533,0,bluegrass
0.571,0.698,5,0,0.0316,0.639,0.076,141.441,-11.867,0.457,0.478,178000,0,club
0.316,0.908,1,1,0.0489,0.241,0.12,177.052,-8.746,8.26e-05,0.564,261213,0,black-metal
0.367,0.896,1,1,0.0969,0.0937,0.364,159.935,-9.217,0.00219,0.102,382040,0,black-metal
0.337,0.86,11,0,0.389,0.000773,0.139,81.91,-5.483,0.000221,0.239,52373,0,grindcore
0.442,0.8,4,1,0.0686,1.04e-06,0.664,118.053,2.574,0.262,0.369,176065,0,garage
0.47,0.966,4,0,0.067,0.0041,0.378,155.007,-2.558,0.0128,0.31,236032,0,hardstyle
0.0897,0.994,1,1,0.186,0.88,0.111,179.982,-3.556,2.27e-06,0.0385,285480,0,black-metal
0.795,0.611,6,0,0.297,0.0,0.158,100.025,-7.626,0.377,0.329,199415,0,dancehall
0.557,0.522,5,1,0.028,0.000371,0.211,148.446,-11.49,0.701,0.876,135493,0,honky-tonk
0.526,0.583,3,1,0.0268,3.61e-06,0.0644,146.229,-7.344,0.0395,0.381,212200,0,country
0.929,0.667,8,0,0.353,0.0,0.1,126.998,-6.789,0.0185,0.274,155168,0,hip-hop
0.575,0.4,3,1,0.0598,0.00263,0.0536,110.199,-7.674,0.000348,0.0724,158103,0,garage
0.752,0.713,7,0,0.0585,0.653,0.324,126.726,-15.904,0.326,0.213,514426,0,chicago-house
0.419,0.948,1,1,0.0969,0.0396,0.765,161.244,-5.944,0.00097,0.167,173174,0,metalcore
0.916,0.827,11,0,0.102,0.0665,0.289,117.234,-8.373,0.00399,0.526,293939,0,chicago-house
0.528,0.718,7,1,0.0337,0.0,0.304,155.759,-6.954,0.1,0.51,221400,0,country
0.629,0.538,1,1,0.029,1.07e-05,0.107,121.256,-7.386,0.416,0.353,215906,0,country
0.802,0.812,6,0,0.128,0.0,0.256,95.631,-3.169,0.152,0.717,193053,0,idm
0.672,0.979,6,0,0.0671,0.141,0.117,159.982,-6.21,0.000224,0.606,279803,0,idm
0.616,0.884,2,1,0.24,0.656,0.0726,159.982,-5.048,0.105,0.613,294794,0,idm
0.317,0.649,9,1,0.0299,0.00111,0.126,170.831,-6.877,0.497,0.352,203524,0,power-pop
0.291,0.944,8,1,0.0758,0.406,0.187,164.187,-3.14,3.35e-06,0.279,228920,0,grindcore
0.156,0.899,1,1,0.0721,0.851,0.112,95.022,-5.248,1.11e-06,0.391,200466,0,grindcore
0.372,0.971,6,0,0.0698,0.978,0.392,93.978,-4.09,2.35e-06,0.373,188769,0,grindcore
0.251,0.939,1,0,0.0987,0.957,0.178,176.069,-4.191,6.12e-06,0.202,137911,0,grindcore
0.258,0.928,2,1,0.0836,0.983,0.0908,176.984,-4.079,2.23e-06,0.2,234195,0,grindcore
0.107,0.99,8,1,0.103,0.274,0.342,181.558,-5.61,4.47e-06,0.186,290400,0,black-metal
0.866,0.694,7,0,0.21,0.0,0.112,103.083,-6.001,0.441,0.686,190693,0,dancehall
0.332,0.543,4,0,0.0299,0.0271,0.383,160.972,-6.36,0.00524,0.0936,253040,0,industrial
0.489,0.787,1,0,0.0345,0.00154,0.635,127.99,-6.605,6.53e-05,0.371,244373,0,industrial
0.617,0.791,9,0,0.0343,0.000408,0.368,125.021,-5.374,0.00934,0.908,207173,0,industrial
0.611,0.818,2,1,0.0305,0.0407,0.0904,127.975,-5.281,0.00179,0.943,268986,0,industrial
0.498,0.948,6,1,0.0776,0.0348,0.0775,134.978,-5.832,7.17e-05,0.509,189105,0,industrial
0.366,0.939,9,1,0.222,0.00578,0.0643,185.078,-7.172,0.000141,0.279,238094,0,industrial
0.337,0.865,2,0,0.0615,0.19,0.35,178.722,-6.644,2.02e-05,0.439,261028,0,industrial
0.482,0.89,8,1,0.0864,0.000526,0.0553,169.028,-6.313,0.00149,0.317,218401,0,industrial
0.481,0.974,10,0,0.163,4.18e-05,0.364,140.99,-5.55,0.000177,0.317,212691,0,industrial
0.464,0.861,10,0,0.0425,0.000527,0.107,121.043,-6.313,0.000172,0.578,217747,0,industrial
0.453,0.983,1,1,0.154,0.126,0.0767,139.076,-5.828,4.6e-05,0.372,197284,0,industrial
0.16,0.912,1,1,0.0938,0.82,0.293,174.657,-11.98,0.000103,0.0529,273561,0,black-metal
0.242,0.404,10,0,0.066,0.61,0.44,99.973,-5.292,1.24e-05,0.102,273906,0,grindcore
0.193,0.696,6,1,0.0907,0.789,0.227,170.061,-4.937,1.06e-06,0.0737,217773,0,black-metal
0.0614,0.988,1,1,0.13,0.867,0.544,62.17,-3.821,0.000659,0.0579,57946,0,grindcore
0.16,0.992,1,1,0.126,0.729,0.489,131.607,-3.73,0.00362,0.0316,76720,0,grindcore
0.214,0.996,6,1,0.13,0.708,0.348,102.116,-3.63,0.00212,0.0394,65000,0,grindcore
0.173,0.996,1,0,0.127,0.762,0.353,117.603,-3.581,0.00141,0.0344,31333,0,grindcore
0.158,0.997,1,1,0.137,0.801,0.254,133.171,-3.303,0.000856,0.038,89306,0,grindcore
0.171,0.997,7,1,0.118,0.801,0.42,122.223,-3.586,0.00521,0.0294,93933,0,grindcore
0.204,0.987,1,0,0.131,0.759,0.749,125.962,-3.735,0.00498,0.063,75373,0,grindcore
0.218,0.995,8,1,0.1,0.536,0.34,145.233,-5.973,2.78e-05,0.204,259820,0,death-metal
0.366,0.88,7,0,0.0533,0.249,0.0727,109.97,-4.989,2.92e-06,0.251,264600,0,black-metal
0.333,0.911,7,1,0.0394,0.585,0.294,113.009,-2.722,9.68e-05,0.71,73306,0,grindcore
0.444,0.986,1,1,0.0607,0.834,0.348,114.783,-4.056,8.5e-05,0.269,67266,0,grindcore
0.593,0.749,0,0,0.383,0.0,0.0727,119.101,-4.653,0.0814,0.597,167444,0,j-dance
0.512,0.997,1,1,0.135,0.697,0.279,114.987,-2.403,3.57e-05,0.105,223720,0,j-idol
0.748,0.655,8,1,0.303,0.0,0.113,164.066,-7.596,0.0767,0.349,202370,0,malay
0.0846,0.957,11,1,0.11,0.349,0.287,169.943,-5.085,0.0,0.163,273253,0,black-metal
0.788,0.694,8,1,0.156,0.0,0.0466,105.075,-5.97,0.0304,0.843,150857,0,j-dance
0.542,0.645,6,1,0.0299,6.01e-06,0.205,144.942,-11.654,0.0186,0.695,199733,0,power-pop
0.653,0.667,10,0,0.0423,0.0,0.107,104.181,-6.764,0.154,0.556,213869,0,dance
0.251,0.959,8,0,0.144,0.00523,0.193,175.368,-5.231,0.000197,0.487,206795,0,heavy-metal
0.5,0.444,2,1,0.0263,0.0,0.124,141.025,-7.553,0.653,0.385,215493,0,bluegrass
0.398,0.984,4,1,0.0779,0.194,0.183,104.483,-6.762,0.00422,0.1,294160,0,black-metal
0.41,0.977,2,1,0.0597,0.234,0.087,95.993,-7.084,2.38e-05,0.507,257131,0,black-metal
0.361,0.646,9,1,0.0284,0.00147,0.197,104.622,-5.224,0.747,0.351,249666,0,bluegrass
0.48,0.864,4,1,0.0305,0.000497,0.214,148.843,-5.277,0.201,0.57,304640,0,bluegrass
0.482,0.624,0,1,0.0325,0.0,0.119,156.149,-7.243,0.219,0.665,248760,0,bluegrass
0.346,0.597,1,0,0.0501,0.00165,0.402,128.362,-13.628,0.0131,0.38,223706,0,heavy-metal
0.492,0.924,6,0,0.0494,0.767,0.0342,173.943,-4.255,0.000971,0.519,254364,0,drum-and-bass
0.424,0.675,2,0,0.0499,0.127,0.101,128.97,-7.982,0.647,0.566,236190,0,goth
0.699,0.487,9,1,0.0326,5.69e-06,0.0986,136.042,-8.28,0.717,0.665,138760,0,country
0.64,0.67,0,1,0.026,0.0,0.19,107.973,-6.767,0.00706,0.46,254960,0,j-pop
0.789,0.355,5,1,0.611,0.00118,0.102,90.402,-17.323,0.983,0.831,155146,0,disney
0.166,0.856,9,1,0.0805,0.958,0.531,76.366,-4.745,0.00013,0.141,61746,0,grindcore
0.169,0.95,1,0,0.098,0.737,0.727,155.495,-4.652,9.19e-05,0.173,63186,0,grindcore
0.069,0.721,0,0,0.0708,0.891,0.134,70.306,-6.426,0.000429,0.0351,280600,0,black-metal
0.653,0.912,9,1,0.103,1.36e-05,0.318,105.044,-5.379,0.000538,0.341,214527,0,metalcore
0.461,0.933,9,1,0.0447,0.0447,0.13,139.982,-8.366,4.05e-06,0.12,221007,0,death-metal
0.127,0.971,7,0,0.0872,0.931,0.0727,84.483,-6.834,2.27e-06,0.0244,235440,0,black-metal
0.192,0.946,7,0,0.0634,0.806,0.241,89.965,-6.676,3.88e-06,0.319,299560,0,black-metal
0.707,0.414,10,0,0.416,0.00359,0.171,161.965,-10.53,0.0372,0.128,172329,0,kids
0.779,0.628,8,0,0.288,0.000138,0.139,155.877,-6.037,0.0854,0.613,173609,0,kids
0.846,0.635,0,0,0.393,4.3e-06,0.0885,148.047,-7.344,0.165,0.362,168515,0,kids
0.288,0.925,10,0,0.204,0.937,0.0857,128.824,-7.852,1.75e-05,0.116,221731,0,death-metal
0.231,0.977,6,1,0.0876,0.937,0.0786,135.538,-7.064,1.86e-06,0.226,213516,0,death-metal
0.243,0.977,6,1,0.209,0.96,0.106,140.032,-7.248,3.52e-06,0.047,229638,0,death-metal
0.78,0.712,11,0,0.0598,0.0,0.334,135.009,-3.624,0.155,0.0757,203891,0,hip-hop
0.889,0.34,11,0,0.0697,0.13,0.055,94.009,-7.773,0.218,0.716,174321,0,electro
0.394,0.17,0,1,0.0451,0.0,0.105,130.721,-10.368,0.889,0.315,247493,0,pop
0.359,0.87,9,0,0.0641,0.00031,0.103,186.046,-11.567,0.000486,0.264,186635,0,black-metal
0.878,0.607,1,1,0.0692,2.11e-06,0.518,96.061,-7.253,0.376,0.926,109818,0,kids
0.638,0.894,9,1,0.0416,1.19e-06,0.0998,140.052,-4.922,0.138,0.852,182626,0,garage
0.429,0.197,3,1,0.032,3.02e-06,0.146,128.49,-9.798,0.774,0.197,243709,0,country
0.475,0.936,7,1,0.0757,4.73e-06,0.849,136.848,-6.92,0.119,0.611,225480,0,power-pop
0.511,0.416,9,1,0.03,0.0263,0.149,82.017,-9.509,0.834,0.397,222320,0,bluegrass
0.611,0.834,11,0,0.0299,1.57e-05,0.232,109.997,-4.528,0.0544,0.643,219440,0,british
0.352,0.701,6,0,0.0436,0.0666,0.154,112.264,-6.955,0.00182,0.147,270546,0,metalcore
0.575,0.485,2,1,0.036,0.0,0.074,162.134,-9.172,0.704,0.758,293400,0,bluegrass
0.674,0.739,8,0,0.269,0.0,0.111,92.983,-2.917,0.179,0.599,227096,0,j-dance
0.483,0.436,8,1,0.0389,0.000586,0.103,171.842,-8.734,0.663,0.241,264160,0,indie-pop
0.0647,0.996,4,0,0.392,8.62e-06,0.198,206.761,-4.623,0.0355,0.03,368208,0,iranian
0.47,0.869,2,1,0.0376,0.0914,0.0801,144.471,-8.245,5.15e-05,0.448,332213,0,black-metal
0.555,0.995,0,1,0.083,0.027,0.0714,140.023,-4.297,0.000128,0.129,188571,0,happy
0.662,0.894,11,0,0.0419,0.000766,0.326,129.968,-3.719,0.00277,0.155,234461,0,happy
0.23,0.973,5,1,0.113,0.669,0.0623,139.965,-3.13,5.82e-06,0.114,371893,0,death-metal
0.371,0.993,1,1,0.217,0.296,0.342,134.087,-5.726,5.78e-06,0.0372,243280,0,death-metal
0.708,0.567,9,0,0.0595,0.282,0.0969,155.931,-7.836,0.828,0.578,206000,0,indie-pop
0.383,0.992,2,1,0.142,0.9,0.246,140.019,-5.072,4.14e-06,0.0348,271242,0,black-metal
0.69,0.513,0,1,0.154,0.0,0.0945,147.07,-9.43,0.154,0.345,212285,0,j-dance
0.687,0.776,8,1,0.0996,0.126,0.265,102.985,-8.136,0.0329,0.281,307572,0,club
0.465,0.613,11,1,0.0354,0.0314,0.0735,114.989,-6.424,0.0176,0.372,248511,0,power-pop
0.626,0.879,6,1,0.072,0.777,0.333,140.032,-7.853,0.00607,0.523,390733,0,breakbeat
0.432,0.928,9,0,0.0582,0.00716,0.693,92.009,-5.329,0.000418,0.16,312966,0,goth
0.477,0.925,4,0,0.0961,0.0022,0.437,125.932,-4.329,0.00364,0.49,281737,0,goth
0.518,0.866,1,0,0.0569,0.000519,0.104,127.954,-4.625,0.00211,0.561,355938,0,goth
0.595,0.582,1,1,0.0368,0.695,0.0914,87.002,-4.035,0.00235,0.0398,304437,0,drum-and-bass
0.667,0.642,1,1,0.324,0.0,0.097,99.873,-5.478,0.33,0.443,168106,0,j-dance
0.482,0.953,6,1,0.0778,0.00779,0.0701,136.966,-4.72,0.000246,0.522,197597,0,goth
0.15,0.963,2,1,0.0752,0.287,0.0732,150.123,-7.212,0.0955,0.111,263048,0,black-metal
0.271,0.563,6,1,0.0386,1.49e-05,0.177,176.713,-8.573,0.577,0.195,204360,0,rockabilly
0.741,0.499,11,1,0.0356,0.0,0.125,103.96,-8.035,0.23,0.692,144760,0,country
0.674,0.603,10,1,0.0452,0.0,0.108,121.969,-6.704,0.267,0.524,210699,0,country
0.675,0.184,2,1,0.0328,0.000852,0.14,92.083,-14.878,0.883,0.336,235280,0,honky-tonk
0.805,0.273,4,1,0.0629,0.000226,0.108,115.048,-15.269,0.864,0.265,184973,0,honky-tonk
0.702,0.273,0,1,0.0324,0.344,0.117,132.054,-17.0,0.858,0.313,216920,0,honky-tonk
0.789,0.153,4,1,0.0405,0.0173,0.111,115.391,-16.963,0.933,0.298,242120,0,honky-tonk
0.703,0.541,2,0,0.0398,0.0,0.0954,98.864,-6.337,0.124,0.569,255320,0,honky-tonk
0.632,0.527,9,1,0.0294,1.89e-06,0.113,101.663,-9.335,0.24,0.679,272773,0,honky-tonk
0.707,0.565,5,1,0.0305,0.000583,0.252,113.723,-8.788,0.044,0.519,224880,0,honky-tonk
0.152,0.993,7,0,0.0657,0.689,0.476,145.986,-12.671,1.5e-05,0.0387,477693,0,black-metal
0.531,0.0134,9,1,0.0537,0.0,0.114,63.963,-21.313,0.978,0.31,169000,0,bluegrass
0.302,0.934,9,1,0.076,0.0273,0.15,154.148,-6.267,0.00435,0.537,195986,0,power-pop
0.602,0.868,6,0,0.0271,0.556,0.104,133.985,-5.514,0.0811,0.706,283880,0,goth
0.502,0.799,1,1,0.316,0.0,0.325,168.611,-6.498,0.133,0.779,204546,0,j-dance
0.554,0.793,6,1,0.232,0.0,0.25,116.725,-4.276,0.459,0.387,169730,0,j-dance
0.688,0.2,0,1,0.0473,0.0,0.133,136.959,-15.908,0.78,0.765,214786,0,honky-tonk
0.368,0.294,8,1,0.0344,0.845,0.0826,109.999,-13.571,0.0667,0.147,354038,0,heavy-metal
0.542,0.732,9,1,0.0521,7.92e-05,0.496,124.912,-5.956,0.00209,0.489,175643,0,rock
0.418,0.939,7,1,0.0481,0.0,0.329,109.221,-5.151,0.0075,0.567,323813,0,black-metal
0.316,0.974,0,0,0.114,0.0153,0.385,138.718,-6.375,7.55e-05,0.49,257200,0,black-metal
0.295,0.953,4,0,0.0814,0.000332,0.142,141.102,-5.58,2.72e-06,0.645,176746,0,black-metal
0.615,0.838,4,1,0.0546,0.00465,0.115,145.961,-6.449,0.275,0.85,560280,0,afrobeat
0.691,0.592,4,1,0.029,0.223,0.188,113.324,-7.251,0.353,0.347,262146,0,power-pop
0.575,0.55,5,1,0.0329,6.61e-05,0.0965,150.029,-9.575,0.516,0.564,302186,0,bluegrass
0.376,0.701,2,1,0.0308,0.481,0.281,154.763,-9.47,0.274,0.72,484573,0,bluegrass
0.606,0.795,6,1,0.0284,0.0,0.0892,109.069,-5.03,0.0411,0.599,217227,0,country
0.846,0.881,1,1,0.068,0.0,0.0663,121.747,-5.56,0.129,0.961,287602,0,chicago-house
0.665,0.902,4,0,0.0429,0.000684,0.107,116.792,-6.319,0.049,0.517,333860,0,chicago-house
0.718,0.918,1,1,0.077,0.000229,0.127,112.787,-5.514,0.0841,0.381,348733,0,chicago-house
0.706,0.828,0,1,0.11,0.0,0.0775,129.963,-4.588,0.124,0.619,350461,0,chicago-house
0.873,0.636,7,1,0.13,0.00514,0.0673,123.635,-8.668,0.0959,0.69,394400,0,chicago-house
0.491,0.373,7,1,0.0333,0.522,0.819,116.874,-15.399,0.753,0.851,201106,0,bluegrass
0.288,0.981,10,0,0.122,0.000553,0.0621,144.37,-3.85,0.000276,0.276,136900,0,death-metal
0.466,0.98,7,0,0.105,7.35e-06,0.37,155.021,-4.251,0.00436,0.173,173941,0,happy
0.697,0.375,1,0,0.326,0.0,0.0658,66.997,-15.478,0.428,0.321,231917,0,j-dance
0.625,0.562,0,0,0.0289,1.67e-05,0.109,93.998,-5.828,0.149,0.229,244004,0,rock
0.422,0.874,8,0,0.0534,0.231,0.143,102.743,-4.606,0.000166,0.392,233880,0,metalcore
0.489,0.996,10,0,0.208,0.904,0.331,107.449,-4.1,1.9e-06,0.14,130426,0,grindcore
0.688,0.623,8,0,0.169,0.0,0.259,148.218,-6.476,0.656,0.576,110016,0,kids
0.448,0.8,4,0,0.0389,0.00103,0.0909,131.731,-6.491,0.0112,0.227,267840,0,goth
0.24,0.947,2,1,0.0947,0.0663,0.107,164.662,-3.72,0.00234,0.301,200008,0,goth
0.751,0.486,1,1,0.0374,0.032,0.108,120.01,-10.746,0.331,0.408,194133,0,indie-pop
0.56,0.879,9,0,0.0285,6.88e-05,0.147,127.038,-4.941,0.0143,0.57,145511,0,drum-and-bass
0.581,0.518,9,1,0.054,0.0,0.138,153.624,-9.213,0.305,0.504,224920,0,honky-tonk
0.522,0.906,3,0,0.0631,0.0365,0.258,75.031,-5.791,0.00116,0.36,247594,0,goth
0.481,0.95,11,0,0.169,0.94,0.29,119.968,-3.606,3.65e-05,0.0913,234424,0,death-metal
0.5,0.836,4,0,0.0341,0.00126,0.16,99.446,-7.909,0.025,0.515,219266,0,rockabilly
0.358,0.654,6,0,0.0358,0.0,0.0864,138.565,-4.344,0.433,0.696,150520,0,garage
0.286,0.426,0,1,0.0284,8.78e-05,0.282,143.455,-5.753,0.637,0.245,197546,0,garage
0.256,0.856,10,0,0.0536,9.48e-06,0.0957,160.912,-2.816,0.121,0.571,159666,0,garage
0.684,0.216,7,1,0.0577,0.000112,0.122,133.186,-15.894,0.905,0.26,203060,0,singer-songwriter
0.505,0.62,2,1,0.167,0.0,0.0734,130.637,-8.328,0.505,0.547,173871,0,j-dance
0.35,0.985,4,0,0.0885,0.175,0.106,105.932,-4.832,0.000691,0.12,305346,0,black-metal
0.575,0.441,9,0,0.0552,0.000432,0.108,98.868,-9.141,0.806,0.665,196363,0,afrobeat
0.622,0.792,9,0,0.379,0.0,0.238,131.512,-3.752,0.134,0.664,176242,0,j-dance
0.33,0.777,6,1,0.0838,0.00227,0.167,114.309,-6.316,0.00315,0.236,227477,0,metalcore
0.369,0.977,7,1,0.104,0.000829,0.41,107.779,-3.39,4.62e-05,0.173,226186,0,metalcore
0.368,0.922,3,0,0.0923,0.000262,0.173,140.492,-3.819,8.79e-05,0.317,219280,0,metalcore
0.256,0.92,6,0,0.0751,0.000352,0.457,124.707,-4.914,0.000331,0.289,239706,0,metalcore
0.582,0.65,0,1,0.0331,0.000442,0.197,120.177,-7.138,0.199,0.963,142573,0,bluegrass
0.735,0.518,2,1,0.0702,0.858,0.111,109.002,-14.334,0.223,0.164,373761,0,chicago-house
0.82,0.96,1,1,0.145,0.0,0.0577,103.985,-4.696,0.0339,0.916,145408,0,kids
0.672,0.559,2,0,0.0349,0.000466,0.102,109.99,-12.426,0.0462,0.512,340613,0,chicago-house
0.81,0.463,0,0,0.0936,0.913,0.0907,119.998,-14.37,0.0155,0.56,340117,0,chicago-house
0.725,0.864,9,1,0.0838,0.0,0.0796,124.981,-5.601,0.0121,0.839,148773,0,edm
0.699,0.757,11,0,0.396,0.0,0.114,133.34,-4.022,0.0789,0.625,165600,0,j-dance
0.303,0.977,4,1,0.104,0.733,0.258,87.423,-5.745,9.26e-05,0.106,34504,0,grindcore
0.268,0.99,7,1,0.173,0.449,0.5,82.42,-5.689,0.000356,0.0417,77484,0,grindcore
0.576,0.758,3,0,0.393,0.0,0.113,66.82,-2.53,0.255,0.36,167336,0,j-dance
0.279,0.938,8,1,0.129,0.77,0.0936,82.599,-5.974,0.000326,0.145,72678,0,grindcore
0.538,0.307,0,1,0.0695,0.000374,0.0996,119.598,-11.856,0.821,0.295,118520,0,alternative
0.445,0.468,5,0,0.0702,0.000849,0.112,87.803,-8.106,0.524,0.444,177720,0,alternative
0.215,0.662,0,1,0.0589,0.186,0.0702,83.954,-6.161,0.000101,0.102,320625,0,black-metal
0.307,0.865,8,1,0.0363,0.813,0.0452,82.466,-4.902,2.61e-05,0.191,323319,0,black-metal
0.795,0.988,11,0,0.16,2.15e-06,0.228,139.961,-4.409,0.181,0.889,190572,0,kids
0.917,0.759,5,0,0.158,0.0,0.0605,99.972,-4.866,0.0543,0.865,179989,0,kids
0.472,0.89,7,0,0.0482,0.842,0.168,174.021,-5.237,0.00026,0.119,316085,0,drum-and-bass
0.647,0.515,9,0,0.0335,0.295,0.229,115.12,-12.648,0.0424,0.254,302905,0,chicago-house
0.688,0.609,9,0,0.0379,0.00212,0.284,97.104,-9.415,0.516,0.658,321346,0,chicago-house
0.74,0.423,11,0,0.05,0.000138,0.287,113.068,-14.183,0.0433,0.597,342994,0,chicago-house
0.782,0.463,2,1,0.0469,0.000119,0.302,122.091,-13.078,0.012,0.826,337544,0,chicago-house
0.719,0.456,5,0,0.0306,0.00224,0.156,113.938,-9.82,0.0253,0.69,303368,0,chicago-house
0.44,0.971,2,1,0.065,2.52e-05,0.642,99.982,-2.857,0.000271,0.321,113092,0,power-pop
0.564,0.985,7,1,0.0844,1.2e-06,0.137,94.972,-1.845,0.00874,0.446,160425,0,power-pop
0.14,0.922,4,0,0.161,0.355,0.0883,63.718,-7.429,0.000197,0.0398,547384,0,black-metal
0.501,0.965,9,0,0.213,0.0,0.8,132.013,-3.151,0.0331,0.711,203106,0,garage
0.827,0.645,5,1,0.0783,0.0,0.0794,100.094,-5.742,0.0966,0.356,172800,0,j-dance
0.387,0.759,6,0,0.0295,0.00198,0.106,84.744,-5.933,0.00135,0.381,273026,0,indie
0.616,0.579,2,1,0.044,0.79,0.906,120.025,-12.387,0.00137,0.154,270018,0,industrial
0.29,0.966,7,1,0.0906,0.833,0.167,187.175,-3.229,0.0118,0.619,119352,0,power-pop
0.258,0.407,8,1,0.0418,0.00112,0.164,117.097,-11.544,0.801,0.324,88693,0,show-tunes
0.437,0.885,7,1,0.0377,0.00795,0.137,163.0,-6.89,3.71e-05,0.443,241893,0,heavy-metal
0.359,0.917,5,0,0.0387,0.305,0.263,174.012,-3.492,0.000968,0.144,264827,0,idm
0.389,0.54,7,1,0.031,9.07e-05,0.0713,87.789,-9.671,0.484,0.559,262533,0,bluegrass
0.665,0.692,6,0,0.112,0.0,0.191,74.474,-5.431,0.172,0.68,158083,0,electro
0.434,0.984,1,0,0.0746,0.000624,0.516,160.008,-4.352,0.000509,0.505,220500,0,garage
0.448,0.93,9,0,0.0623,0.00133,0.37,174.996,-5.753,2.66e-05,0.456,213308,0,metal
0.581,0.634,9,0,0.258,0.0,0.0986,65.073,-5.783,0.551,0.545,165048,0,j-dance
0.509,0.881,0,1,0.0497,0.0,0.359,141.881,-5.302,0.00489,0.509,195320,0,country
0.428,0.718,10,0,0.0488,0.00422,0.0871,174.984,-7.456,0.0272,0.135,315196,0,drum-and-bass
0.623,0.598,6,0,0.348,0.0,0.21,116.458,-9.846,0.452,0.961,106066,0,comedy
0.579,0.934,10,0,0.0473,0.0231,0.182,119.003,-4.543,0.0145,0.699,266759,0,hard-rock
0.503,0.387,0,1,0.034,0.000444,0.105,118.219,-11.937,0.855,0.718,156133,0,bluegrass
0.681,0.634,4,1,0.0368,0.00676,0.0761,81.077,-9.719,0.142,0.644,231400,0,trip-hop
0.23,0.925,7,1,0.129,0.0779,0.396,114.547,-6.695,0.00023,0.237,87537,0,grindcore
0.0631,0.961,1,1,0.24,0.242,0.776,199.496,-6.707,0.00054,0.218,81988,0,grindcore
0.166,0.914,2,0,0.0756,0.168,0.294,111.921,-6.861,0.00114,0.0784,74232,0,grindcore
0.28,0.931,2,1,0.103,3.3e-06,0.396,130.551,-6.752,0.000629,0.11,93342,0,grindcore
0.227,0.975,8,1,0.128,0.385,0.456,123.48,-6.077,0.00131,0.115,81756,0,grindcore
0.211,0.968,1,1,0.101,0.725,0.276,116.232,-6.378,2.55e-05,0.179,66523,0,grindcore
0.276,0.983,7,0,0.14,0.897,0.437,122.984,-6.298,5.29e-05,0.206,54031,0,grindcore
0.424,0.948,9,0,0.096,0.00104,0.111,136.047,-6.401,0.0002,0.134,429540,0,black-metal
0.299,0.855,9,0,0.0987,0.00516,0.0526,126.898,-7.425,0.0186,0.132,546621,0,black-metal
0.265,0.904,4,0,0.0901,0.0513,0.0657,113.031,-6.334,0.00043,0.091,317386,0,black-metal
0.308,0.901,2,0,0.0607,5.94e-05,0.0842,196.059,-5.85,0.000334,0.131,385714,0,black-metal
0.39,0.965,2,1,0.0621,1.38e-06,0.403,195.957,-2.713,0.0004,0.762,152631,0,power-pop
0.535,0.979,8,1,0.0597,0.0,0.084,103.996,-3.593,0.000666,0.432,238870,0,alt-rock
0.58,0.874,2,0,0.0482,1.89e-06,0.237,121.085,-5.163,9.28e-05,0.548,222223,0,heavy-metal
0.539,0.754,9,0,0.0409,2.37e-06,0.302,127.997,-4.927,8.41e-05,0.507,206257,0,heavy-metal
0.585,0.302,7,1,0.0343,2.78e-05,0.112,147.106,-12.985,0.845,0.812,151493,0,bluegrass
0.406,0.973,1,1,0.144,2.1e-06,0.47,96.047,-2.558,8.98e-06,0.504,202591,0,metalcore
0.184,0.984,2,1,0.194,0.646,0.719,152.979,-4.521,0.00352,0.0318,155318,0,black-metal
0.283,0.873,6,1,0.103,0.663,0.151,129.905,-7.383,0.000396,0.256,242055,0,black-metal
0.368,0.911,1,1,0.0936,0.652,0.0539,147.733,-6.515,0.015,0.0565,158029,0,black-metal
0.2,0.88,7,0,0.0744,0.239,0.134,171.199,-5.193,0.0129,0.0626,204076,0,black-metal
0.457,0.962,2,1,0.0511,0.28,0.301,76.506,-6.733,2.29e-05,0.46,221506,0,heavy-metal
0.462,0.887,9,0,0.0483,0.0,0.197,129.024,-6.966,0.000247,0.353,229053,0,heavy-metal
0.471,0.96,6,1,0.137,0.857,0.0976,99.989,-5.326,0.00018,0.309,235146,0,iranian
0.4,0.647,2,1,0.0337,5.79e-05,0.11,84.08,-7.279,0.176,0.274,221520,0,country
0.446,0.674,10,1,0.0751,0.00545,0.186,173.97,-7.07,0.0156,0.12,347700,0,drum-and-bass
0.534,0.76,2,0,0.0501,0.0153,0.0934,169.954,-6.131,0.0029,0.222,257265,0,drum-and-bass
0.662,0.772,4,1,0.138,0.0,0.143,91.678,-3.711,0.66,0.655,189079,0,j-dance
0.404,0.91,6,0,0.103,0.119,0.615,173.95,-4.272,0.000462,0.0385,299001,0,drum-and-bass
0.498,0.813,7,1,0.0706,0.553,0.284,171.998,-6.178,0.0046,0.39,280176,0,drum-and-bass
0.403,0.849,9,0,0.217,0.000208,0.328,170.079,-6.209,0.00216,0.347,272268,0,drum-and-bass
0.609,0.693,9,1,0.0273,0.0,0.3,119.992,-6.395,0.000315,0.452,215586,0,acoustic
0.669,0.593,11,1,0.033,3.61e-06,0.204,111.647,-9.046,0.357,0.796,132000,0,bluegrass
0.695,0.386,8,0,0.0337,0.0,0.0906,127.947,-5.114,0.554,0.214,184885,0,electro
0.653,0.687,0,1,0.0512,0.088,0.125,148.036,-8.657,0.407,0.489,208876,0,electro
0.615,0.837,0,1,0.472,3.1e-06,0.119,180.905,-3.899,0.568,0.662,182154,0,j-dance
0.885,0.571,0,1,0.0796,0.00016,0.0458,147.966,-6.717,0.0698,0.963,109230,0,comedy
0.623,0.42,2,1,0.0719,1.14e-06,0.242,103.695,-15.23,0.224,0.901,142080,0,bluegrass
0.627,0.917,2,1,0.0474,0.631,0.359,125.991,-6.098,0.000124,0.305,292708,0,club
0.479,0.99,10,0,0.102,0.0,0.104,137.979,-2.801,0.00661,0.637,200000,0,metalcore
0.494,0.796,7,0,0.0324,0.000178,0.309,76.069,-3.965,0.0197,0.447,221733,0,country
0.688,0.14,9,0,0.0507,0.0208,0.325,120.337,-22.156,0.941,0.448,265184,0,bluegrass
0.336,0.852,0,1,0.0762,0.513,0.265,160.035,-7.694,0.000391,0.424,217519,0,death-metal
0.571,0.601,11,0,0.0651,0.0,0.0865,161.845,-6.26,0.463,0.65,183173,0,bluegrass
0.697,0.875,5,1,0.034,0.0,0.28,140.069,-4.621,0.137,0.774,163854,0,piano
0.408,0.965,1,1,0.0778,0.77,0.253,95.992,-4.1,6.69e-06,0.0791,270253,0,death-metal
0.139,0.962,10,1,0.0808,0.457,0.443,143.743,-4.629,3.88e-06,0.0935,220204,0,death-metal
0.839,0.542,7,0,0.0455,0.0,0.141,91.011,-5.189,0.128,0.726,192578,0,sad
0.825,0.414,2,1,0.144,0.0,0.357,72.993,-6.634,0.00265,0.106,200547,0,hip-hop
0.464,0.755,4,1,0.0354,0.0,0.0989,155.973,-5.707,0.00838,0.449,216764,0,country
0.604,0.689,2,1,0.251,0.0,0.538,137.214,-5.518,0.307,0.479,126556,0,j-dance
0.626,0.676,9,1,0.361,0.0,0.128,195.932,-7.241,0.0234,0.373,161632,0,j-dance
0.524,0.954,9,1,0.0527,0.0534,0.0363,130.057,-5.657,3.27e-05,0.57,251786,0,heavy-metal
0.509,0.264,6,0,0.0301,4.74e-06,0.251,89.194,-10.884,0.889,0.771,167013,0,bluegrass
0.158,0.978,2,1,0.0987,0.879,0.0911,132.872,-2.863,9.46e-05,0.0377,291652,0,black-metal
0.574,0.383,5,1,0.0321,0.0,0.161,131.277,-12.508,0.57,0.577,159493,0,honky-tonk
0.602,0.565,11,1,0.0498,0.0,0.0622,208.038,-6.498,0.329,0.609,204079,0,dance
0.293,0.584,7,1,0.0593,0.929,0.11,129.667,-7.605,0.0611,0.0574,395035,0,black-metal
0.605,0.363,8,1,0.248,2.1e-05,0.13,110.006,-8.812,0.27,0.248,183300,0,dancehall
0.533,0.882,4,1,0.0637,0.0,0.183,124.071,-4.445,0.0192,0.655,164829,0,power-pop
0.474,0.92,2,1,0.0314,0.00016,0.134,148.058,-6.793,0.00229,0.576,218173,0,power-pop
0.555,0.926,6,1,0.0461,0.000611,0.254,130.042,-5.686,0.00453,0.694,275680,0,power-pop
0.489,0.827,4,1,0.0291,0.0153,0.343,154.935,-5.991,0.102,0.533,183253,0,power-pop
0.577,0.585,4,0,0.0346,0.0201,0.0774,114.329,-15.487,0.699,0.945,195426,0,bluegrass
0.468,0.92,2,1,0.142,1.25e-06,0.385,109.994,-5.71,3.4e-05,0.327,207516,0,industrial
0.46,0.91,5,0,0.0479,0.896,0.138,173.961,-3.499,0.00131,0.313,222844,0,drum-and-bass
0.561,0.912,1,0,0.0806,0.000895,0.206,164.013,-4.221,0.271,0.684,177701,0,grunge
0.467,0.905,0,1,0.121,0.000737,0.155,165.071,-6.923,0.000145,0.72,81016,0,garage
0.571,0.961,1,1,0.0512,0.345,0.108,173.983,-4.457,0.0665,0.858,264927,0,drum-and-bass
0.4,0.914,0,1,0.0459,0.0154,0.133,160.411,-7.365,0.0276,0.884,222053,0,power-pop
0.598,0.943,2,1,0.0347,0.0,0.331,117.906,-3.964,0.0933,0.801,156346,0,country
0.524,0.566,1,1,0.0364,0.0,0.25,159.914,-5.443,0.0411,0.362,240449,0,acoustic
0.629,0.763,0,0,0.0453,0.0,0.312,93.023,-4.279,0.244,0.809,214190,0,pop
0.493,0.903,6,0,0.258,0.000135,0.816,171.937,-3.587,0.0237,0.527,127339,0,alternative
0.172,0.951,6,0,0.0992,0.886,0.115,122.02,-5.129,0.0,0.197,222880,0,black-metal
0.272,0.758,7,1,0.109,0.137,0.116,128.186,-6.036,3.12e-05,0.299,105727,0,grindcore
0.179,0.982,1,0,0.152,0.688,0.737,179.644,-4.74,4.19e-06,0.148,40910,0,grindcore
0.272,0.906,1,1,0.127,0.166,0.24,141.935,-4.687,5.48e-06,0.433,70682,0,grindcore
0.315,0.955,1,0,0.194,0.0648,0.512,59.212,-5.02,1.42e-05,0.316,57659,0,grindcore
0.302,0.965,6,1,0.112,0.34,0.228,84.293,-5.185,8.51e-06,0.276,61706,0,grindcore
0.255,0.937,1,1,0.12,0.225,0.35,126.165,-5.603,1.3e-05,0.226,142661,0,grindcore
0.339,0.92,8,1,0.0991,0.118,0.465,123.992,-4.822,5.3e-06,0.38,84965,0,grindcore
0.173,0.917,0,1,0.127,0.508,0.312,161.38,-4.835,3.1e-06,0.474,40468,0,grindcore
0.323,0.963,2,1,0.178,0.668,0.191,105.389,-4.97,1.51e-05,0.262,91378,0,grindcore
0.199,0.961,7,1,0.218,0.527,0.563,168.246,-5.12,1.67e-05,0.226,112568,0,grindcore
0.416,0.663,6,0,0.0446,9.41e-06,0.0711,170.05,-5.145,0.00379,0.251,203647,0,metalcore
0.575,0.868,5,0,0.0319,0.00294,0.0584,128.069,-5.004,0.000207,0.804,196946,0,hard-rock
0.459,0.623,0,1,0.0502,0.0,0.113,126.094,-8.079,0.193,0.179,238306,0,dub
0.46,0.894,1,1,0.0684,0.717,0.115,98.022,-6.15,1.6e-05,0.436,266226,0,iranian
0.299,0.934,6,1,0.135,0.383,0.365,112.768,-5.362,0.000276,0.493,229426,0,iranian
0.512,0.953,0,1,0.0846,0.649,0.136,119.984,-5.724,2.78e-05,0.442,318746,0,iranian
0.426,0.957,1,1,0.0968,0.871,0.314,95.027,-4.831,1.08e-05,0.231,312226,0,iranian
0.415,0.929,1,1,0.0951,0.909,0.218,120.024,-5.533,3.54e-06,0.311,289333,0,iranian
0.422,0.971,9,1,0.0619,0.761,0.119,115.043,-7.814,6.56e-06,0.0367,549066,0,black-metal
0.416,0.964,9,1,0.112,0.000875,0.473,157.925,-2.967,2.35e-05,0.212,222738,0,alternative
0.307,0.995,1,1,0.274,0.0416,0.187,197.087,-1.696,0.00015,0.114,154000,0,death-metal
0.417,0.682,1,1,0.0295,0.000669,0.109,105.542,-5.071,0.0267,0.351,232412,0,alt-rock
0.671,0.74,2,1,0.0261,3.01e-05,0.123,110.027,-4.936,0.558,0.489,233613,0,bluegrass
0.43,0.981,5,1,0.0744,5.45e-06,0.287,157.01,-2.929,0.00014,0.585,207445,0,alternative
0.514,0.912,9,1,0.034,7.59e-06,0.0955,153.387,-3.878,0.364,0.734,229386,0,bluegrass
0.29,0.986,4,1,0.1,0.799,0.127,115.036,-4.073,2.59e-05,0.2,304248,0,iranian
0.456,0.992,7,0,0.139,0.695,0.333,165.012,-3.817,7.98e-06,0.416,227056,0,iranian
0.434,0.983,6,1,0.131,0.699,0.0461,159.943,-3.68,1.76e-05,0.183,278752,0,iranian
0.281,0.984,11,1,0.126,0.699,0.142,113.315,-3.925,5.44e-06,0.346,261120,0,iranian
0.698,0.794,0,1,0.0483,0.605,0.0622,135.981,-3.333,0.000335,0.861,224178,0,indie
0.552,0.57,11,0,0.195,3.44e-06,0.124,76.62,-6.481,0.495,0.281,161985,0,j-dance
0.704,0.692,11,0,0.186,0.0,0.0796,92.527,-6.2,0.223,0.614,224000,0,afrobeat
0.647,0.581,4,0,0.0884,7.76e-06,0.119,150.149,-7.678,0.0029,0.113,206385,0,hip-hop
0.556,0.924,2,0,0.0701,6.98e-05,0.11,131.014,-4.048,0.00225,0.49,229007,0,metalcore
0.544,0.743,7,1,0.033,7.84e-05,0.234,140.766,-4.231,0.277,0.759,142573,0,bluegrass
0.544,0.751,2,0,0.0308,0.000708,0.307,114.705,-6.101,0.315,0.732,220706,0,bluegrass
0.496,0.475,7,1,0.0323,6.86e-06,0.157,112.454,-6.509,0.801,0.533,258093,0,bluegrass
0.635,0.514,2,1,0.0273,1.6e-05,0.0673,145.099,-9.743,0.22,0.708,248760,0,bluegrass
0.516,0.888,6,1,0.049,1.91e-05,0.187,122.981,-5.386,5.5e-06,0.595,165133,0,metalcore
0.549,0.82,2,1,0.379,0.0,0.226,96.725,-4.433,0.314,0.357,221583,0,dancehall
0.861,0.27,6,0,0.0616,0.00288,0.124,84.004,-9.515,0.301,0.608,165320,0,soul
0.602,0.831,4,1,0.0365,0.000736,0.184,119.935,-4.887,0.0164,0.722,216133,0,country
0.523,0.8,9,1,0.101,0.0,0.398,125.886,-5.243,0.00537,0.604,186847,0,alt-rock
0.848,0.817,10,0,0.259,3.08e-06,0.0701,98.055,-5.328,0.0416,0.846,153437,0,j-dance
0.735,0.496,6,1,0.0512,0.0,0.279,119.949,-6.961,0.0706,0.431,141653,0,kids
0.833,0.724,11,1,0.12,0.003,0.0731,104.006,-5.457,0.0642,0.586,156146,0,kids
0.72,0.848,0,0,0.0584,3.53e-06,0.236,125.005,-5.519,0.27,0.578,238080,0,kids
0.625,0.594,7,1,0.0293,0.0,0.23,104.041,-5.279,0.323,0.609,169720,0,kids
0.753,0.534,1,1,0.12,0.0,0.118,158.075,-6.44,0.111,0.487,161213,0,kids
0.69,0.443,10,0,0.0264,0.0,0.0793,98.981,-8.854,0.158,0.472,191640,0,kids
0.571,0.674,8,0,0.257,0.0,0.276,71.084,-5.919,0.471,0.626,180063,0,j-dance
0.54,0.723,11,0,0.0356,0.00183,0.151,112.079,-6.676,0.0902,0.306,233293,0,synth-pop
0.606,0.696,6,1,0.0613,0.000188,0.157,121.347,-5.153,0.122,0.68,162880,0,indie-pop
0.905,0.563,8,1,0.102,9.71e-06,0.113,106.998,-6.135,0.0254,0.324,173947,0,hip-hop
0.391,0.83,1,1,0.0574,0.0,0.391,99.968,-13.017,6.98e-06,0.252,278158,0,black-metal
0.519,0.732,6,1,0.448,0.0,0.0965,192.308,-6.323,0.494,0.382,185077,0,j-dance
0.855,0.954,0,0,0.264,0.0,0.205,114.635,-1.19,0.529,0.668,248133,1,hip-hop
0.949,0.661,5,0,0.0572,0.0,0.0454,104.504,-4.244,0.0302,0.76,284200,1,hip-hop
0.39,0.397,0,0,0.0513,0.0,0.207,144.031,-9.963,0.287,0.246,354947,1,rock
0.908,0.669,7,1,0.0738,0.0,0.237,112.238,-2.827,0.00286,0.662,290320,1,hip-hop
0.273,0.952,11,1,0.0843,0.0111,0.142,100.271,-8.762,0.0169,0.472,405640,1,hard-rock
0.743,0.446,4,0,0.0683,0.118,0.337,123.596,-7.807,0.0039,0.278,232106,1,alt-rock
0.451,0.931,9,1,0.0719,0.0049,0.361,122.961,-3.871,0.00076,0.172,302840,1,alt-rock
0.763,0.803,1,1,0.0351,0.285,0.348,103.04,-3.713,0.0709,0.561,229640,1,alt-rock
0.702,0.773,10,0,0.0343,0.00871,0.147,103.564,-9.256,0.0288,0.953,285373,1,disco
0.481,0.262,7,1,0.0414,0.0114,0.832,122.861,-15.73,0.735,0.375,334743,1,psych-rock
0.447,0.848,2,1,0.222,7.46e-05,0.65,172.253,-6.175,0.033,0.485,205200,1,indie-pop
0.706,0.751,9,1,0.0708,0.0,0.168,91.031,-6.323,0.173,0.195,182306,1,dance
0.64,0.864,7,1,0.0314,0.0,0.123,102.026,-6.576,0.00832,0.701,268360,1,grunge
0.559,0.345,4,1,0.0459,0.000105,0.141,84.581,-13.496,0.0576,0.458,264306,1,alt-rock
0.414,0.428,0,1,0.0278,0.000243,0.148,145.075,-11.097,0.382,0.282,377093,1,piano
0.513,0.442,4,1,0.0343,0.000838,0.0878,81.201,-13.529,0.00731,0.243,229226,1,alt-rock
0.762,0.508,3,1,0.0919,0.00126,0.16,93.51,-9.112,0.0584,0.37,302346,1,soul
0.634,0.526,5,0,0.0333,0.0,0.257,90.087,-7.881,0.339,0.623,235800,1,dance
0.897,0.611,11,1,0.211,0.186,0.0894,102.304,-10.489,0.0291,0.769,208266,1,hardcore
0.855,0.587,8,1,0.0336,0.00714,0.105,111.97,-4.589,0.0505,0.64,177466,1,soul
0.818,0.705,6,1,0.177,0.00233,0.613,138.559,-6.679,0.00836,0.772,222640,1,alternative
0.747,0.52,10,0,0.0357,0.0537,0.142,92.869,-10.523,0.0977,0.601,232773,1,funk
0.735,0.824,10,0,0.036,0.0,0.158,100.202,-4.143,0.615,0.726,211666,1,dancehall
0.556,0.864,3,0,0.0584,0.0,0.209,105.143,-5.87,0.00958,0.4,216880,1,alternative
0.356,0.917,9,1,0.0479,0.0,0.406,171.176,-6.006,0.0335,0.518,357266,1,alt-rock
0.556,0.319,9,1,0.0281,0.0,0.0996,135.187,-8.251,0.893,0.294,285240,1,british
0.502,0.912,1,1,0.0564,0.000173,0.106,116.761,-4.556,2.55e-05,0.72,301920,1,alt-rock
0.721,0.339,0,1,0.0532,0.00153,0.0973,129.83,-11.195,0.409,0.2,200746,1,soul
0.689,0.739,2,1,0.026,0.509,0.064,120.423,-5.81,1.51e-05,0.578,233866,1,alternative
0.469,0.538,8,1,0.0571,0.00012,0.37,196.605,-13.559,0.305,0.886,176333,1,soul
0.458,0.795,0,1,0.0574,0.000202,0.0756,123.229,-3.265,0.00316,0.513,255373,1,alt-rock
0.512,0.662,3,1,0.0439,0.0,0.118,180.114,-6.797,0.0275,0.472,228346,1,indie-pop
0.951,0.6,0,0,0.0685,0.0,0.0712,125.04,-4.675,0.106,0.822,218573,1,dance
0.556,0.913,0,1,0.0437,8.59e-06,0.346,96.184,-2.36,0.0193,0.73,282160,1,alt-rock
0.467,0.324,2,1,0.0255,0.0248,0.118,94.301,-10.451,0.615,0.166,320266,1,alt-rock
0.826,0.49,9,1,0.0676,4.41e-06,0.0415,74.126,-10.477,0.00916,0.627,180266,1,reggae
0.691,0.795,1,0,0.0355,1.02e-06,0.156,133.971,-4.021,0.000812,0.876,227333,1,dance
0.776,0.559,6,0,0.103,0.0,0.0671,122.242,-8.375,0.11,0.758,232200,1,reggae
0.656,0.932,4,0,0.0708,0.00147,0.144,130.936,-3.405,0.00347,0.544,201960,1,grunge
0.73,0.769,8,1,0.0298,0.0,0.0473,104.948,-5.114,0.138,0.507,228093,1,british
0.432,0.884,8,1,0.13,0.000527,0.166,108.948,-6.659,0.0127,0.624,166706,1,funk
0.507,0.729,11,0,0.0393,1.4e-06,0.0658,105.013,-5.399,0.0182,0.272,243960,1,french
0.872,0.872,1,1,0.139,0.00112,0.0543,116.948,-6.328,0.0476,0.809,223080,1,latin
0.783,0.58,7,1,0.0408,2.28e-06,0.108,120.021,-6.548,0.0114,0.66,193400,1,electro
0.603,0.67,2,0,0.0249,1.68e-06,0.112,107.993,-3.882,0.00408,0.446,242973,1,british
0.256,0.641,1,1,0.0552,0.0329,0.0853,203.006,-10.283,0.199,0.382,281160,1,alt-rock
0.496,0.682,8,1,0.0294,2.94e-05,0.0589,167.06,-4.095,0.00552,0.474,262333,1,punk
0.36,0.501,7,1,0.0258,9.32e-05,0.172,74.807,-9.129,0.0638,0.324,264066,1,alt-rock
0.554,0.932,5,0,0.0485,0.000142,0.425,112.49,-3.424,0.00154,0.478,242280,1,hardcore
0.489,0.649,9,1,0.0336,0.713,0.101,158.009,-5.11,0.000603,0.77,219826,1,alt-rock
0.639,0.912,1,1,0.0615,0.0,0.097,143.448,-2.621,0.00107,0.343,227520,1,indie-pop
0.64,0.743,10,1,0.0379,0.0,0.101,122.035,-4.08,0.269,0.361,262533,1,piano
0.699,0.812,0,1,0.0377,0.000763,0.105,138.185,-6.005,0.0164,0.662,276693,1,alt-rock
0.524,0.939,9,1,0.113,0.0,0.623,150.184,-3.994,0.00022,0.661,184866,1,alternative
0.42,0.33,9,1,0.0275,0.000679,0.0677,157.143,-13.925,0.245,0.175,295600,1,alt-rock
0.317,0.172,10,1,0.0326,0.000383,0.105,65.18,-10.636,0.907,0.0963,212040,1,soul
0.697,0.395,6,1,0.0281,0.653,0.173,113.589,-13.58,0.428,0.876,151893,1,alt-rock
0.419,0.383,4,1,0.0256,0.0176,0.0896,87.568,-11.782,0.0724,0.35,257480,1,alt-rock
0.722,0.851,7,0,0.0639,0.0,0.108,126.885,-3.873,0.0319,0.452,197935,1,rock
0.715,0.833,2,1,0.108,0.0,0.164,95.487,-5.379,0.00631,0.612,213093,1,british
0.534,0.803,10,1,0.0743,6.07e-05,0.307,167.983,-9.129,0.741,0.969,161560,1,blues
0.255,0.393,5,1,0.0278,0.00361,0.113,76.426,-10.654,0.0577,0.118,229120,1,alt-rock
0.585,0.972,9,0,0.0534,0.0,0.0707,110.006,-4.45,0.0143,0.585,230253,1,alternative
0.726,0.787,4,1,0.0737,0.0,0.0596,124.99,-2.494,0.009,0.888,199986,1,pop
0.65,0.306,9,1,0.0393,7.07e-06,0.0707,118.068,-9.443,0.57,0.605,180055,1,r-n-b
0.492,0.969,9,1,0.0491,1.32e-06,0.0787,95.136,-4.419,0.0014,0.538,157333,1,alternative
0.58,0.702,4,1,0.0337,3.2e-06,0.536,105.076,-5.565,0.0466,0.299,208960,1,alternative
0.38,0.988,1,1,0.0639,7.86e-05,0.368,186.113,-2.042,2.64e-05,0.769,176346,1,punk
0.595,0.717,0,1,0.0295,0.00274,0.108,88.969,-4.803,0.0779,0.547,215906,1,alt-rock
0.413,0.881,11,0,0.0367,0.000308,0.0805,158.066,-5.541,5.99e-05,0.364,250546,1,alt-rock
0.496,0.863,9,1,0.0381,0.0,0.639,110.018,-4.153,0.0046,0.243,185586,1,alternative
0.377,0.681,7,1,0.0298,0.0023,0.0504,108.789,-8.039,0.00088,0.285,285133,1,country
0.288,0.758,6,0,0.0371,0.0,0.303,97.094,-5.692,0.00616,0.619,201726,1,garage
0.532,0.767,7,1,0.0574,0.000513,0.39,127.361,-5.509,0.00287,0.755,210173,1,hard-rock
0.554,0.783,6,1,0.0457,1.54e-06,0.631,105.39,-5.852,0.416,0.813,162466,1,country
0.249,0.834,0,1,0.0577,9.48e-05,0.0924,118.223,-8.21,0.0738,0.338,547106,1,blues
0.676,0.703,8,0,0.0302,0.000687,0.0463,92.761,-5.815,0.0869,0.852,200173,1,alternative
0.557,0.8,10,1,0.0601,0.0012,0.0906,135.47,-8.477,0.00132,0.582,245373,1,alt-rock
0.277,0.663,4,0,0.0377,0.00051,0.136,104.561,-8.821,0.000409,0.527,237026,1,alt-rock
0.913,0.603,8,1,0.226,0.000503,0.167,123.061,-4.892,0.0272,0.497,234093,1,soul
0.56,0.936,3,1,0.0439,0.0,0.161,112.96,-5.835,0.00847,0.371,218013,1,alt-rock
0.367,0.634,5,1,0.027,0.0759,0.116,89.981,-6.475,0.000824,0.0964,241533,1,metal
0.519,0.749,6,0,0.0405,0.0,0.119,147.905,-3.318,0.271,0.29,199946,1,country
0.574,0.913,6,0,0.133,0.00158,0.156,115.728,-4.793,0.061,0.423,208400,1,hard-rock
0.516,0.764,2,1,0.0366,0.0,0.115,148.021,-6.223,0.0717,0.376,224693,1,piano
0.294,0.641,11,1,0.0291,0.22,0.112,79.759,-9.316,0.0163,0.226,536066,1,hard-rock
0.498,0.59,1,0,0.032,0.0,0.107,145.867,-4.721,0.511,0.0784,217866,1,dance
0.331,0.55,0,1,0.0272,3.96e-06,0.192,177.734,-6.483,0.605,0.429,339000,1,folk
0.654,0.828,1,0,0.0281,0.000144,0.122,112.056,-5.377,0.00146,0.79,183893,1,garage
0.532,0.495,10,1,0.0343,0.0,0.0754,124.936,-6.662,0.659,0.308,214240,1,folk
0.671,0.501,4,1,0.0594,0.0,0.194,87.04,-13.119,0.342,0.86,214880,1,country
0.572,0.418,0,1,0.0349,0.0,0.0961,104.566,-10.738,0.635,0.694,165000,1,funk
0.579,0.654,1,0,0.0553,3.62e-06,0.0673,129.537,-12.421,0.121,0.616,216466,1,power-pop
0.346,0.552,0,0,0.0282,0.0,0.114,75.881,-6.864,0.417,0.0789,286480,1,british
0.682,0.471,0,1,0.0301,0.0,0.0908,79.907,-9.182,0.765,0.421,163133,1,folk
0.682,0.927,4,1,0.0479,0.0,0.149,101.019,-2.915,0.0843,0.744,195613,1,dance
0.526,0.866,0,1,0.0568,7.78e-05,0.0945,140.266,-5.822,0.00287,0.248,253586,1,garage
0.568,0.844,9,1,0.0505,0.0,0.0607,116.046,-5.875,0.000189,0.766,207093,1,punk
0.188,0.411,0,1,0.0484,0.153,0.0843,187.376,-9.733,0.174,0.159,305746,1,rock
0.726,0.449,0,1,0.0286,1.34e-06,0.0824,130.388,-9.206,0.487,0.294,241333,1,disco
0.71,0.799,6,1,0.0328,0.000602,0.349,120.372,-4.897,0.22,0.725,238266,1,disco
0.448,0.784,9,1,0.0627,0.000108,0.668,136.245,-3.686,0.106,0.236,186813,1,rock
0.617,0.741,2,1,0.0311,0.0,0.0772,118.984,-3.97,0.131,0.306,236266,1,pop
0.421,0.407,10,1,0.0267,0.000961,0.11,139.028,-7.445,0.309,0.161,285120,1,dance
0.284,0.875,11,0,0.0422,0.000461,0.402,75.009,-6.069,0.00752,0.595,340907,1,alt-rock
0.394,0.944,10,0,0.0761,4.54e-06,0.298,105.338,-6.506,0.00178,0.265,292580,1,alt-rock
0.586,0.7,0,1,0.0363,0.00125,0.0318,147.245,-9.558,0.0589,0.897,295400,1,power-pop
0.56,0.595,9,1,0.0274,6.47e-05,0.132,104.011,-4.53,0.199,0.144,267960,1,rock
0.788,0.844,2,1,0.0334,0.000678,0.0723,113.324,-3.131,0.25,0.382,251240,1,dance
0.366,0.94,1,0,0.0696,9.42e-05,0.188,130.198,-5.119,0.000769,0.369,255626,1,alt-rock
0.465,0.919,4,1,0.0408,2.07e-05,0.262,135.997,-4.025,1.83e-05,0.537,235293,1,alt-rock
0.56,0.825,11,1,0.0379,0.0,0.161,94.931,-3.862,0.323,0.268,237493,1,piano
0.689,0.694,6,0,0.027,0.0,0.148,99.039,-5.83,0.257,0.482,213306,1,dance
0.916,0.72,0,1,0.1,0.00016,0.0958,103.312,-8.548,0.36,0.76,237000,1,reggae
0.307,0.433,1,1,0.029,9.08e-05,0.332,160.9,-10.057,0.388,0.224,266960,1,hard-rock
0.488,0.862,0,1,0.0476,0.0,0.359,104.56,-7.595,0.0204,0.706,257826,1,punk-rock
0.645,0.792,4,0,0.036,0.0121,0.119,90.565,-7.34,0.0562,0.666,232453,1,alt-rock
0.433,0.959,9,1,0.0431,0.0,0.028,172.984,-4.04,0.000917,0.365,269373,1,alt-rock
0.553,0.362,4,0,0.0263,6.01e-06,0.075,142.352,-11.218,0.0458,0.158,388266,1,hard-rock
0.515,0.43,7,1,0.0372,0.000133,0.129,91.844,-9.935,0.0097,0.104,238640,1,alt-rock
0.612,0.807,10,1,0.0336,0.0177,0.101,124.053,-2.81,0.0495,0.398,240400,1,alt-rock
0.505,0.71,3,1,0.0321,0.00025,0.269,89.938,-3.015,0.19,0.428,177506,1,rock
0.398,0.927,9,1,0.0567,0.000177,0.0575,77.106,-4.212,6.2e-05,0.311,260026,1,grunge
0.37,0.866,6,0,0.0384,0.0,0.137,162.086,-3.879,0.0868,0.427,316693,1,hard-rock
0.471,0.924,8,1,0.0586,0.0,0.313,154.961,-3.906,0.00301,0.725,177280,1,alt-rock
0.522,0.914,7,1,0.0379,0.847,0.24,137.939,-8.285,0.000164,0.0364,184760,1,alternative
0.577,0.828,6,0,0.0298,0.0114,0.0581,123.257,-8.691,0.00213,0.604,331266,1,hard-rock
0.62,0.573,0,1,0.0423,0.0,0.0607,81.548,-11.893,0.271,0.897,231333,1,disco
0.614,0.568,7,0,0.0276,0.0,0.0997,107.849,-5.477,0.00797,0.516,293960,1,alt-rock
0.504,0.785,8,1,0.104,0.0,0.239,173.968,-4.802,0.0738,0.502,210840,1,dance
0.431,0.723,8,1,0.0568,0.0,0.374,130.141,-5.887,0.145,0.19,267360,1,disco
0.692,0.651,9,1,0.0324,0.00241,0.105,97.923,-8.267,0.292,0.706,254560,1,funk
0.491,0.583,7,1,0.0376,0.0,0.406,150.566,-10.964,0.185,0.908,183306,1,folk
0.15,0.859,4,0,0.0595,0.194,0.387,170.527,-2.827,0.00201,0.354,228146,1,metal
0.82,0.452,1,1,0.0348,0.00294,0.0714,117.401,-9.796,0.543,0.74,253920,1,rock
0.531,0.909,11,1,0.034,0.0,0.231,97.546,-4.236,0.0175,0.814,178000,1,punk
0.754,0.759,9,1,0.302,0.000108,0.101,126.366,-5.218,0.153,0.435,214666,1,hard-rock
0.217,0.905,2,1,0.0752,0.00011,0.222,96.95,-4.103,0.000289,0.236,311106,1,emo
0.554,0.978,4,1,0.131,0.0,0.0731,135.095,-3.554,0.111,0.594,162600,1,alternative
0.291,0.974,6,0,0.171,5.44e-06,0.886,134.724,-2.997,0.0177,0.348,278600,1,alternative
0.448,0.665,9,1,0.026,2.55e-05,0.0828,172.004,-4.203,0.06,0.304,237146,1,piano
0.602,0.923,5,1,0.044,0.0,0.0561,136.01,-3.763,0.0098,0.765,216013,1,emo
0.687,0.677,2,1,0.0508,0.000137,0.0564,75.052,-4.172,0.000643,0.545,199773,1,metal
0.445,0.541,7,1,0.0736,0.0,0.109,76.289,-7.36,0.359,0.217,252733,1,folk
0.529,0.127,11,1,0.0274,0.000109,0.237,63.05,-16.066,0.611,0.578,203573,1,folk
0.464,0.701,6,0,0.0411,0.309,0.335,83.996,-5.693,0.00892,0.356,251186,1,alt-rock
0.584,0.367,6,0,0.0328,1.38e-05,0.0818,120.175,-9.638,0.55,0.588,176293,1,folk
0.664,0.705,1,0,0.0382,0.0,0.118,122.016,-4.972,0.0654,0.477,257266,1,piano
0.454,0.913,9,1,0.107,0.000271,0.248,137.688,-4.008,0.408,0.521,293183,1,hard-rock
0.365,0.763,11,0,0.0591,0.000457,0.0865,148.366,-9.45,0.00726,0.342,204866,1,hard-rock
0.548,0.532,5,1,0.0323,0.000263,0.217,85.03,-7.596,0.186,0.405,272394,1,garage
0.638,0.656,5,1,0.0357,0.0,0.146,104.036,-5.886,0.188,0.225,262466,1,british
0.656,0.291,2,1,0.0293,0.0,0.114,103.971,-10.572,0.872,0.298,232533,1,rock
0.475,0.322,7,1,0.0283,0.00056,0.11,93.503,-10.687,0.367,0.387,206266,1,hard-rock
0.589,0.89,4,0,0.0603,0.00082,0.201,90.598,-3.719,0.000481,0.692,199906,1,alt-rock
0.472,0.671,4,1,0.029,0.0,0.159,82.952,-4.649,0.0129,0.0681,232800,1,alt-rock
0.532,0.783,2,1,0.0523,0.0012,0.161,124.08,-5.697,0.0038,0.643,247426,1,dance
0.72,0.791,1,1,0.124,0.0,0.157,102.071,-4.689,0.0384,0.756,175426,1,rock
0.418,0.452,1,1,0.0356,0.00026,0.0959,175.088,-13.099,0.638,0.168,218733,1,hard-rock
0.611,0.95,8,1,0.0518,1.59e-06,0.0543,132.078,-3.509,0.00141,0.607,193893,1,grunge
0.446,0.764,10,1,0.033,0.0,0.099,172.094,-5.042,0.00135,0.543,223840,1,alt-rock
0.495,0.856,0,0,0.0311,0.0,0.103,158.024,-5.123,0.000219,0.609,154666,1,alternative
0.487,0.382,7,1,0.0309,4.74e-06,0.411,116.557,-10.889,0.0422,0.714,261279,1,rock-n-roll
0.653,0.73,5,1,0.043,1.03e-05,0.0754,108.705,-10.613,0.0114,0.894,220400,1,hard-rock
0.422,0.264,8,1,0.0322,0.0,0.132,119.93,-7.064,0.922,0.331,269560,1,soul
0.545,0.78,7,0,0.0436,4.64e-05,0.0828,125.014,-4.867,0.0309,0.458,255093,1,edm
0.817,0.599,0,0,0.0328,0.000311,0.0873,108.873,-9.249,0.132,0.548,245640,1,rock
0.823,0.731,3,1,0.307,0.0,0.306,90.302,-4.273,0.42,0.876,195693,1,comedy
0.579,0.558,2,1,0.0895,1.26e-06,0.212,179.949,-6.986,0.0202,0.506,207356,1,garage
0.464,0.417,0,0,0.0256,0.022,0.0974,67.528,-9.345,0.136,0.479,183956,1,garage
0.665,0.542,11,0,0.033,0.00291,0.342,97.975,-8.323,0.123,0.587,257563,1,garage
0.579,0.928,0,1,0.0411,0.0,0.18,95.594,-4.344,0.000715,0.882,171533,1,punk-rock
0.542,0.795,4,0,0.0368,0.019,0.0851,92.234,-3.63,0.00506,0.431,227160,1,indie
0.708,0.843,7,1,0.314,0.0,0.799,148.14,-2.66,0.397,0.625,363521,1,hip-hop
0.445,0.537,4,0,0.04,1.65e-05,0.0944,122.769,-8.532,0.695,0.131,244360,1,chill
0.174,0.742,8,1,0.0485,0.281,0.198,163.378,-5.93,0.00181,0.36,223746,1,indie-pop
0.484,0.731,1,1,0.0379,0.0,0.151,101.654,-6.694,0.431,0.51,204280,1,folk
0.6,0.663,3,1,0.0477,0.0,0.119,121.07,-5.802,0.225,0.286,245493,1,pop
0.688,0.519,5,1,0.0283,0.0,0.1,116.714,-4.285,0.064,0.318,255333,1,soul
0.545,0.932,7,0,0.0399,0.0,0.127,92.956,-2.189,0.000665,0.464,192000,1,punk-rock
0.501,0.765,6,0,0.0281,0.49,0.184,91.771,-7.063,0.00294,0.46,190845,1,edm
0.644,0.939,11,0,0.0456,0.0,0.233,106.031,-3.486,0.157,0.861,208106,1,grunge
0.636,0.676,2,1,0.0263,0.0,0.0831,113.98,-3.442,0.0807,0.273,208760,1,blues
0.529,0.843,6,0,0.0616,0.000827,0.0608,117.662,-6.908,0.0628,0.188,310333,1,hard-rock
0.502,0.89,4,1,0.0364,0.0117,0.217,133.52,-5.175,0.000147,0.259,292880,1,hard-rock
0.568,0.981,2,1,0.0887,0.00275,0.0243,135.146,-3.889,0.00269,0.307,284120,1,alternative
0.884,0.581,11,1,0.0378,0.000206,0.0759,114.016,-8.813,0.427,0.728,313684,1,german
0.572,0.214,7,1,0.0293,0.129,0.125,95.542,-15.625,0.649,0.485,225026,1,blues
0.645,0.598,1,0,0.0335,3.53e-06,0.0721,105.929,-13.18,0.221,0.913,227266,1,blues
0.64,0.957,8,1,0.0741,0.0,0.0789,134.992,-2.336,0.0431,0.692,178013,1,alt-rock
0.701,0.944,4,1,0.0455,0.0,0.601,128.993,-2.986,0.0755,0.792,197706,1,folk
0.717,0.455,5,1,0.0276,0.0,0.11,127.812,-8.303,0.0846,0.389,200733,1,folk
0.554,0.315,3,1,0.0298,5.53e-06,0.101,128.157,-11.028,0.828,0.325,241786,1,piano
0.719,0.671,8,1,0.0336,8.21e-06,0.12,130.027,-6.279,0.0372,0.786,237626,1,indie-pop
0.399,0.787,1,1,0.0499,6.07e-05,0.0685,117.089,-2.88,0.0197,0.572,216120,1,dance
0.773,0.758,1,1,0.0381,0.0,0.305,144.033,-4.993,0.0422,0.925,224840,1,reggae
0.596,0.856,4,0,0.0346,0.0178,0.141,127.949,-3.556,0.0211,0.743,222533,1,electro
0.5,0.501,0,0,0.0376,0.0,0.26,144.438,-8.284,0.462,0.623,153800,1,synth-pop
0.719,0.922,11,1,0.0338,0.000163,0.0867,133.113,-6.091,0.523,0.964,260893,1,swedish
0.543,0.87,9,1,0.0428,0.000939,0.792,100.804,-6.514,0.358,0.754,230400,1,swedish
0.506,0.886,11,1,0.0655,0.0,0.0734,143.935,-3.225,0.0916,0.595,226866,1,country
0.608,0.756,7,0,0.176,0.0,0.187,176.086,-2.675,0.0784,0.55,245506,1,soul
0.482,0.706,9,1,0.0607,0.00106,0.105,92.513,-5.762,0.135,0.144,224920,1,soul
0.644,0.549,1,0,0.0285,8.85e-06,0.134,90.04,-5.415,0.0209,0.167,253813,1,soul
0.566,0.885,8,1,0.0818,9.97e-05,0.334,90.99,-4.528,0.0958,0.304,232893,1,british
0.614,0.379,4,1,0.0476,0.000464,0.0986,107.989,-10.48,0.607,0.201,258986,1,pop
0.578,0.866,1,1,0.0619,0.0,0.257,128.038,-3.804,0.00701,0.619,199080,1,alt-rock
0.697,0.832,9,1,0.0298,0.00131,0.269,125.926,-7.264,0.168,0.979,215093,1,disco
0.49,0.885,3,1,0.0396,0.0,0.0741,166.996,-4.121,0.00218,0.64,245466,1,rock
0.628,0.593,8,1,0.0323,1.65e-06,0.096,125.026,-5.036,0.093,0.104,197266,1,dance
0.47,0.859,2,1,0.0537,0.00691,0.142,124.01,-3.663,0.000362,0.17,317706,1,metal
0.393,0.858,4,0,0.0729,0.0,0.102,176.042,-2.868,0.00359,0.56,228360,1,emo
0.536,0.768,10,0,0.0347,0.0,0.114,77.217,-5.948,0.00433,0.545,228133,1,pop
0.365,0.851,4,0,0.0645,0.003,0.237,78.086,-6.238,0.0964,0.309,171040,1,rock
0.527,0.835,6,1,0.0433,0.0,0.249,125.983,-5.298,0.0166,0.654,176658,1,dance
0.76,0.703,5,1,0.054,0.0,0.0913,95.997,-5.412,0.103,0.57,231826,1,pop
0.553,0.664,8,1,0.0741,0.0056,0.106,140.06,-7.417,0.0709,0.467,220440,1,pop
0.672,0.52,8,1,0.0353,0.0,0.115,120.001,-7.747,0.859,0.37,226600,1,pop
0.445,0.543,0,1,0.0272,0.0137,0.202,99.963,-8.196,0.000825,0.102,278640,1,indie-pop
0.535,0.448,2,1,0.0279,1.94e-05,0.115,101.986,-9.167,0.00262,0.32,149680,1,indie-pop
0.653,0.964,9,0,0.0582,0.00512,0.144,126.928,-4.261,0.00316,0.87,209266,1,grunge
0.564,0.714,7,1,0.129,0.0,0.155,175.924,-4.987,0.0549,0.33,204013,1,rock
0.69,0.521,10,0,0.339,0.0,0.0534,100.028,-8.492,0.324,0.494,292799,1,hip-hop
0.5,0.292,0,1,0.0323,0.0,0.188,145.879,-8.554,0.746,0.37,185200,1,pop
0.518,0.655,8,1,0.0826,0.0,0.271,156.992,-6.255,0.381,0.29,199681,1,electro
0.489,0.597,5,0,0.0292,0.0,0.105,95.012,-6.633,0.27,0.324,253520,1,dance
0.435,0.104,6,0,0.0445,0.33,0.119,120.484,-22.39,0.973,0.162,279316,1,singer-songwriter
0.422,0.302,11,1,0.0372,7.83e-05,0.104,114.089,-9.214,0.629,0.123,248826,1,pop
0.635,0.841,5,1,0.0422,0.0,0.0622,109.021,-5.379,0.0134,0.424,220734,1,dance
0.746,0.754,1,1,0.0676,0.0,0.0486,149.882,-6.684,0.0152,0.746,206880,1,dance
0.544,0.369,2,1,0.038,0.279,0.639,87.01,-9.514,0.969,0.102,208211,1,folk
0.64,0.455,0,1,0.0247,0.0,0.0694,89.948,-5.942,0.0743,0.333,217773,1,dance
0.382,0.589,9,0,0.0267,0.0,0.122,140.059,-7.315,0.0465,0.335,243360,1,rock
0.339,0.208,0,1,0.0308,0.000519,0.18,98.54,-16.725,0.396,0.288,218013,1,r-n-b
0.516,0.755,5,1,0.0383,0.00103,0.107,140.099,-3.724,0.0633,0.165,262173,1,indie
0.4,0.479,8,0,0.0308,2.14e-06,0.115,166.159,-7.989,0.0529,0.213,229173,1,folk
0.527,0.922,9,0,0.0728,0.000162,0.422,95.975,-2.666,0.00475,0.49,181680,1,indie
0.559,0.871,5,0,0.0397,0.00545,0.096,104.97,-5.338,7.53e-06,0.572,213920,1,indie-pop
0.392,0.37,9,1,0.0298,0.0096,0.0821,48.718,-10.888,0.205,0.512,293293,1,country
0.345,0.941,9,1,0.0466,0.633,0.0511,179.626,-9.918,3.84e-05,0.407,147062,1,indie-pop
0.509,0.542,3,0,0.442,0.00639,0.23,97.767,-8.027,0.019,0.151,78680,1,emo
0.694,0.712,7,0,0.046,0.0,0.211,98.023,-3.923,0.132,0.799,201122,1,dance
0.583,0.61,5,0,0.0382,0.000105,0.14,114.06,-5.639,0.00425,0.336,214739,1,dance
0.606,0.799,9,1,0.0261,0.0,0.15,103.014,-4.452,0.0128,0.638,232906,1,indie
0.73,0.703,0,0,0.0369,0.0,0.0657,138.113,-5.672,0.109,0.595,192120,1,pop
0.588,0.521,10,1,0.0329,0.149,0.123,85.012,-9.461,0.0678,0.337,260173,1,alt-rock
0.245,0.64,2,0,0.0608,8.11e-06,0.0766,135.739,-7.426,0.131,0.105,255133,1,alt-rock
0.609,0.378,4,1,0.438,0.0,0.28,100.418,-9.828,0.835,0.515,233720,1,pop
0.687,0.617,4,1,0.0287,1.27e-05,0.0898,121.079,-5.213,0.0941,0.665,252306,1,alt-rock
0.538,0.471,4,0,0.0955,0.0185,0.116,93.07,-9.84,0.0946,0.307,142000,1,emo
0.491,0.693,0,0,0.0377,6.92e-06,0.325,90.027,-6.487,0.211,0.412,258266,1,pop
0.468,0.627,6,1,0.0476,7.97e-06,0.11,179.642,-5.085,0.0281,0.159,212106,1,electro
0.468,0.779,9,1,0.0779,0.000373,0.101,173.799,-4.839,0.112,0.26,217746,1,dance
0.711,0.292,4,0,0.037,0.0,0.131,103.951,-15.523,0.313,0.194,296800,1,folk
0.457,0.407,9,1,0.0308,0.884,0.126,117.053,-11.475,0.805,0.126,257533,1,ambient
0.584,0.7,11,1,0.0456,0.0,0.0939,124.944,-4.275,0.117,0.438,202746,1,dance
0.664,0.573,5,1,0.0277,0.000363,0.0857,76.023,-6.519,0.613,0.566,160097,1,folk
0.575,0.648,10,1,0.0358,0.0,0.115,75.977,-4.891,0.583,0.466,160239,1,indie
0.623,0.734,9,1,0.107,1.9e-06,0.145,107.853,-5.95,0.0162,0.372,244453,1,dance
0.398,0.493,9,1,0.0303,0.000157,0.106,82.048,-9.561,0.00347,0.412,170240,1,indie-pop
0.444,0.819,10,0,0.341,0.0,0.107,82.695,-4.078,0.106,0.747,187973,1,dance
0.432,0.652,8,1,0.0285,0.0,0.258,190.028,-4.969,0.262,0.507,249586,1,indie-pop
0.576,0.307,11,0,0.0428,0.000355,0.0792,67.513,-12.732,0.807,0.157,189613,1,electro
0.755,0.695,9,1,0.26,0.0,0.107,128.063,-5.963,0.0179,0.493,101851,1,emo
0.555,0.662,11,0,0.0827,0.0,0.111,148.128,-4.952,0.125,0.356,208733,1,dance
0.602,0.707,9,1,0.302,0.0,0.165,75.087,-4.097,0.393,0.554,200186,1,soul
0.682,0.9,9,1,0.0874,0.063,0.0685,100.721,-5.028,0.0884,0.937,179499,1,garage
0.575,0.386,9,0,0.037,0.000289,0.229,116.408,-9.584,0.785,0.466,249191,1,soul
0.501,0.0958,0,1,0.0433,0.0,0.298,108.741,-15.605,0.77,0.204,248807,1,soul
0.457,0.551,5,0,0.167,1.15e-06,0.113,89.87,-9.36,0.427,0.428,307151,1,soul
0.581,0.21,8,1,0.0321,0.0,0.369,80.099,-10.426,0.768,0.452,249667,1,soul
0.723,0.504,8,1,0.0392,7.4e-05,0.087,133.975,-5.572,0.388,0.551,218893,1,electro
0.765,0.327,6,1,0.277,0.0479,0.0787,74.931,-8.029,0.571,0.292,129599,1,indie-pop
0.546,0.465,5,1,0.0287,0.00259,0.321,73.369,-8.167,0.153,0.415,177493,1,garage
0.818,0.913,4,0,0.0426,3.69e-05,0.161,119.986,-3.06,0.093,0.536,219159,1,electro
0.482,0.849,2,1,0.0452,7.74e-06,0.0414,124.631,-9.198,0.641,0.937,155226,1,british
0.467,0.757,3,1,0.033,0.908,0.0876,82.282,-5.093,0.0807,0.433,155933,1,garage
0.677,0.401,9,1,0.0308,0.0,0.116,111.825,-8.467,0.712,0.195,232852,1,dance
0.566,0.855,7,1,0.211,0.000157,0.181,172.966,-4.016,0.0372,0.517,247840,1,dance
0.454,0.4,3,1,0.0265,0.846,0.137,93.719,-10.261,0.139,0.327,320030,1,ambient
0.625,0.659,0,1,0.0337,0.0,0.17,113.551,-5.669,0.12,0.594,198960,1,indie-pop
0.67,0.905,1,1,0.129,0.000227,0.349,104.965,-6.855,0.669,0.563,167864,1,indie-pop
0.825,0.652,1,0,0.0802,0.0,0.0931,95.977,-3.183,0.581,0.931,233712,1,pop
0.526,0.877,3,0,0.033,0.0108,0.223,145.568,-4.369,0.172,0.436,255067,1,indie-pop
0.599,0.448,8,1,0.0232,0.0,0.106,95.05,-6.312,0.163,0.168,263400,1,pop
0.309,0.883,9,1,0.0808,0.00111,0.0849,159.488,-3.825,0.0673,0.312,195120,1,indie
0.811,0.266,7,1,0.0406,1.05e-06,0.0962,130.044,-12.478,0.56,0.211,226073,1,indie-pop
0.576,0.759,3,1,0.0599,0.0,0.121,99.969,-8.165,0.12,0.501,179955,1,indie-pop
0.776,0.78,10,0,0.128,0.0,0.081,124.949,-4.374,0.0622,0.666,204346,1,rock
0.618,0.443,2,1,0.0526,0.0,0.0829,119.949,-9.681,0.469,0.167,198853,1,acoustic
0.833,0.434,2,1,0.431,0.0219,0.165,150.062,-8.795,0.0102,0.281,204600,1,hip-hop
0.762,0.7,9,0,0.0694,1.56e-05,0.153,116.073,-6.021,0.00261,0.608,209320,1,dance
0.606,0.62,0,1,0.0298,0.0916,0.167,88.984,-5.005,0.0301,0.543,231600,1,electro
0.776,0.503,0,0,0.237,0.0,0.112,110.134,-5.732,0.874,0.473,210285,1,soul
0.405,0.479,5,1,0.0301,0.795,0.0974,75.37,-9.396,0.0527,0.131,215150,1,ambient
0.37,0.467,5,1,0.0273,0.572,0.109,94.485,-9.013,0.0205,0.182,290616,1,ambient
0.45,0.511,6,1,0.0276,0.766,0.139,96.563,-9.073,0.353,0.115,292110,1,ambient
0.614,0.318,7,1,0.0478,0.00239,0.0795,119.959,-12.695,0.896,0.112,180933,1,electro
0.776,0.626,6,1,0.0396,0.899,0.086,122.072,-12.561,0.622,0.866,194733,1,indie-pop
0.908,0.621,1,0,0.102,5.39e-05,0.0958,150.011,-6.638,0.000282,0.421,177000,1,hip-hop
0.609,0.692,1,1,0.0259,0.0,0.0864,116.959,-2.958,0.0157,0.454,233720,1,pop
0.605,0.822,0,1,0.0438,0.134,0.147,167.997,-4.833,0.00671,0.288,187146,1,rock
0.836,0.544,7,1,0.0943,0.0,0.0824,97.028,-5.975,0.0403,0.51,217946,1,dance
0.695,0.818,5,0,0.0334,4.87e-06,0.0219,119.965,-5.379,0.00647,0.916,182693,1,emo
0.775,0.613,3,0,0.0542,2.33e-05,0.134,100.066,-4.586,0.109,0.797,208786,1,dance
0.671,0.673,11,0,0.0444,5.29e-05,0.304,121.963,-6.941,0.148,0.494,237720,1,pop
0.626,0.423,1,1,0.0513,0.0,0.18,95.162,-6.035,0.128,0.571,101789,1,dance
0.672,0.655,10,0,0.0311,0.0,0.117,134.945,-5.021,0.0362,0.556,201240,1,rock
0.705,0.712,6,1,0.0385,0.000855,0.1,97.512,-6.156,0.0102,0.62,299960,1,alt-rock
0.746,0.251,11,0,0.259,0.00203,0.106,139.999,-16.169,0.782,0.18,120026,1,emo
0.498,0.81,7,1,0.0263,0.00717,0.0635,79.935,-4.065,0.00392,0.594,189160,1,indie
0.763,0.628,11,1,0.05,0.0,0.114,140.958,-5.85,0.0531,0.193,190557,1,house
0.752,0.505,9,1,0.253,2.55e-06,0.104,91.97,-7.621,0.535,0.419,197436,1,dance
0.52,0.903,2,1,0.042,0.0,0.254,74.988,-5.497,0.00517,0.652,219801,1,indie-pop
0.519,0.625,10,1,0.0482,0.0,0.121,120.103,-5.909,0.349,0.21,203186,1,rock
0.448,0.825,4,0,0.0621,0.0,0.108,144.17,-5.307,0.00353,0.226,216826,1,metal
0.817,0.551,7,0,0.133,0.000151,0.101,109.966,-9.33,0.865,0.142,123884,1,indie-pop
0.651,0.546,1,1,0.0357,0.0437,0.0842,107.021,-9.021,0.774,0.623,229760,1,indie-pop
0.534,0.583,2,1,0.0288,0.0,0.421,106.0,-8.672,0.0262,0.145,231546,1,emo
0.872,0.391,0,0,0.242,4.13e-06,0.297,134.021,-9.144,0.469,0.437,119133,1,emo
0.735,0.197,3,0,0.537,0.000276,0.296,147.899,-13.378,0.768,0.383,129720,1,emo
0.494,0.632,5,1,0.0342,0.0,0.0869,147.873,-6.89,0.682,0.0797,274693,1,alt-rock
0.551,0.881,7,0,0.0542,0.0791,0.152,88.036,-6.099,0.186,0.387,153000,1,alt-rock
0.71,0.789,4,1,0.0722,2.77e-06,0.451,142.929,-3.874,0.0161,0.717,131064,1,dance
0.197,0.247,3,1,0.0306,0.0163,0.111,75.787,-8.542,0.934,0.407,185176,1,indie
0.51,0.882,8,0,0.159,0.00206,0.0764,154.029,-5.659,0.00158,0.653,216720,1,alt-rock
0.377,0.558,4,1,0.0299,0.000342,0.125,149.971,-9.076,0.0789,0.267,214800,1,indie-pop
0.739,0.522,7,0,0.151,0.00124,0.233,138.263,-12.304,0.821,0.619,146390,1,indie-pop
0.277,0.394,8,1,0.0336,0.0,0.0952,86.777,-8.903,0.423,0.227,207786,1,show-tunes
0.673,0.735,5,1,0.0457,0.0,0.242,115.744,-4.733,0.286,0.754,201287,1,folk
0.921,0.537,9,0,0.0804,0.00404,0.102,128.009,-5.723,0.556,0.711,135090,1,emo
0.697,0.401,7,1,0.0543,0.0109,0.316,108.996,-10.216,0.43,0.478,185223,1,indie
0.575,0.568,9,0,0.03,0.000417,0.286,93.986,-5.509,0.0484,0.37,206280,1,alt-rock
0.648,0.594,11,0,0.0293,0.0462,0.116,113.983,-7.027,0.114,0.544,244013,1,alt-rock
0.592,0.457,9,0,0.0603,0.000331,0.146,146.04,-6.081,0.661,0.225,110886,1,emo
0.697,0.683,1,0,0.117,0.0,0.137,96.133,-2.881,0.0372,0.603,186986,1,dance
0.551,0.561,9,0,0.0559,0.367,0.369,103.118,-10.408,0.509,0.207,222576,1,soul
0.614,0.68,6,1,0.0289,1.84e-06,0.115,149.959,-4.58,0.369,0.707,234346,1,country
0.791,0.267,5,1,0.0415,0.534,0.102,165.99,-11.997,0.674,0.544,215110,1,indie-pop
0.414,0.416,11,0,0.0251,0.179,0.131,159.91,-8.024,0.1,0.196,186267,1,emo
0.596,0.854,7,0,0.463,0.0,0.124,120.274,-5.114,0.0169,0.152,203417,1,dance
0.845,0.398,5,1,0.268,0.00713,0.159,109.996,-15.781,0.872,0.482,122221,1,chill
0.461,0.593,1,1,0.0356,0.0,0.307,134.17,-4.954,0.17,0.175,228373,1,pop
0.699,0.668,5,0,0.0336,3.2e-06,0.362,144.105,-4.272,0.154,0.314,148229,1,dance
0.487,0.789,8,1,0.044,4.05e-06,0.189,150.007,-3.69,0.00947,0.0564,270714,1,house
0.767,0.593,4,1,0.0413,4.5e-06,0.0878,130.007,-5.901,0.0324,0.579,171692,1,soul
0.551,0.402,11,1,0.0262,0.0,0.0928,103.313,-7.431,0.676,0.382,193200,1,country
0.497,0.638,1,1,0.0274,0.0,0.385,172.01,-5.31,0.0467,0.77,137141,1,indie-pop
0.398,0.717,0,1,0.0398,0.0,0.085,117.296,-5.253,0.07,0.487,193429,1,indie-pop
0.613,0.822,9,1,0.026,0.506,0.429,105.997,-4.087,0.0092,0.567,128198,1,indie-pop
0.652,0.557,1,0,0.0318,0.0,0.124,150.073,-5.714,0.74,0.483,169353,1,electro
0.392,0.429,5,0,0.0462,0.015,0.217,72.104,-10.279,0.527,0.105,57370,1,indie-pop
0.704,0.611,2,1,0.0409,0.0,0.0812,100.0,-6.112,0.217,0.22,189466,1,rock
0.656,0.577,10,0,0.0802,0.0,0.296,173.094,-5.566,0.698,0.861,181522,1,electro
0.785,0.554,0,1,0.0409,3.4e-06,0.116,128.047,-6.571,0.283,0.144,150043,1,house
0.712,0.481,4,0,0.0487,0.0,0.241,140.0,-5.415,0.173,0.062,196138,1,house
0.834,0.73,8,1,0.222,0.0,0.124,155.008,-3.714,0.00513,0.446,312820,1,hip-hop
0.72,0.706,1,1,0.0473,0.0,0.166,133.002,-4.719,0.0684,0.62,187436,1,dance
0.528,0.797,4,1,0.0485,0.011,0.14,143.785,-7.487,0.000391,0.751,136562,1,indie-pop
0.44,0.04,3,1,0.0322,0.465,0.111,135.965,-16.887,0.981,0.249,193749,1,british
0.752,0.488,6,1,0.0705,9.11e-06,0.0936,136.041,-7.05,0.297,0.533,201660,1,dance
0.785,0.431,10,0,0.0364,0.0,0.0887,127.085,-8.756,0.123,0.236,159381,1,pop
0.383,0.637,3,1,0.0703,0.0,0.368,177.913,-6.993,0.0722,0.0827,260773,1,rock
0.778,0.317,1,0,0.334,0.0,0.0881,140.048,-10.732,0.592,0.327,178626,1,dance
0.501,0.405,1,1,0.0319,0.0,0.105,109.891,-5.679,0.751,0.446,182160,1,pop
0.546,0.586,6,1,0.0313,0.00114,0.0562,131.778,-8.488,0.00346,0.364,278991,1,indie-pop
0.907,0.53,1,1,0.127,2.23e-06,0.101,135.998,-6.112,0.0578,0.507,113000,1,hip-hop
0.7,0.49,0,1,0.076,0.0,0.117,79.982,-5.187,0.186,0.569,161803,1,alternative
0.486,0.528,1,1,0.0463,1.4e-05,0.106,178.519,-11.722,0.00387,0.452,329049,1,indie-pop
0.537,0.586,6,1,0.314,7.04e-05,0.175,79.056,-1.864,0.265,0.624,209829,1,indie-pop
0.878,0.525,5,1,0.0578,0.0,0.0714,112.022,-6.832,0.183,0.694,158571,1,soul
0.504,0.708,11,0,0.0343,0.000424,0.788,82.009,-5.896,0.00112,0.51,155146,1,indie-pop
0.45,0.329,9,0,0.0441,0.00109,0.135,71.884,-12.603,0.818,0.266,183624,1,pop
0.329,0.444,1,1,0.0417,0.0352,0.113,162.279,-9.973,0.0578,0.225,282205,1,indie-pop
0.572,0.406,10,1,0.0427,4.48e-06,0.102,119.812,-8.624,0.587,0.265,201083,1,electro
0.612,0.57,11,0,0.0347,0.0,0.0963,77.004,-6.642,0.278,0.334,197293,1,country
0.842,0.734,1,0,0.0588,0.0,0.106,137.958,-5.065,0.0427,0.952,181026,1,dance
0.742,0.546,1,1,0.0315,0.38,0.115,104.996,-7.694,0.172,0.868,260519,1,indie-pop
0.844,0.644,11,0,0.0479,0.0,0.113,122.061,-6.273,0.0828,0.591,169038,1,electro
0.598,0.427,7,0,0.0317,5.83e-06,0.21,76.469,-8.764,0.0546,0.0605,175720,1,hip-hop
0.74,0.688,5,0,0.0916,0.0,0.138,115.035,-4.361,0.061,0.935,135581,1,indie-pop
0.593,0.749,5,1,0.0475,0.106,0.314,164.959,-5.67,0.0113,0.649,309053,1,alt-rock
0.668,0.727,7,0,0.027,1.9e-05,0.1,139.991,-6.55,0.514,0.939,344571,1,singer-songwriter
0.744,0.619,0,1,0.039,0.00372,0.231,112.997,-9.805,0.598,0.641,188386,1,indie-pop
0.494,0.428,0,0,0.205,0.0698,0.0816,87.724,-7.239,0.236,0.44,157497,1,indie-pop
0.597,0.351,4,1,0.0281,3.86e-05,0.319,119.948,-8.043,0.727,0.243,220750,1,indie
0.68,0.826,0,1,0.0309,1.24e-05,0.543,118.051,-5.487,0.0212,0.644,215626,1,pop
0.417,0.551,8,0,0.174,0.00166,0.0907,87.614,-6.456,0.73,0.444,174567,1,indie-pop
0.88,0.751,7,0,0.0874,6.43e-05,0.106,117.948,-4.258,0.177,0.884,157605,1,edm
0.567,0.515,6,0,0.247,0.0,0.078,120.1,-10.265,0.354,0.321,224000,1,r-n-b
0.675,0.408,0,1,0.142,0.000714,0.16,90.111,-10.861,0.901,0.229,121374,1,indie-pop
0.756,0.448,3,0,0.0404,3.87e-06,0.11,139.031,-2.993,0.0508,0.431,204887,1,dance
0.406,0.399,7,1,0.0278,0.678,0.112,142.83,-10.449,0.756,0.163,256799,1,ambient
0.775,0.327,11,1,0.0557,0.0,0.0821,91.05,-7.241,0.841,0.595,189486,1,pop
0.749,0.535,4,1,0.0336,3.65e-05,0.0982,123.042,-6.785,0.0131,0.601,196606,1,dance
0.574,0.664,11,1,0.0409,0.0553,0.146,144.654,-6.068,0.0448,0.226,91869,1,indie-pop
0.857,0.427,8,1,0.112,0.0,0.108,130.033,-8.638,0.281,0.366,162453,1,r-n-b
0.637,0.929,4,1,0.0491,2.62e-05,0.344,80.974,-3.593,0.00167,0.902,147350,1,indie-pop
0.787,0.673,11,0,0.159,3.35e-06,0.0904,110.962,-4.583,0.264,0.779,237893,1,dance
0.749,0.463,11,1,0.0842,0.0382,0.338,90.035,-8.433,0.21,0.189,226986,1,dance
0.548,0.816,0,1,0.0465,0.0,0.335,95.39,-4.209,0.122,0.557,174000,1,pop
0.514,0.73,1,1,0.0598,9.54e-05,0.0897,171.005,-5.934,0.00146,0.334,200040,1,pop
0.73,0.729,4,0,0.0884,1.39e-06,0.349,113.011,-3.434,0.167,0.467,221820,1,dance
0.357,0.425,5,1,0.0333,0.0,0.322,102.078,-7.301,0.584,0.27,198040,1,pop
0.695,0.884,6,0,0.0753,0.0,0.213,103.014,-2.278,0.0561,0.914,203807,1,dance
0.81,0.353,6,1,0.0437,0.000104,0.082,124.991,-9.536,0.0473,0.731,175312,1,indie-pop
0.761,0.525,11,1,0.0944,6.7e-06,0.0921,80.87,-6.9,0.44,0.531,238805,1,indie-pop
0.599,0.465,4,1,0.0314,1.57e-06,0.149,113.82,-4.95,0.643,0.0678,230880,1,german
0.576,0.679,0,1,0.034,0.0,0.323,121.005,-7.237,0.0311,0.213,187888,1,piano
0.399,0.491,6,0,0.0538,0.00089,0.11,91.066,-10.778,0.0563,0.151,210463,1,indie-pop
0.509,0.448,4,0,0.0357,0.0137,0.244,156.909,-7.552,0.00713,0.221,230613,1,blues
0.685,0.76,2,1,0.0512,0.151,0.0866,160.035,-7.813,0.0199,0.781,125812,1,emo
0.789,0.711,2,1,0.041,0.0,0.0876,112.985,-4.248,0.0332,0.753,190306,1,dance
0.849,0.758,8,1,0.256,0.695,0.147,115.058,-7.498,0.499,0.0684,151625,1,hip-hop
0.746,0.765,6,0,0.0993,0.0,0.0936,114.044,-4.41,0.0112,0.737,199053,1,k-pop
0.829,0.512,6,0,0.187,0.0,0.12,80.511,-5.865,0.492,0.638,123986,1,r-n-b
0.578,0.386,6,1,0.0278,0.0453,0.307,154.902,-11.464,0.208,0.569,234093,1,alt-rock
0.487,0.65,0,1,0.0253,0.0,0.0933,151.964,-5.195,0.191,0.456,232533,1,country
0.372,0.537,9,1,0.0305,0.873,0.287,123.735,-7.623,0.937,0.228,212750,1,indie-pop
0.609,0.449,5,0,0.249,0.000115,0.147,143.854,-13.291,0.326,0.309,194165,1,indie-pop
0.662,0.413,0,1,0.0299,0.0,0.134,93.005,-7.357,0.213,0.467,161384,1,hip-hop
0.679,0.61,7,0,0.0305,9.51e-05,0.156,123.978,-10.936,0.585,0.554,227186,1,indie-pop
0.471,0.634,8,1,0.031,0.365,0.374,132.542,-7.406,0.159,0.366,208500,1,indie-pop
0.512,0.483,0,1,0.0298,0.0011,0.12,160.009,-7.798,0.00304,0.367,217026,1,alt-rock
0.767,0.659,1,1,0.0444,0.0,0.13,124.946,-7.429,0.325,0.439,163208,1,house
0.376,0.657,7,1,0.0768,0.0,0.0884,80.565,-4.658,0.0858,0.203,164781,1,hip-hop
0.601,0.741,2,1,0.0478,2.91e-05,0.415,153.96,-5.569,0.185,0.441,153190,1,pop
0.731,0.626,11,1,0.0805,0.0,0.183,82.488,-6.919,0.125,0.862,173640,1,indie-pop
0.664,0.609,1,1,0.0707,0.0,0.0926,130.041,-6.509,0.304,0.194,210560,1,dance
0.759,0.459,8,1,0.0948,0.0,0.0788,109.997,-5.187,0.00323,0.695,164952,1,k-pop
0.765,0.373,8,1,0.0713,0.525,0.112,85.016,-9.921,0.341,0.554,195776,1,electro
0.895,0.389,7,0,0.11,0.0346,0.105,110.023,-11.036,0.222,0.549,196730,1,electro
0.632,0.284,9,0,0.0801,0.000476,0.233,129.642,-14.025,0.932,0.208,245896,1,electro
0.855,0.463,3,1,0.0367,1.77e-05,0.347,102.931,-7.454,0.217,0.866,122772,1,alternative
0.647,0.765,1,1,0.06,0.0,0.315,79.994,-6.459,0.111,0.855,161853,1,country
0.807,0.893,11,0,0.0347,2.79e-05,0.366,126.011,-3.745,0.0451,0.537,230746,1,pop
0.386,0.426,3,1,0.0363,0.0,0.14,180.104,-6.642,0.807,0.261,203384,1,electro
0.422,0.25,0,1,0.0351,0.0,0.35,124.026,-6.836,0.441,0.246,161612,1,singer-songwriter
0.824,0.764,5,0,0.0854,0.00294,0.117,107.998,-4.175,0.0888,0.881,172626,1,dance
0.702,0.741,9,1,0.0427,0.0,0.337,124.925,-5.33,0.00544,0.646,187585,1,k-pop
0.731,0.85,9,1,0.0336,0.0,0.605,119.706,-4.913,0.252,0.644,157477,1,country
0.808,0.903,9,1,0.0729,0.0,0.0816,120.044,-2.179,0.0899,0.922,198053,1,k-pop
0.737,0.846,1,0,0.22,0.0,0.0486,87.981,-4.51,0.00614,0.546,143901,1,hip-hop
0.559,0.559,11,1,0.0358,0.0,0.138,72.498,-6.425,0.0145,0.338,220779,1,dance
0.539,0.508,10,1,0.0288,0.0,0.174,101.358,-6.05,0.727,0.227,177720,1,pop
0.826,0.553,1,0,0.234,4.12e-05,0.135,140.037,-10.121,0.163,0.4,168227,1,k-pop
0.742,0.527,8,0,0.0769,0.0,0.25,84.974,-6.892,0.327,0.638,169237,1,singer-songwriter
0.69,0.626,6,1,0.306,0.000335,0.0881,184.009,-5.693,0.105,0.912,187703,1,dance
0.863,0.482,1,1,0.439,0.0,0.148,140.021,-9.132,0.621,0.618,193714,1,chill
0.604,0.366,5,1,0.0282,0.0,0.133,141.981,-7.519,0.578,0.13,224694,1,british
0.698,0.623,8,0,0.037,0.0856,0.179,102.002,-7.845,0.623,0.625,204376,1,dance
0.437,0.565,10,1,0.0466,0.0,0.119,115.389,-5.596,0.697,0.306,376169,1,british
0.534,0.725,1,1,0.046,0.0,0.0264,88.098,-3.906,0.091,0.55,225148,1,british
0.667,0.457,6,0,0.439,0.0,0.114,97.604,-6.885,0.341,0.266,109325,1,chill
0.326,0.866,9,0,0.101,7.37e-06,0.0912,178.181,-4.541,0.0044,0.172,215040,1,indie
0.601,0.787,0,1,0.031,0.0,0.142,134.981,-6.178,0.0492,0.525,175163,1,dance
0.63,0.91,10,0,0.058,1.91e-06,0.125,123.017,-2.681,0.0231,0.525,167142,1,edm
0.685,0.738,8,1,0.0595,0.0,0.128,112.972,-4.413,0.0695,0.8,167613,1,folk
0.758,0.674,6,1,0.108,0.0,0.0902,97.977,-4.533,0.0903,0.424,181224,1,chill
0.773,0.742,5,0,0.046,0.0,0.0754,114.071,-3.678,0.0206,0.571,165264,1,rock
0.684,0.545,1,1,0.121,0.0,0.102,143.049,-6.885,0.159,0.407,135264,1,r-n-b
0.836,0.743,10,0,0.0656,0.0,0.335,108.966,-6.305,0.0995,0.722,191822,1,hip-hop
0.52,0.731,6,0,0.0557,0.00101,0.311,173.93,-5.338,0.342,0.662,167303,1,pop
