Student_ID,Gender,Academic_Level,Avg_Daily_Usage_Hours,Affects_Academic_Performance,Sleep_Hours_Per_Night,Mental_Health_Score,Conflicts_Over_Social_Media,Addicted_Score,Most_Used_Platform_Facebook,Most_Used_Platform_Instagram,Most_Used_Platform_KakaoTalk,Most_Used_Platform_LINE,Most_Used_Platform_LinkedIn,Most_Used_Platform_Snapchat,Most_Used_Platform_TikTok,Most_Used_Platform_Twitter,Most_Used_Platform_VKontakte,Most_Used_Platform_WeChat,Most_Used_Platform_WhatsApp,Most_Used_Platform_YouTube,Relationship_Status_Complicated,Relationship_Status_In Relationship,Relationship_Status_Single
1,0,0.5,0.5285714285714286,1,0.4655172413793105,0.40000000000000013,0.6000000000000001,0.8571428571428571,False,True,False,False,False,False,False,False,False,False,False,False,False,True,False
2,1,1.0,0.08571428571428572,0,0.6379310344827587,0.8,0.0,0.14285714285714285,False,False,False,False,False,False,False,True,False,False,False,False,False,False,True
3,0,0.5,0.6428571428571428,1,0.206896551724138,0.19999999999999996,0.8,0.9999999999999999,False,False,False,False,False,False,True,False,False,False,False,False,True,False,False
4,1,0.0,0.21428571428571427,0,0.5517241379310345,0.6000000000000001,0.2,0.2857142857142857,False,False,False,False,False,False,False,False,False,False,False,True,False,False,True
5,1,1.0,0.4285714285714285,1,0.3793103448275863,0.40000000000000013,0.4,0.7142857142857143,True,False,False,False,False,False,False,False,False,False,False,False,False,True,False
6,0,0.5,0.8142857142857142,1,0.12068965517241392,0.0,1.0,0.9999999999999999,False,True,False,False,False,False,False,False,False,False,False,False,True,False,False
7,1,1.0,0.0,0,0.7241379310344829,1.0,0.0,0.0,False,False,False,False,True,False,False,False,False,False,False,False,False,False,True
8,0,0.5,0.6142857142857142,1,0.3793103448275863,0.40000000000000013,0.4,0.8571428571428571,False,False,False,False,False,True,False,False,False,False,False,False,False,True,False
9,1,0.0,0.3571428571428571,0,0.4655172413793105,0.6000000000000001,0.2,0.4285714285714285,False,False,False,False,False,False,True,False,False,False,False,False,False,False,True
10,0,1.0,0.2571428571428571,0,0.5517241379310345,0.6000000000000001,0.2,0.2857142857142857,False,True,False,False,False,False,False,False,False,False,False,False,False,True,False
11,1,0.5,0.4714285714285713,1,0.413793103448276,0.19999999999999996,0.6000000000000001,0.7142857142857143,False,False,False,False,False,True,False,False,False,False,False,False,True,False,False
12,0,0.5,0.5714285714285714,1,0.3448275862068966,0.40000000000000013,0.4,0.8571428571428571,False,False,False,False,False,False,True,False,False,False,False,False,False,True,False
13,1,1.0,0.1857142857142857,0,0.5862068965517242,0.8,0.2,0.2857142857142857,False,False,False,False,True,False,False,False,False,False,False,False,False,False,True
14,0,0.0,0.7142857142857142,1,0.2931034482758621,0.19999999999999996,0.8,0.9999999999999999,False,True,False,False,False,False,False,False,False,False,False,False,False,False,True
15,1,0.5,0.3142857142857143,0,0.517241379310345,0.6000000000000001,0.4,0.4285714285714285,False,False,False,False,False,False,False,False,False,False,False,True,False,True,False
16,0,0.5,0.3857142857142857,1,0.3793103448275863,0.40000000000000013,0.6000000000000001,0.7142857142857143,False,False,False,False,False,False,True,False,False,False,False,False,True,False,False
17,1,1.0,0.07142857142857142,0,0.6896551724137931,0.8,0.0,0.14285714285714285,False,False,False,False,True,False,False,False,False,False,False,False,False,False,True
18,0,0.0,0.4999999999999999,1,0.3275862068965518,0.19999999999999996,0.6000000000000001,0.8571428571428571,False,True,False,False,False,False,False,False,False,False,False,False,False,True,False
19,1,0.5,0.2857142857142857,0,0.5000000000000002,0.6000000000000001,0.2,0.4285714285714285,True,False,False,False,False,False,False,False,False,False,False,False,False,False,True
20,0,0.5,0.4571428571428571,1,0.36206896551724155,0.40000000000000013,0.6000000000000001,0.7142857142857143,False,False,False,False,False,True,False,False,False,False,False,False,True,False,False
21,1,0.0,0.5428571428571428,1,0.2931034482758621,0.19999999999999996,0.8,0.8571428571428571,False,False,False,False,False,False,True,False,False,False,False,False,False,False,True
22,0,1.0,0.14285714285714282,0,0.603448275862069,0.8,0.2,0.2857142857142857,False,False,False,False,True,False,False,False,False,False,False,False,False,True,False
23,1,0.5,0.48571428571428577,1,0.3448275862068966,0.40000000000000013,0.6000000000000001,0.7142857142857143,False,True,False,False,False,False,False,False,False,False,False,False,True,False,False
24,0,0.5,0.6,1,0.27586206896551735,0.19999999999999996,0.8,0.8571428571428571,False,False,False,False,False,False,True,False,False,False,False,False,False,False,True
25,1,1.0,0.24285714285714285,0,0.5344827586206897,0.6000000000000001,0.4,0.4285714285714285,True,False,False,False,False,False,False,False,False,False,False,False,False,True,False
26,0,0.0,0.657142857142857,1,0.24137931034482774,0.19999999999999996,0.8,0.9999999999999999,False,True,False,False,False,False,False,False,False,False,False,False,True,False,False
27,1,0.5,0.3285714285714285,0,0.48275862068965525,0.6000000000000001,0.2,0.4285714285714285,False,False,False,False,False,False,False,False,False,False,False,True,False,False,True
28,0,0.5,0.41428571428571426,1,0.36206896551724155,0.40000000000000013,0.6000000000000001,0.7142857142857143,False,False,False,False,False,False,True,False,False,False,False,False,False,True,False
29,1,1.0,0.1,0,0.6206896551724139,0.8,0.0,0.14285714285714285,False,False,False,False,True,False,False,False,False,False,False,False,False,False,True
30,0,0.0,0.6285714285714286,1,0.2586206896551725,0.19999999999999996,0.8,0.8571428571428571,False,True,False,False,False,False,False,False,False,False,False,False,True,False,False
31,1,0.5,0.29999999999999993,0,0.5000000000000002,0.6000000000000001,0.2,0.4285714285714285,True,False,False,False,False,False,False,False,False,False,False,False,False,False,True
32,0,0.5,0.4714285714285713,1,0.3275862068965518,0.40000000000000013,0.6000000000000001,0.7142857142857143,False,False,False,False,False,True,False,False,False,False,False,False,False,True,False
33,1,0.0,0.5571428571428572,1,0.27586206896551735,0.19999999999999996,0.8,0.8571428571428571,False,False,False,False,False,False,True,False,False,False,False,False,True,False,False
34,0,1.0,0.15714285714285717,0,0.5862068965517242,0.8,0.2,0.2857142857142857,False,False,False,False,True,False,False,False,False,False,False,False,False,False,True
35,1,0.5,0.4571428571428571,1,0.3448275862068966,0.40000000000000013,0.6000000000000001,0.7142857142857143,False,True,False,False,False,False,False,False,False,False,False,False,False,True,False
36,0,0.5,0.5857142857142856,1,0.2931034482758621,0.19999999999999996,0.8,0.8571428571428571,False,False,False,False,False,False,True,False,False,False,False,False,True,False,False
37,1,1.0,0.22857142857142856,0,0.517241379310345,0.6000000000000001,0.2,0.4285714285714285,True,False,False,False,False,False,False,False,False,False,False,False,False,False,True
38,0,0.0,0.6714285714285714,1,0.22413793103448276,0.19999999999999996,0.8,0.9999999999999999,False,True,False,False,False,False,False,False,False,False,False,False,False,True,False
39,1,0.5,0.34285714285714275,0,0.4655172413793105,0.6000000000000001,0.4,0.5714285714285714,False,False,False,False,False,False,False,False,False,False,False,True,True,False,False
40,0,0.5,0.4285714285714285,1,0.3448275862068966,0.40000000000000013,0.6000000000000001,0.7142857142857143,False,False,False,False,False,False,True,False,False,False,False,False,False,False,True
41,1,1.0,0.11428571428571424,0,0.603448275862069,0.8,0.2,0.2857142857142857,False,False,False,False,True,False,False,False,False,False,False,False,False,True,False
42,0,0.0,0.6142857142857142,1,0.27586206896551735,0.19999999999999996,0.8,0.8571428571428571,False,True,False,False,False,False,False,False,False,False,False,False,True,False,False
43,1,0.5,0.3142857142857143,0,0.48275862068965525,0.6000000000000001,0.4,0.4285714285714285,True,False,False,False,False,False,False,False,False,False,False,False,False,False,True
44,0,0.5,0.4428571428571427,1,0.3275862068965518,0.40000000000000013,0.6000000000000001,0.7142857142857143,False,False,False,False,False,True,False,False,False,False,False,False,False,True,False
45,1,0.0,0.5714285714285714,1,0.2586206896551725,0.19999999999999996,0.8,0.8571428571428571,False,False,False,False,False,False,True,False,False,False,False,False,False,False,True
46,0,1.0,0.17142857142857146,0,0.5689655172413794,0.8,0.2,0.2857142857142857,False,False,False,False,True,False,False,False,False,False,False,False,True,False,False
47,1,0.5,0.4714285714285713,1,0.36206896551724155,0.40000000000000013,0.6000000000000001,0.7142857142857143,False,True,False,False,False,False,False,False,False,False,False,False,False,True,False
48,0,0.5,0.5714285714285714,1,0.31034482758620696,0.19999999999999996,0.8,0.8571428571428571,False,False,False,False,False,False,True,False,False,False,False,False,False,False,True
49,1,1.0,0.2571428571428571,0,0.5000000000000002,0.6000000000000001,0.4,0.4285714285714285,True,False,False,False,False,False,False,False,False,False,False,False,False,True,False
50,0,0.0,0.6857142857142856,1,0.24137931034482774,0.19999999999999996,0.8,0.9999999999999999,False,True,False,False,False,False,False,False,False,False,False,False,True,False,False
51,1,0.5,0.3285714285714285,0,0.44827586206896575,0.6000000000000001,0.4,0.5714285714285714,False,False,False,False,False,False,False,False,False,False,False,True,False,False,True
52,0,0.5,0.4571428571428571,1,0.3448275862068966,0.40000000000000013,0.6000000000000001,0.7142857142857143,False,False,False,False,False,False,True,False,False,False,False,False,False,True,False
53,1,1.0,0.12857142857142853,0,0.5862068965517242,0.8,0.2,0.2857142857142857,False,False,False,False,True,False,False,False,False,False,False,False,True,False,False
54,0,0.0,0.6,1,0.2931034482758621,0.19999999999999996,0.8,0.8571428571428571,False,True,False,False,False,False,False,False,False,False,False,False,False,False,True
55,1,0.5,0.29999999999999993,0,0.4655172413793105,0.6000000000000001,0.4,0.4285714285714285,True,False,False,False,False,False,False,False,False,False,False,False,False,True,False
56,0,0.5,0.48571428571428577,1,0.31034482758620696,0.40000000000000013,0.6000000000000001,0.7142857142857143,False,False,False,False,False,True,False,False,False,False,False,False,True,False,False
57,1,0.0,0.5857142857142856,1,0.24137931034482774,0.19999999999999996,0.8,0.8571428571428571,False,False,False,False,False,False,True,False,False,False,False,False,False,False,True
58,0,1.0,0.1857142857142857,0,0.5517241379310345,0.8,0.2,0.2857142857142857,False,False,False,False,True,False,False,False,False,False,False,False,False,True,False
59,1,0.5,0.4428571428571427,1,0.36206896551724155,0.40000000000000013,0.6000000000000001,0.7142857142857143,False,True,False,False,False,False,False,False,False,False,False,False,True,False,False
60,0,0.5,0.5571428571428572,1,0.3275862068965518,0.19999999999999996,0.8,0.8571428571428571,False,False,False,False,False,False,True,False,False,False,False,False,False,False,True
61,1,1.0,0.22857142857142856,0,0.5689655172413794,0.6000000000000001,0.2,0.4285714285714285,True,False,False,False,False,False,False,False,False,False,False,False,False,False,True
62,0,0.5,0.5857142857142856,1,0.31034482758620696,0.19999999999999996,0.6000000000000001,0.8571428571428571,False,True,False,False,False,False,False,False,False,False,False,False,False,True,False
63,1,0.5,0.3857142857142857,1,0.3793103448275863,0.40000000000000013,0.6000000000000001,0.7142857142857143,False,False,False,False,False,False,True,False,False,False,False,False,True,False,False
64,0,0.0,0.657142857142857,1,0.24137931034482774,0.0,0.8,0.9999999999999999,False,False,False,False,False,True,False,False,False,False,False,False,False,False,True
65,1,1.0,0.11428571428571424,0,0.6206896551724139,0.8,0.2,0.14285714285714285,False,False,False,False,True,False,False,False,False,False,False,False,False,True,False
66,0,0.5,0.4714285714285713,1,0.3448275862068966,0.40000000000000013,0.6000000000000001,0.7142857142857143,False,True,False,False,False,False,False,False,False,False,False,False,False,False,True
67,1,0.5,0.34285714285714275,0,0.4655172413793105,0.6000000000000001,0.4,0.5714285714285714,False,False,False,False,False,False,False,False,False,False,False,True,True,False,False
68,0,0.0,0.6,1,0.27586206896551735,0.19999999999999996,0.8,0.8571428571428571,False,False,False,False,False,False,True,False,False,False,False,False,False,True,False
69,1,1.0,0.1857142857142857,0,0.5862068965517242,0.8,0.2,0.2857142857142857,False,False,False,False,True,False,False,False,False,False,False,False,False,False,True
70,0,0.5,0.4285714285714285,1,0.36206896551724155,0.40000000000000013,0.6000000000000001,0.7142857142857143,False,True,False,False,False,False,False,False,False,False,False,False,True,False,False
71,1,0.0,0.5571428571428572,1,0.2931034482758621,0.19999999999999996,0.8,0.8571428571428571,False,False,False,False,False,True,False,False,False,False,False,False,False,False,True
72,0,1.0,0.24285714285714285,0,0.517241379310345,0.6000000000000001,0.4,0.4285714285714285,True,False,False,False,False,False,False,False,False,False,False,False,False,True,False
73,1,0.5,0.48571428571428577,1,0.3275862068965518,0.40000000000000013,0.6000000000000001,0.7142857142857143,False,False,False,False,False,False,True,False,False,False,False,False,True,False,False
74,0,0.5,0.6142857142857142,1,0.2586206896551725,0.19999999999999996,0.8,0.8571428571428571,False,True,False,False,False,False,False,False,False,False,False,False,False,False,True
75,1,1.0,0.14285714285714282,0,0.603448275862069,0.8,0.2,0.2857142857142857,False,False,False,False,True,False,False,False,False,False,False,False,False,True,False
76,0,0.5,0.4428571428571427,1,0.3448275862068966,0.40000000000000013,0.6000000000000001,0.7142857142857143,False,False,False,False,False,True,False,False,False,False,False,False,False,False,True
77,1,0.0,0.5714285714285714,1,0.27586206896551735,0.19999999999999996,0.8,0.8571428571428571,False,False,False,False,False,False,True,False,False,False,False,False,True,False,False
78,0,1.0,0.19999999999999998,0,0.5517241379310345,0.6000000000000001,0.4,0.4285714285714285,True,False,False,False,False,False,False,False,False,False,False,False,False,True,False
79,1,0.5,0.4571428571428571,1,0.36206896551724155,0.40000000000000013,0.6000000000000001,0.7142857142857143,False,False,False,False,False,False,False,False,False,False,False,True,False,False,True
80,0,0.0,0.6285714285714286,1,0.24137931034482774,0.19999999999999996,0.8,0.9999999999999999,False,True,False,False,False,False,False,False,False,False,False,False,True,False,False
81,1,1.0,0.21428571428571427,0,0.5689655172413794,0.8,0.2,0.2857142857142857,False,False,False,False,True,False,False,False,False,False,False,False,False,True,False
82,0,0.5,0.4714285714285713,1,0.3275862068965518,0.40000000000000013,0.6000000000000001,0.7142857142857143,False,False,False,False,False,False,True,False,False,False,False,False,False,False,True
83,1,0.5,0.3285714285714285,0,0.48275862068965525,0.6000000000000001,0.4,0.5714285714285714,True,False,False,False,False,False,False,False,False,False,False,False,True,False,False
84,0,1.0,0.17142857142857146,0,0.5862068965517242,0.8,0.2,0.2857142857142857,False,False,False,False,True,False,False,False,False,False,False,False,False,True,False
85,1,0.0,0.5857142857142856,1,0.2586206896551725,0.19999999999999996,0.8,0.8571428571428571,False,False,False,False,False,True,False,False,False,False,False,False,False,False,True
86,0,0.5,0.4285714285714285,1,0.3448275862068966,0.40000000000000013,0.6000000000000001,0.7142857142857143,False,True,False,False,False,False,False,False,False,False,False,False,True,False,False
87,1,0.0,0.5428571428571428,1,0.2931034482758621,0.19999999999999996,0.8,0.8571428571428571,False,False,False,False,False,False,True,False,False,False,False,False,False,True,False
88,0,1.0,0.15714285714285717,0,0.603448275862069,0.8,0.2,0.2857142857142857,False,False,False,False,True,False,False,False,False,False,False,False,False,False,True
89,1,0.5,0.41428571428571426,1,0.3793103448275863,0.40000000000000013,0.6000000000000001,0.7142857142857143,False,False,False,False,False,False,False,False,False,False,False,True,True,False,False
90,0,0.0,0.6142857142857142,1,0.24137931034482774,0.19999999999999996,0.8,0.9999999999999999,False,True,False,False,False,False,False,False,False,False,False,False,False,False,True
91,1,1.0,0.19999999999999998,0,0.5517241379310345,0.6000000000000001,0.4,0.4285714285714285,True,False,False,False,False,False,False,False,False,False,False,False,False,True,False
92,0,0.5,0.4571428571428571,1,0.3448275862068966,0.40000000000000013,0.6000000000000001,0.7142857142857143,False,False,False,False,False,False,True,False,False,False,False,False,True,False,False
93,1,0.5,0.3142857142857143,0,0.4655172413793105,0.6000000000000001,0.4,0.5714285714285714,False,False,False,False,False,True,False,False,False,False,False,False,False,False,True
94,0,0.0,0.5714285714285714,1,0.27586206896551735,0.19999999999999996,0.8,0.8571428571428571,False,True,False,False,False,False,False,False,False,False,False,False,False,True,False
95,1,1.0,0.12857142857142853,0,0.6206896551724139,0.8,0.2,0.2857142857142857,False,False,False,False,True,False,False,False,False,False,False,False,True,False,False
96,0,0.5,0.48571428571428577,1,0.3275862068965518,0.40000000000000013,0.6000000000000001,0.7142857142857143,False,False,False,False,False,False,True,False,False,False,False,False,False,False,True
97,1,0.0,0.6,1,0.2586206896551725,0.19999999999999996,0.8,0.8571428571428571,False,False,False,False,False,True,False,False,False,False,False,False,False,True,False
98,0,1.0,0.1857142857142857,0,0.5689655172413794,0.8,0.2,0.2857142857142857,False,False,False,False,True,False,False,False,False,False,False,False,True,False,False
99,1,0.5,0.4428571428571427,1,0.36206896551724155,0.40000000000000013,0.6000000000000001,0.7142857142857143,False,True,False,False,False,False,False,False,False,False,False,False,False,False,True
100,0,0.5,0.5571428571428572,1,0.2931034482758621,0.19999999999999996,0.8,0.8571428571428571,False,False,False,False,False,False,True,False,False,False,False,False,False,True,False
101,1,0.0,0.6142857142857142,1,0.24137931034482774,0.19999999999999996,0.8,0.9999999999999999,False,False,False,False,False,False,False,False,False,False,False,True,True,False,False
102,0,1.0,0.14285714285714282,0,0.603448275862069,0.8,0.2,0.2857142857142857,False,False,False,False,True,False,False,False,False,False,False,False,False,False,True
103,1,0.5,0.4571428571428571,1,0.3448275862068966,0.40000000000000013,0.6000000000000001,0.7142857142857143,True,False,False,False,False,False,False,False,False,False,False,False,False,True,False
104,0,0.0,0.5857142857142856,1,0.27586206896551735,0.19999999999999996,0.8,0.8571428571428571,False,True,False,False,False,False,False,False,False,False,False,False,False,False,True
105,1,1.0,0.19999999999999998,0,0.5517241379310345,0.6000000000000001,0.4,0.4285714285714285,False,False,False,False,True,False,False,False,False,False,False,False,True,False,False
106,0,0.5,0.4714285714285713,1,0.3275862068965518,0.40000000000000013,0.6000000000000001,0.7142857142857143,False,False,False,False,False,False,True,False,False,False,False,False,False,True,False
107,1,0.5,0.3285714285714285,0,0.48275862068965525,0.6000000000000001,0.4,0.5714285714285714,False,False,False,False,False,False,False,False,False,False,False,True,False,False,True
108,0,0.0,0.5714285714285714,1,0.2931034482758621,0.19999999999999996,0.8,0.8571428571428571,False,False,False,False,False,True,False,False,False,False,False,False,True,False,False
109,1,1.0,0.15714285714285717,0,0.5862068965517242,0.8,0.2,0.2857142857142857,False,False,False,False,True,False,False,False,False,False,False,False,False,True,False
110,0,0.5,0.48571428571428577,1,0.3448275862068966,0.40000000000000013,0.6000000000000001,0.7142857142857143,False,True,False,False,False,False,False,False,False,False,False,False,False,False,True
111,1,0.5,0.657142857142857,1,0.413793103448276,0.19999999999999996,0.8,0.8571428571428571,False,True,False,False,False,False,False,False,False,False,False,False,False,False,True
112,0,0.5,0.6142857142857142,1,0.36206896551724155,0.40000000000000013,0.6000000000000001,0.7142857142857143,False,False,False,False,False,False,True,False,False,False,False,False,False,True,False
113,1,0.5,0.48571428571428577,0,0.5689655172413794,0.6000000000000001,0.4,0.4285714285714285,True,False,False,False,False,False,False,False,False,False,False,False,False,False,True
114,0,1.0,0.5714285714285714,1,0.3793103448275863,0.19999999999999996,0.8,0.8571428571428571,False,True,False,False,False,False,False,False,False,False,False,False,False,False,True
115,1,0.5,0.5285714285714286,1,0.4310344827586208,0.40000000000000013,0.6000000000000001,0.7142857142857143,False,False,False,False,False,False,True,False,False,False,False,False,False,True,False
116,0,0.5,0.4714285714285713,0,0.5862068965517242,0.8,0.4,0.4285714285714285,False,True,False,False,False,False,False,False,False,False,False,False,False,False,True
117,1,1.0,0.6428571428571428,1,0.3448275862068966,0.19999999999999996,0.8,0.8571428571428571,True,False,False,False,False,False,False,False,False,False,False,False,False,True,False
118,0,0.5,0.6,1,0.39655172413793105,0.40000000000000013,0.6000000000000001,0.7142857142857143,False,True,False,False,False,False,False,False,False,False,False,False,False,False,True
119,1,1.0,0.4571428571428571,0,0.603448275862069,0.6000000000000001,0.4,0.4285714285714285,False,False,False,False,False,False,True,False,False,False,False,False,False,False,True
120,0,0.5,0.5571428571428572,1,0.413793103448276,0.19999999999999996,0.8,0.8571428571428571,False,True,False,False,False,False,False,False,False,False,False,False,False,True,False
121,1,0.5,0.6285714285714286,1,0.36206896551724155,0.40000000000000013,0.6000000000000001,0.7142857142857143,True,False,False,False,False,False,False,False,False,False,False,False,False,False,True
122,0,1.0,0.4428571428571427,0,0.6206896551724139,0.8,0.4,0.4285714285714285,False,True,False,False,False,False,False,False,False,False,False,False,False,True,False
123,1,0.5,0.5428571428571428,1,0.4310344827586208,0.19999999999999996,0.8,0.8571428571428571,False,False,False,False,False,False,True,False,False,False,False,False,False,False,True
124,0,1.0,0.6142857142857142,1,0.3448275862068966,0.40000000000000013,0.6000000000000001,0.7142857142857143,False,True,False,False,False,False,False,False,False,False,False,False,False,True,False
125,1,0.5,0.4285714285714285,0,0.6379310344827587,0.6000000000000001,0.4,0.4285714285714285,True,False,False,False,False,False,False,False,False,False,False,False,False,False,True
126,0,1.0,0.5285714285714286,1,0.44827586206896575,0.19999999999999996,0.8,0.8571428571428571,False,True,False,False,False,False,False,False,False,False,False,False,False,True,False
127,1,0.5,0.6,1,0.3275862068965518,0.40000000000000013,0.6000000000000001,0.7142857142857143,False,False,False,False,False,False,True,False,False,False,False,False,False,False,True
128,0,0.5,0.41428571428571426,0,0.6551724137931034,0.8,0.4,0.4285714285714285,False,True,False,False,False,False,False,False,False,False,False,False,False,True,False
129,1,1.0,0.5142857142857141,1,0.4655172413793105,0.19999999999999996,0.8,0.8571428571428571,True,False,False,False,False,False,False,False,False,False,False,False,False,False,True
130,0,1.0,0.5857142857142856,1,0.31034482758620696,0.40000000000000013,0.6000000000000001,0.7142857142857143,False,True,False,False,False,False,False,False,False,False,False,False,False,True,False
131,1,0.5,0.3999999999999999,0,0.6724137931034484,0.6000000000000001,0.4,0.4285714285714285,False,False,False,False,False,False,True,False,False,False,False,False,False,False,True
132,0,0.5,0.4999999999999999,1,0.48275862068965525,0.19999999999999996,0.8,0.8571428571428571,False,True,False,False,False,False,False,False,False,False,False,False,False,True,False
133,1,1.0,0.5714285714285714,1,0.2931034482758621,0.40000000000000013,0.6000000000000001,0.7142857142857143,True,False,False,False,False,False,False,False,False,False,False,False,False,False,True
134,0,1.0,0.3857142857142857,0,0.6896551724137931,0.8,0.4,0.4285714285714285,False,True,False,False,False,False,False,False,False,False,False,False,False,True,False
135,1,0.5,0.48571428571428577,1,0.5000000000000002,0.19999999999999996,0.8,0.8571428571428571,False,False,False,False,False,False,True,False,False,False,False,False,False,False,True
136,0,0.5,0.5571428571428572,1,0.27586206896551735,0.40000000000000013,0.6000000000000001,0.7142857142857143,False,True,False,False,False,False,False,False,False,False,False,False,False,True,False
137,1,1.0,0.37142857142857133,0,0.7068965517241381,0.6000000000000001,0.4,0.4285714285714285,True,False,False,False,False,False,False,False,False,False,False,False,False,False,True
138,0,1.0,0.4714285714285713,1,0.517241379310345,0.19999999999999996,0.8,0.8571428571428571,False,True,False,False,False,False,False,False,False,False,False,False,False,True,False
139,1,0.5,0.5428571428571428,1,0.2586206896551725,0.40000000000000013,0.6000000000000001,0.7142857142857143,False,False,False,False,False,False,True,False,False,False,False,False,False,False,True
140,0,0.5,0.3571428571428571,0,0.7241379310344829,0.8,0.4,0.4285714285714285,False,True,False,False,False,False,False,False,False,False,False,False,False,True,False
141,1,1.0,0.4571428571428571,1,0.5344827586206897,0.19999999999999996,0.8,0.8571428571428571,True,False,False,False,False,False,False,False,False,False,False,False,False,False,True
142,0,1.0,0.5285714285714286,1,0.24137931034482774,0.40000000000000013,0.6000000000000001,0.7142857142857143,False,True,False,False,False,False,False,False,False,False,False,False,False,True,False
143,1,0.5,0.34285714285714275,0,0.7413793103448276,0.6000000000000001,0.4,0.4285714285714285,False,False,False,False,False,False,True,False,False,False,False,False,False,False,True
144,0,0.5,0.4428571428571427,1,0.5517241379310345,0.19999999999999996,0.8,0.8571428571428571,False,True,False,False,False,False,False,False,False,False,False,False,False,True,False
145,1,1.0,0.5142857142857141,1,0.22413793103448276,0.40000000000000013,0.6000000000000001,0.7142857142857143,True,False,False,False,False,False,False,False,False,False,False,False,False,False,True
146,0,1.0,0.3285714285714285,0,0.7586206896551724,0.8,0.4,0.4285714285714285,False,True,False,False,False,False,False,False,False,False,False,False,False,True,False
147,1,0.5,0.4285714285714285,1,0.5689655172413794,0.19999999999999996,0.8,0.8571428571428571,False,False,False,False,False,False,True,False,False,False,False,False,False,False,True
148,0,0.5,0.4999999999999999,1,0.206896551724138,0.40000000000000013,0.6000000000000001,0.7142857142857143,False,True,False,False,False,False,False,False,False,False,False,False,False,True,False
149,1,1.0,0.3142857142857143,0,0.7758620689655176,0.6000000000000001,0.4,0.4285714285714285,True,False,False,False,False,False,False,False,False,False,False,False,False,False,True
150,0,1.0,0.41428571428571426,1,0.5862068965517242,0.19999999999999996,0.8,0.8571428571428571,False,True,False,False,False,False,False,False,False,False,False,False,False,True,False
151,1,0.5,0.48571428571428577,1,0.18965517241379326,0.40000000000000013,0.6000000000000001,0.7142857142857143,False,False,False,False,False,False,True,False,False,False,False,False,False,False,True
152,0,0.5,0.29999999999999993,0,0.7931034482758623,0.8,0.4,0.4285714285714285,False,True,False,False,False,False,False,False,False,False,False,False,False,True,False
153,1,1.0,0.3999999999999999,1,0.603448275862069,0.19999999999999996,0.8,0.8571428571428571,True,False,False,False,False,False,False,False,False,False,False,False,False,False,True
154,0,1.0,0.4714285714285713,1,0.1724137931034483,0.40000000000000013,0.6000000000000001,0.7142857142857143,False,True,False,False,False,False,False,False,False,False,False,False,False,True,False
155,1,0.5,0.2857142857142857,0,0.8103448275862071,0.6000000000000001,0.4,0.4285714285714285,False,False,False,False,False,False,True,False,False,False,False,False,False,False,True
156,0,0.5,0.3857142857142857,1,0.6206896551724139,0.19999999999999996,0.8,0.8571428571428571,False,True,False,False,False,False,False,False,False,False,False,False,False,True,False
157,1,1.0,0.4571428571428571,1,0.15517241379310354,0.40000000000000013,0.6000000000000001,0.7142857142857143,True,False,False,False,False,False,False,False,False,False,False,False,False,False,True
158,0,1.0,0.27142857142857135,0,0.8275862068965518,0.8,0.4,0.4285714285714285,False,True,False,False,False,False,False,False,False,False,False,False,False,True,False
159,1,0.5,0.37142857142857133,1,0.6379310344827587,0.19999999999999996,0.8,0.8571428571428571,False,False,False,False,False,False,True,False,False,False,False,False,False,False,True
160,0,0.5,0.4428571428571427,1,0.13793103448275867,0.40000000000000013,0.6000000000000001,0.7142857142857143,False,True,False,False,False,False,False,False,False,False,False,False,False,True,False
161,0,0.5,0.5428571428571428,1,0.39655172413793105,0.19999999999999996,0.6000000000000001,0.7142857142857143,False,True,False,False,False,False,False,False,False,False,False,False,False,False,True
162,1,1.0,0.4714285714285713,0,0.5862068965517242,0.6000000000000001,0.4,0.5714285714285714,True,False,False,False,False,False,False,False,False,False,False,False,False,True,False
163,0,0.5,0.5714285714285714,1,0.36206896551724155,0.40000000000000013,0.8,0.8571428571428571,False,False,False,False,False,False,True,False,False,False,False,False,False,False,True
164,1,1.0,0.4571428571428571,1,0.4310344827586208,0.19999999999999996,0.6000000000000001,0.7142857142857143,False,True,False,False,False,False,False,False,False,False,False,False,False,True,False
165,0,0.5,0.5142857142857141,0,0.5517241379310345,0.6000000000000001,0.4,0.4285714285714285,True,False,False,False,False,False,False,False,False,False,False,False,False,False,True
166,1,1.0,0.5571428571428572,1,0.3793103448275863,0.40000000000000013,0.8,0.8571428571428571,False,False,False,False,False,False,True,False,False,False,False,False,False,True,False
167,0,0.5,0.48571428571428577,1,0.44827586206896575,0.19999999999999996,0.6000000000000001,0.7142857142857143,False,True,False,False,False,False,False,False,False,False,False,False,False,False,True
168,1,1.0,0.5285714285714286,0,0.5689655172413794,0.6000000000000001,0.4,0.5714285714285714,True,False,False,False,False,False,False,False,False,False,False,False,False,True,False
169,0,0.5,0.5857142857142856,1,0.3448275862068966,0.40000000000000013,0.8,0.8571428571428571,False,False,False,False,False,False,True,False,False,False,False,False,False,False,True
170,1,1.0,0.4428571428571427,1,0.4655172413793105,0.19999999999999996,0.6000000000000001,0.7142857142857143,False,True,False,False,False,False,False,False,False,False,False,False,False,True,False
171,0,0.5,0.4999999999999999,0,0.603448275862069,0.6000000000000001,0.4,0.4285714285714285,True,False,False,False,False,False,False,False,False,False,False,False,False,False,True
172,1,1.0,0.5428571428571428,1,0.3275862068965518,0.40000000000000013,0.8,0.8571428571428571,False,False,False,False,False,False,True,False,False,False,False,False,False,True,False
173,0,0.5,0.4714285714285713,1,0.48275862068965525,0.19999999999999996,0.6000000000000001,0.7142857142857143,False,True,False,False,False,False,False,False,False,False,False,False,False,False,True
174,1,1.0,0.5142857142857141,0,0.6206896551724139,0.6000000000000001,0.4,0.5714285714285714,True,False,False,False,False,False,False,False,False,False,False,False,False,True,False
175,0,0.5,0.6,1,0.31034482758620696,0.40000000000000013,0.8,0.8571428571428571,False,False,False,False,False,False,True,False,False,False,False,False,False,False,True
176,1,1.0,0.4285714285714285,1,0.5000000000000002,0.19999999999999996,0.6000000000000001,0.7142857142857143,False,True,False,False,False,False,False,False,False,False,False,False,False,True,False
177,0,0.5,0.48571428571428577,0,0.6379310344827587,0.6000000000000001,0.4,0.4285714285714285,True,False,False,False,False,False,False,False,False,False,False,False,False,False,True
178,1,1.0,0.5285714285714286,1,0.2931034482758621,0.40000000000000013,0.8,0.8571428571428571,False,False,False,False,False,False,True,False,False,False,False,False,False,True,False
179,0,0.5,0.4571428571428571,1,0.517241379310345,0.19999999999999996,0.6000000000000001,0.7142857142857143,False,True,False,False,False,False,False,False,False,False,False,False,False,False,True
180,1,1.0,0.4999999999999999,0,0.6551724137931034,0.6000000000000001,0.4,0.5714285714285714,True,False,False,False,False,False,False,False,False,False,False,False,False,True,False
181,0,0.5,0.6142857142857142,1,0.27586206896551735,0.40000000000000013,0.8,0.8571428571428571,False,False,False,False,False,False,True,False,False,False,False,False,False,False,True
182,1,1.0,0.41428571428571426,1,0.5344827586206897,0.19999999999999996,0.6000000000000001,0.7142857142857143,False,True,False,False,False,False,False,False,False,False,False,False,False,True,False
183,0,0.5,0.4714285714285713,0,0.6724137931034484,0.6000000000000001,0.4,0.4285714285714285,True,False,False,False,False,False,False,False,False,False,False,False,False,False,True
184,1,1.0,0.5142857142857141,1,0.2586206896551725,0.40000000000000013,0.8,0.8571428571428571,False,False,False,False,False,False,True,False,False,False,False,False,False,True,False
185,0,0.5,0.4428571428571427,1,0.5517241379310345,0.19999999999999996,0.6000000000000001,0.7142857142857143,False,True,False,False,False,False,False,False,False,False,False,False,False,False,True
186,1,1.0,0.48571428571428577,0,0.6896551724137931,0.6000000000000001,0.4,0.5714285714285714,True,False,False,False,False,False,False,False,False,False,False,False,False,True,False
187,0,0.5,0.6285714285714286,1,0.24137931034482774,0.40000000000000013,0.8,0.8571428571428571,False,False,False,False,False,False,True,False,False,False,False,False,False,False,True
188,1,1.0,0.3999999999999999,1,0.5689655172413794,0.19999999999999996,0.6000000000000001,0.7142857142857143,False,True,False,False,False,False,False,False,False,False,False,False,False,True,False
189,0,0.5,0.4571428571428571,0,0.7068965517241381,0.6000000000000001,0.4,0.4285714285714285,True,False,False,False,False,False,False,False,False,False,False,False,False,False,True
190,1,1.0,0.4999999999999999,1,0.22413793103448276,0.40000000000000013,0.8,0.8571428571428571,False,False,False,False,False,False,True,False,False,False,False,False,False,True,False
191,0,0.5,0.4285714285714285,1,0.5862068965517242,0.19999999999999996,0.6000000000000001,0.7142857142857143,False,True,False,False,False,False,False,False,False,False,False,False,False,False,True
192,1,1.0,0.4714285714285713,0,0.7241379310344829,0.6000000000000001,0.4,0.5714285714285714,True,False,False,False,False,False,False,False,False,False,False,False,False,True,False
193,0,0.5,0.6428571428571428,1,0.206896551724138,0.40000000000000013,0.8,0.8571428571428571,False,False,False,False,False,False,True,False,False,False,False,False,False,False,True
194,1,1.0,0.3857142857142857,1,0.603448275862069,0.19999999999999996,0.6000000000000001,0.7142857142857143,False,True,False,False,False,False,False,False,False,False,False,False,False,True,False
195,0,0.5,0.4428571428571427,0,0.7413793103448276,0.6000000000000001,0.4,0.4285714285714285,True,False,False,False,False,False,False,False,False,False,False,False,False,False,True
196,1,1.0,0.48571428571428577,1,0.18965517241379326,0.40000000000000013,0.8,0.8571428571428571,False,False,False,False,False,False,True,False,False,False,False,False,False,True,False
197,0,0.5,0.41428571428571426,1,0.6206896551724139,0.19999999999999996,0.6000000000000001,0.7142857142857143,False,True,False,False,False,False,False,False,False,False,False,False,False,False,True
198,1,1.0,0.4571428571428571,0,0.7586206896551724,0.6000000000000001,0.4,0.5714285714285714,True,False,False,False,False,False,False,False,False,False,False,False,False,True,False
199,0,0.5,0.657142857142857,1,0.1724137931034483,0.40000000000000013,0.8,0.8571428571428571,False,False,False,False,False,False,True,False,False,False,False,False,False,False,True
200,1,1.0,0.37142857142857133,1,0.6379310344827587,0.19999999999999996,0.6000000000000001,0.7142857142857143,False,True,False,False,False,False,False,False,False,False,False,False,False,True,False
201,0,0.5,0.4285714285714285,0,0.7758620689655176,0.6000000000000001,0.4,0.4285714285714285,True,False,False,False,False,False,False,False,False,False,False,False,False,False,True
202,1,1.0,0.4714285714285713,1,0.15517241379310354,0.40000000000000013,0.8,0.8571428571428571,False,False,False,False,False,False,True,False,False,False,False,False,False,True,False
203,0,0.5,0.3999999999999999,1,0.6551724137931034,0.19999999999999996,0.6000000000000001,0.7142857142857143,False,True,False,False,False,False,False,False,False,False,False,False,False,False,True
204,1,1.0,0.4428571428571427,0,0.7931034482758623,0.6000000000000001,0.4,0.5714285714285714,True,False,False,False,False,False,False,False,False,False,False,False,False,True,False
205,0,0.5,0.6714285714285714,1,0.13793103448275867,0.40000000000000013,0.8,0.8571428571428571,False,False,False,False,False,False,True,False,False,False,False,False,False,False,True
206,1,1.0,0.3571428571428571,1,0.6724137931034484,0.19999999999999996,0.6000000000000001,0.7142857142857143,False,True,False,False,False,False,False,False,False,False,False,False,False,True,False
207,0,0.5,0.41428571428571426,0,0.8103448275862071,0.6000000000000001,0.4,0.4285714285714285,True,False,False,False,False,False,False,False,False,False,False,False,False,False,True
208,1,1.0,0.4571428571428571,1,0.12068965517241392,0.40000000000000013,0.8,0.8571428571428571,False,False,False,False,False,False,True,False,False,False,False,False,False,True,False
209,0,0.5,0.3857142857142857,1,0.6896551724137931,0.19999999999999996,0.6000000000000001,0.7142857142857143,False,True,False,False,False,False,False,False,False,False,False,False,False,False,True
210,1,1.0,0.4285714285714285,0,0.8275862068965518,0.6000000000000001,0.4,0.5714285714285714,True,False,False,False,False,False,False,False,False,False,False,False,False,True,False
211,0,0.5,0.6857142857142856,1,0.10344827586206906,0.40000000000000013,0.8,0.8571428571428571,False,False,False,False,False,False,True,False,False,False,False,False,False,False,True
212,1,1.0,0.34285714285714275,1,0.7068965517241381,0.19999999999999996,0.6000000000000001,0.7142857142857143,False,True,False,False,False,False,False,False,False,False,False,False,False,True,False
213,0,0.5,0.3999999999999999,0,0.8448275862068966,0.6000000000000001,0.4,0.4285714285714285,True,False,False,False,False,False,False,False,False,False,False,False,False,False,True
214,1,1.0,0.4428571428571427,1,0.0862068965517242,0.40000000000000013,0.8,0.8571428571428571,False,False,False,False,False,False,True,False,False,False,False,False,False,True,False
215,0,0.5,0.37142857142857133,1,0.7241379310344829,0.19999999999999996,0.6000000000000001,0.7142857142857143,False,True,False,False,False,False,False,False,False,False,False,False,False,False,True
216,1,1.0,0.41428571428571426,0,0.8620689655172415,0.6000000000000001,0.4,0.5714285714285714,True,False,False,False,False,False,False,False,False,False,False,False,False,True,False
217,0,0.5,0.7,1,0.06896551724137945,0.40000000000000013,0.8,0.8571428571428571,False,False,False,False,False,False,True,False,False,False,False,False,False,False,True
218,1,1.0,0.3285714285714285,1,0.7413793103448276,0.19999999999999996,0.6000000000000001,0.7142857142857143,False,True,False,False,False,False,False,False,False,False,False,False,False,True,False
219,0,0.5,0.3857142857142857,0,0.8793103448275863,0.6000000000000001,0.4,0.4285714285714285,True,False,False,False,False,False,False,False,False,False,False,False,False,False,True
220,1,1.0,0.4285714285714285,1,0.051724137931034475,0.40000000000000013,0.8,0.8571428571428571,False,False,False,False,False,False,True,False,False,False,False,False,False,True,False
221,0,0.5,0.7142857142857142,1,0.3793103448275863,0.19999999999999996,0.8,0.9999999999999999,False,True,False,False,False,False,False,False,False,False,False,False,False,False,True
222,1,1.0,0.6142857142857142,1,0.4655172413793105,0.40000000000000013,0.6000000000000001,0.7142857142857143,False,False,False,False,False,False,True,False,False,False,False,False,False,True,False
223,0,0.5,0.4285714285714285,0,0.6379310344827587,0.8,0.4,0.4285714285714285,False,True,False,False,False,False,False,False,False,False,False,False,False,False,True
224,1,1.0,0.3857142857142857,0,0.6896551724137931,0.6000000000000001,0.4,0.2857142857142857,True,False,False,False,False,False,False,False,False,False,False,False,False,True,False
225,0,0.5,0.3285714285714285,0,0.7068965517241381,0.8,0.2,0.14285714285714285,False,False,False,True,False,False,False,False,False,False,False,False,False,False,True
226,1,1.0,0.5714285714285714,1,0.517241379310345,0.40000000000000013,0.6000000000000001,0.7142857142857143,False,True,False,False,False,False,False,False,False,False,False,False,False,False,True
227,0,0.5,0.5285714285714286,1,0.4655172413793105,0.40000000000000013,0.6000000000000001,0.5714285714285714,False,False,True,False,False,False,False,False,False,False,False,False,False,True,False
228,1,1.0,0.4714285714285713,0,0.5862068965517242,0.6000000000000001,0.4,0.4285714285714285,False,False,False,False,False,False,False,False,True,False,False,False,False,False,True
229,0,0.5,0.7857142857142857,1,0.3448275862068966,0.0,0.8,0.9999999999999999,False,False,False,False,False,False,True,False,False,False,False,False,False,True,False
230,1,1.0,0.5714285714285714,1,0.5000000000000002,0.40000000000000013,0.6000000000000001,0.7142857142857143,False,True,False,False,False,False,False,False,False,False,False,False,False,False,True
231,0,0.5,0.4571428571428571,0,0.6206896551724139,0.6000000000000001,0.4,0.4285714285714285,True,False,False,False,False,False,False,False,False,False,False,False,False,True,False
232,1,1.0,0.3571428571428571,0,0.7068965517241381,0.8,0.2,0.2857142857142857,False,True,False,False,False,False,False,False,False,False,False,False,False,False,True
233,0,0.5,0.2857142857142857,0,0.7241379310344829,0.8,0.2,0.14285714285714285,False,False,False,True,False,False,False,False,False,False,False,False,False,False,True
234,1,1.0,0.6,1,0.4655172413793105,0.19999999999999996,0.6000000000000001,0.8571428571428571,False,False,False,False,False,False,True,False,False,False,False,False,False,True,False
235,0,0.5,0.4999999999999999,1,0.517241379310345,0.40000000000000013,0.6000000000000001,0.5714285714285714,False,False,True,False,False,False,False,False,False,False,False,False,False,False,True
236,1,1.0,0.4285714285714285,0,0.6206896551724139,0.6000000000000001,0.4,0.4285714285714285,False,False,False,False,False,False,False,False,True,False,False,False,False,True,False
237,0,0.5,0.757142857142857,1,0.36206896551724155,0.0,0.8,0.9999999999999999,False,True,False,False,False,False,False,False,False,False,False,False,False,False,True
238,1,1.0,0.5857142857142856,1,0.48275862068965525,0.40000000000000013,0.6000000000000001,0.7142857142857143,True,False,False,False,False,False,False,False,False,False,False,False,False,True,False
239,0,0.5,0.4428571428571427,0,0.603448275862069,0.6000000000000001,0.4,0.4285714285714285,False,True,False,False,False,False,False,False,False,False,False,False,False,False,True
240,1,1.0,0.37142857142857133,0,0.6724137931034484,0.8,0.4,0.2857142857142857,True,False,False,False,False,False,False,False,False,False,False,False,False,True,False
241,0,0.5,0.3142857142857143,0,0.6896551724137931,0.8,0.2,0.14285714285714285,False,False,False,True,False,False,False,False,False,False,False,False,False,False,True
242,1,1.0,0.5571428571428572,1,0.5000000000000002,0.19999999999999996,0.6000000000000001,0.7142857142857143,False,True,False,False,False,False,False,False,False,False,False,False,False,False,True
243,0,0.5,0.5142857142857141,1,0.48275862068965525,0.40000000000000013,0.6000000000000001,0.5714285714285714,False,False,True,False,False,False,False,False,False,False,False,False,False,True,False
244,1,1.0,0.4571428571428571,0,0.603448275862069,0.6000000000000001,0.4,0.4285714285714285,False,False,False,False,False,False,False,False,True,False,False,False,False,False,True
245,0,0.5,0.7714285714285715,1,0.3275862068965518,0.0,0.8,0.9999999999999999,False,False,False,False,False,False,True,False,False,False,False,False,False,True,False
246,1,1.0,0.6,1,0.44827586206896575,0.40000000000000013,0.6000000000000001,0.7142857142857143,False,True,False,False,False,False,False,False,False,False,False,False,False,False,True
247,0,0.5,0.4714285714285713,0,0.5862068965517242,0.6000000000000001,0.4,0.4285714285714285,True,False,False,False,False,False,False,False,False,False,False,False,False,True,False
248,1,1.0,0.34285714285714275,0,0.6896551724137931,0.8,0.2,0.2857142857142857,False,True,False,False,False,False,False,False,False,False,False,False,False,False,True
249,0,0.5,0.29999999999999993,0,0.7413793103448276,0.8,0.2,0.14285714285714285,False,False,False,True,False,False,False,False,False,False,False,False,False,False,True
250,1,1.0,0.5857142857142856,1,0.48275862068965525,0.19999999999999996,0.6000000000000001,0.8571428571428571,False,False,False,False,False,False,True,False,False,False,False,False,False,True,False
251,0,0.5,0.48571428571428577,1,0.5344827586206897,0.40000000000000013,0.6000000000000001,0.5714285714285714,False,False,True,False,False,False,False,False,False,False,False,False,False,False,True
252,1,1.0,0.4428571428571427,0,0.6379310344827587,0.6000000000000001,0.4,0.4285714285714285,False,False,False,False,False,False,False,False,True,False,False,False,False,True,False
253,0,0.5,0.7428571428571428,1,0.3448275862068966,0.0,0.8,0.9999999999999999,False,True,False,False,False,False,False,False,False,False,False,False,False,False,True
254,1,1.0,0.5571428571428572,1,0.4655172413793105,0.40000000000000013,0.6000000000000001,0.7142857142857143,True,False,False,False,False,False,False,False,False,False,False,False,False,True,False
255,0,0.5,0.41428571428571426,0,0.6206896551724139,0.6000000000000001,0.4,0.4285714285714285,False,True,False,False,False,False,False,False,False,False,False,False,False,False,True
256,1,1.0,0.3571428571428571,0,0.6551724137931034,0.8,0.4,0.2857142857142857,True,False,False,False,False,False,False,False,False,False,False,False,False,True,False
257,0,0.5,0.27142857142857135,0,0.7586206896551724,0.8,0.2,0.14285714285714285,False,False,False,True,False,False,False,False,False,False,False,False,False,False,True
258,1,1.0,0.5428571428571428,1,0.517241379310345,0.19999999999999996,0.6000000000000001,0.7142857142857143,False,True,False,False,False,False,False,False,False,False,False,False,False,False,True
259,0,0.5,0.4999999999999999,1,0.5000000000000002,0.40000000000000013,0.6000000000000001,0.5714285714285714,False,False,True,False,False,False,False,False,False,False,False,False,False,True,False
260,1,1.0,0.41428571428571426,0,0.6551724137931034,0.6000000000000001,0.4,0.4285714285714285,False,False,False,False,False,False,False,False,True,False,False,False,False,False,True
261,0,0.5,0.7285714285714284,1,0.31034482758620696,0.0,0.8,0.9999999999999999,False,False,False,False,False,False,True,False,False,False,False,False,False,True,False
262,1,1.0,0.5428571428571428,1,0.4310344827586208,0.40000000000000013,0.6000000000000001,0.7142857142857143,False,True,False,False,False,False,False,False,False,False,False,False,False,False,True
263,0,0.5,0.3999999999999999,0,0.6379310344827587,0.6000000000000001,0.4,0.4285714285714285,True,False,False,False,False,False,False,False,False,False,False,False,False,True,False
264,1,1.0,0.3285714285714285,0,0.6724137931034484,0.8,0.2,0.2857142857142857,False,True,False,False,False,False,False,False,False,False,False,False,False,False,True
265,0,0.5,0.2571428571428571,0,0.7758620689655176,0.8,0.2,0.14285714285714285,False,False,False,True,False,False,False,False,False,False,False,False,False,False,True
266,1,1.0,0.5285714285714286,1,0.5344827586206897,0.19999999999999996,0.6000000000000001,0.8571428571428571,False,False,False,False,False,False,True,False,False,False,False,False,False,True,False
267,0,0.5,0.4714285714285713,1,0.5517241379310345,0.40000000000000013,0.6000000000000001,0.5714285714285714,False,False,True,False,False,False,False,False,False,False,False,False,False,False,True
268,1,1.0,0.3999999999999999,0,0.6724137931034484,0.6000000000000001,0.4,0.4285714285714285,False,False,False,False,False,False,False,False,True,False,False,False,False,True,False
269,0,0.5,0.7,1,0.3275862068965518,0.0,0.8,0.9999999999999999,False,True,False,False,False,False,False,False,False,False,False,False,False,False,True
270,1,1.0,0.5285714285714286,1,0.44827586206896575,0.40000000000000013,0.6000000000000001,0.7142857142857143,True,False,False,False,False,False,False,False,False,False,False,False,False,True,False
271,0,0.5,0.4285714285714285,0,0.603448275862069,0.6000000000000001,0.4,0.4285714285714285,False,True,False,False,False,False,False,False,False,False,False,False,False,False,True
272,1,1.0,0.3142857142857143,0,0.6896551724137931,0.8,0.2,0.2857142857142857,True,False,False,False,False,False,False,False,False,False,False,False,False,True,False
273,0,0.5,0.24285714285714285,0,0.7931034482758623,0.8,0.2,0.14285714285714285,False,False,False,True,False,False,False,False,False,False,False,False,False,False,True
274,1,1.0,0.5571428571428572,1,0.5000000000000002,0.19999999999999996,0.6000000000000001,0.7142857142857143,False,True,False,False,False,False,False,False,False,False,False,False,False,False,True
275,0,0.5,0.4571428571428571,1,0.5689655172413794,0.40000000000000013,0.6000000000000001,0.5714285714285714,False,False,True,False,False,False,False,False,False,False,False,False,False,True,False
276,1,1.0,0.3857142857142857,0,0.6896551724137931,0.6000000000000001,0.4,0.4285714285714285,False,False,False,False,False,False,False,False,True,False,False,False,False,False,True
277,0,0.5,0.7285714285714284,1,0.2931034482758621,0.0,0.8,0.9999999999999999,False,False,False,False,False,False,True,False,False,False,False,False,False,True,False
278,1,1.0,0.5142857142857141,1,0.4655172413793105,0.40000000000000013,0.6000000000000001,0.7142857142857143,False,True,False,False,False,False,False,False,False,False,False,False,False,False,True
279,0,0.5,0.41428571428571426,0,0.6206896551724139,0.6000000000000001,0.4,0.4285714285714285,True,False,False,False,False,False,False,False,False,False,False,False,False,True,False
280,1,1.0,0.29999999999999993,0,0.7068965517241381,0.8,0.2,0.2857142857142857,False,True,False,False,False,False,False,False,False,False,False,False,False,False,True
281,0,0.5,0.22857142857142856,0,0.8103448275862071,0.8,0.2,0.14285714285714285,False,False,False,True,False,False,False,False,False,False,False,False,False,False,True
282,1,1.0,0.5428571428571428,1,0.517241379310345,0.19999999999999996,0.6000000000000001,0.8571428571428571,False,False,False,False,False,False,True,False,False,False,False,False,False,True,False
283,0,0.5,0.4428571428571427,1,0.5862068965517242,0.40000000000000013,0.6000000000000001,0.5714285714285714,False,False,True,False,False,False,False,False,False,False,False,False,False,False,True
284,1,1.0,0.37142857142857133,0,0.7068965517241381,0.6000000000000001,0.4,0.4285714285714285,False,False,False,False,False,False,False,False,True,False,False,False,False,True,False
285,0,0.5,0.7428571428571428,1,0.27586206896551735,0.0,0.8,0.9999999999999999,False,True,False,False,False,False,False,False,False,False,False,False,False,False,True
286,1,1.0,0.4999999999999999,1,0.48275862068965525,0.40000000000000013,0.6000000000000001,0.7142857142857143,True,False,False,False,False,False,False,False,False,False,False,False,False,True,False
287,0,0.5,0.3999999999999999,0,0.6379310344827587,0.6000000000000001,0.4,0.4285714285714285,False,True,False,False,False,False,False,False,False,False,False,False,False,False,True
288,1,1.0,0.2857142857142857,0,0.7241379310344829,0.8,0.2,0.2857142857142857,True,False,False,False,False,False,False,False,False,False,False,False,False,True,False
289,0,0.5,0.21428571428571427,0,0.8275862068965518,0.8,0.2,0.14285714285714285,False,False,False,True,False,False,False,False,False,False,False,False,False,False,True
290,1,1.0,0.5285714285714286,1,0.5344827586206897,0.19999999999999996,0.6000000000000001,0.7142857142857143,False,True,False,False,False,False,False,False,False,False,False,False,False,False,True
291,0,0.5,0.4285714285714285,1,0.603448275862069,0.40000000000000013,0.6000000000000001,0.5714285714285714,False,False,True,False,False,False,False,False,False,False,False,False,False,True,False
292,1,1.0,0.3571428571428571,0,0.7241379310344829,0.6000000000000001,0.4,0.4285714285714285,False,False,False,False,False,False,False,False,True,False,False,False,False,False,True
293,0,0.5,0.757142857142857,1,0.2586206896551725,0.0,0.8,0.9999999999999999,False,False,False,False,False,False,True,False,False,False,False,False,False,True,False
294,1,1.0,0.48571428571428577,1,0.5000000000000002,0.40000000000000013,0.6000000000000001,0.7142857142857143,False,True,False,False,False,False,False,False,False,False,False,False,False,False,True
295,0,0.5,0.3857142857142857,0,0.6551724137931034,0.6000000000000001,0.4,0.4285714285714285,True,False,False,False,False,False,False,False,False,False,False,False,False,True,False
296,1,1.0,0.27142857142857135,0,0.7413793103448276,0.8,0.2,0.2857142857142857,False,True,False,False,False,False,False,False,False,False,False,False,False,False,True
297,0,0.5,0.19999999999999998,0,0.8448275862068966,0.8,0.2,0.14285714285714285,False,False,False,True,False,False,False,False,False,False,False,False,False,False,True
298,1,1.0,0.5142857142857141,1,0.5517241379310345,0.19999999999999996,0.6000000000000001,0.8571428571428571,False,False,False,False,False,False,True,False,False,False,False,False,False,True,False
299,0,0.5,0.41428571428571426,1,0.6206896551724139,0.40000000000000013,0.6000000000000001,0.5714285714285714,False,False,True,False,False,False,False,False,False,False,False,False,False,False,True
300,1,1.0,0.34285714285714275,0,0.7413793103448276,0.6000000000000001,0.4,0.4285714285714285,False,False,False,False,False,False,False,False,True,False,False,False,False,True,False
301,0,0.5,0.7714285714285715,1,0.24137931034482774,0.0,0.8,0.9999999999999999,False,True,False,False,False,False,False,False,False,False,False,False,False,False,True
302,1,1.0,0.4714285714285713,1,0.517241379310345,0.40000000000000013,0.6000000000000001,0.7142857142857143,True,False,False,False,False,False,False,False,False,False,False,False,False,True,False
303,0,0.5,0.37142857142857133,0,0.6724137931034484,0.6000000000000001,0.4,0.4285714285714285,False,True,False,False,False,False,False,False,False,False,False,False,False,False,True
304,1,1.0,0.2571428571428571,0,0.7586206896551724,0.8,0.2,0.2857142857142857,True,False,False,False,False,False,False,False,False,False,False,False,False,True,False
305,0,0.5,0.1857142857142857,0,0.8620689655172415,0.8,0.2,0.14285714285714285,False,False,False,True,False,False,False,False,False,False,False,False,False,False,True
306,1,1.0,0.4999999999999999,1,0.5689655172413794,0.19999999999999996,0.6000000000000001,0.7142857142857143,False,True,False,False,False,False,False,False,False,False,False,False,False,False,True
307,0,0.5,0.3999999999999999,1,0.6379310344827587,0.40000000000000013,0.6000000000000001,0.5714285714285714,False,False,True,False,False,False,False,False,False,False,False,False,False,True,False
308,1,1.0,0.3285714285714285,0,0.7586206896551724,0.6000000000000001,0.4,0.4285714285714285,False,False,False,False,False,False,False,False,True,False,False,False,False,False,True
309,0,0.5,0.7857142857142857,1,0.22413793103448276,0.0,0.8,0.9999999999999999,False,False,False,False,False,False,True,False,False,False,False,False,False,True,False
310,1,1.0,0.4571428571428571,1,0.5344827586206897,0.40000000000000013,0.6000000000000001,0.7142857142857143,False,True,False,False,False,False,False,False,False,False,False,False,False,False,True
311,0,0.5,0.3571428571428571,0,0.6896551724137931,0.6000000000000001,0.4,0.4285714285714285,True,False,False,False,False,False,False,False,False,False,False,False,False,True,False
312,1,1.0,0.24285714285714285,0,0.7758620689655176,0.8,0.2,0.2857142857142857,False,True,False,False,False,False,False,False,False,False,False,False,False,False,True
313,0,0.5,0.17142857142857146,0,0.8793103448275863,0.8,0.2,0.14285714285714285,False,False,False,True,False,False,False,False,False,False,False,False,False,False,True
314,1,1.0,0.48571428571428577,1,0.5862068965517242,0.19999999999999996,0.6000000000000001,0.8571428571428571,False,False,False,False,False,False,True,False,False,False,False,False,False,True,False
315,0,0.5,0.3857142857142857,1,0.6551724137931034,0.40000000000000013,0.6000000000000001,0.5714285714285714,False,False,True,False,False,False,False,False,False,False,False,False,False,False,True
316,1,1.0,0.3142857142857143,0,0.7758620689655176,0.6000000000000001,0.4,0.4285714285714285,False,False,False,False,False,False,False,False,True,False,False,False,False,True,False
317,0,0.5,0.7999999999999999,1,0.206896551724138,0.0,0.8,0.9999999999999999,False,True,False,False,False,False,False,False,False,False,False,False,False,False,True
318,1,1.0,0.4428571428571427,1,0.5517241379310345,0.40000000000000013,0.6000000000000001,0.7142857142857143,True,False,False,False,False,False,False,False,False,False,False,False,False,True,False
319,0,0.5,0.34285714285714275,0,0.7068965517241381,0.6000000000000001,0.4,0.4285714285714285,False,True,False,False,False,False,False,False,False,False,False,False,False,False,True
320,1,1.0,0.22857142857142856,0,0.7931034482758623,0.8,0.2,0.2857142857142857,True,False,False,False,False,False,False,False,False,False,False,False,False,True,False
321,0,0.5,0.5285714285714286,1,0.517241379310345,0.40000000000000013,0.6000000000000001,0.7142857142857143,False,True,False,False,False,False,False,False,False,False,False,False,False,False,True
322,1,1.0,0.37142857142857133,0,0.6896551724137931,0.8,0.4,0.2857142857142857,True,False,False,False,False,False,False,False,False,False,False,False,False,True,False
323,0,0.5,0.4999999999999999,1,0.5517241379310345,0.6000000000000001,0.6000000000000001,0.5714285714285714,False,True,False,False,False,False,False,False,False,False,False,False,False,False,True
324,1,1.0,0.6142857142857142,1,0.4655172413793105,0.19999999999999996,0.8,0.8571428571428571,False,False,False,False,False,False,False,False,False,False,True,False,False,True,False
325,0,0.5,0.3571428571428571,0,0.7068965517241381,0.8,0.4,0.2857142857142857,False,True,False,False,False,False,False,False,False,False,False,False,False,False,True
326,1,1.0,0.5714285714285714,1,0.5000000000000002,0.40000000000000013,0.6000000000000001,0.7142857142857143,False,True,False,False,False,False,False,False,False,False,False,False,False,False,True
327,0,0.5,0.757142857142857,1,0.2931034482758621,0.19999999999999996,0.8,0.9999999999999999,False,False,False,False,False,False,True,False,False,False,False,False,False,True,False
328,1,1.0,0.5857142857142856,1,0.48275862068965525,0.40000000000000013,0.6000000000000001,0.7142857142857143,False,False,False,False,False,False,False,False,False,False,True,False,False,False,True
329,0,0.5,0.4285714285714285,0,0.6379310344827587,0.6000000000000001,0.4,0.4285714285714285,False,True,False,False,False,False,False,False,False,False,False,False,False,True,False
330,1,1.0,0.5428571428571428,1,0.5344827586206897,0.40000000000000013,0.6000000000000001,0.7142857142857143,False,True,False,False,False,False,False,False,False,False,False,False,False,False,True
331,0,0.5,0.5142857142857141,1,0.5000000000000002,0.40000000000000013,0.6000000000000001,0.7142857142857143,False,False,False,False,False,False,True,False,False,False,False,False,False,False,True
332,1,1.0,0.34285714285714275,0,0.7068965517241381,0.8,0.4,0.2857142857142857,True,False,False,False,False,False,False,False,False,False,False,False,False,True,False
333,0,0.5,0.4714285714285713,1,0.5689655172413794,0.6000000000000001,0.6000000000000001,0.5714285714285714,False,True,False,False,False,False,False,False,False,False,False,False,False,False,True
334,1,1.0,0.6285714285714286,1,0.44827586206896575,0.19999999999999996,0.8,0.8571428571428571,False,False,False,False,False,False,False,False,False,False,True,False,False,True,False
335,0,0.5,0.3285714285714285,0,0.7241379310344829,0.8,0.4,0.2857142857142857,False,True,False,False,False,False,False,False,False,False,False,False,False,False,True
336,1,1.0,0.5571428571428572,1,0.517241379310345,0.40000000000000013,0.6000000000000001,0.7142857142857143,False,False,False,False,False,False,True,False,False,False,False,False,False,False,True
337,0,0.5,0.7714285714285715,1,0.27586206896551735,0.19999999999999996,0.8,0.9999999999999999,False,True,False,False,False,False,False,False,False,False,False,False,False,True,False
338,1,1.0,0.6,1,0.4655172413793105,0.40000000000000013,0.6000000000000001,0.7142857142857143,False,False,False,False,False,False,False,False,False,False,True,False,False,False,True
339,0,0.5,0.41428571428571426,0,0.6551724137931034,0.6000000000000001,0.4,0.4285714285714285,False,True,False,False,False,False,False,False,False,False,False,False,False,True,False
340,1,1.0,0.5285714285714286,1,0.5517241379310345,0.40000000000000013,0.6000000000000001,0.7142857142857143,False,False,False,False,False,False,True,False,False,False,False,False,False,False,True
341,0,0.5,0.4999999999999999,1,0.5344827586206897,0.40000000000000013,0.6000000000000001,0.7142857142857143,False,True,False,False,False,False,False,False,False,False,False,False,False,False,True
342,1,1.0,0.3285714285714285,0,0.7241379310344829,0.8,0.4,0.2857142857142857,True,False,False,False,False,False,False,False,False,False,False,False,False,True,False
343,0,0.5,0.4571428571428571,1,0.5862068965517242,0.6000000000000001,0.6000000000000001,0.5714285714285714,False,False,False,False,False,False,True,False,False,False,False,False,False,False,True
344,1,1.0,0.6428571428571428,1,0.4310344827586208,0.19999999999999996,0.8,0.8571428571428571,False,False,False,False,False,False,False,False,False,False,True,False,False,True,False
345,0,0.5,0.3142857142857143,0,0.7413793103448276,0.8,0.4,0.2857142857142857,False,True,False,False,False,False,False,False,False,False,False,False,False,False,True
346,1,1.0,0.5428571428571428,1,0.5344827586206897,0.40000000000000013,0.6000000000000001,0.7142857142857143,False,True,False,False,False,False,False,False,False,False,False,False,False,False,True
347,0,0.5,0.7857142857142857,1,0.2586206896551725,0.19999999999999996,0.8,0.9999999999999999,False,False,False,False,False,False,True,False,False,False,False,False,False,True,False
348,1,1.0,0.6142857142857142,1,0.44827586206896575,0.40000000000000013,0.6000000000000001,0.7142857142857143,False,False,False,False,False,False,False,False,False,False,True,False,False,False,True
349,0,0.5,0.3999999999999999,0,0.6724137931034484,0.6000000000000001,0.4,0.4285714285714285,False,True,False,False,False,False,False,False,False,False,False,False,False,True,False
350,1,1.0,0.5142857142857141,1,0.5689655172413794,0.40000000000000013,0.6000000000000001,0.7142857142857143,False,True,False,False,False,False,False,False,False,False,False,False,False,False,True
351,0,0.5,0.48571428571428577,1,0.5517241379310345,0.40000000000000013,0.6000000000000001,0.7142857142857143,False,False,False,False,False,False,True,False,False,False,False,False,False,False,True
352,1,1.0,0.3142857142857143,0,0.7413793103448276,0.8,0.4,0.2857142857142857,True,False,False,False,False,False,False,False,False,False,False,False,False,True,False
353,0,0.5,0.4428571428571427,1,0.603448275862069,0.6000000000000001,0.6000000000000001,0.5714285714285714,False,True,False,False,False,False,False,False,False,False,False,False,False,False,True
354,1,1.0,0.657142857142857,1,0.413793103448276,0.19999999999999996,0.8,0.8571428571428571,False,False,False,False,False,False,False,False,False,False,True,False,False,True,False
355,0,0.5,0.29999999999999993,0,0.7586206896551724,0.8,0.4,0.2857142857142857,False,True,False,False,False,False,False,False,False,False,False,False,False,False,True
356,1,1.0,0.5285714285714286,1,0.5517241379310345,0.40000000000000013,0.6000000000000001,0.7142857142857143,False,False,False,False,False,False,True,False,False,False,False,False,False,False,True
357,0,0.5,0.7999999999999999,1,0.24137931034482774,0.19999999999999996,0.8,0.9999999999999999,False,True,False,False,False,False,False,False,False,False,False,False,False,True,False
358,1,1.0,0.6285714285714286,1,0.4310344827586208,0.40000000000000013,0.6000000000000001,0.7142857142857143,False,False,False,False,False,False,False,False,False,False,True,False,False,False,True
359,0,0.5,0.3857142857142857,0,0.6896551724137931,0.6000000000000001,0.4,0.4285714285714285,False,True,False,False,False,False,False,False,False,False,False,False,False,True,False
360,1,1.0,0.4999999999999999,1,0.5862068965517242,0.40000000000000013,0.6000000000000001,0.7142857142857143,False,False,False,False,False,False,True,False,False,False,False,False,False,False,True
361,0,0.5,0.4714285714285713,1,0.5689655172413794,0.40000000000000013,0.6000000000000001,0.7142857142857143,False,True,False,False,False,False,False,False,False,False,False,False,False,False,True
362,1,1.0,0.29999999999999993,0,0.7586206896551724,0.8,0.4,0.2857142857142857,True,False,False,False,False,False,False,False,False,False,False,False,False,True,False
363,0,0.5,0.4285714285714285,1,0.6206896551724139,0.6000000000000001,0.6000000000000001,0.5714285714285714,False,False,False,False,False,False,True,False,False,False,False,False,False,False,True
364,1,1.0,0.6714285714285714,1,0.39655172413793105,0.19999999999999996,0.8,0.8571428571428571,False,False,False,False,False,False,False,False,False,False,True,False,False,True,False
365,0,0.5,0.2857142857142857,0,0.7758620689655176,0.8,0.4,0.2857142857142857,False,True,False,False,False,False,False,False,False,False,False,False,False,False,True
366,1,1.0,0.5142857142857141,1,0.5689655172413794,0.40000000000000013,0.6000000000000001,0.7142857142857143,False,True,False,False,False,False,False,False,False,False,False,False,False,False,True
367,0,0.5,0.8142857142857142,1,0.22413793103448276,0.19999999999999996,0.8,0.9999999999999999,False,False,False,False,False,False,True,False,False,False,False,False,False,True,False
368,1,1.0,0.6428571428571428,1,0.413793103448276,0.40000000000000013,0.6000000000000001,0.7142857142857143,False,False,False,False,False,False,False,False,False,False,True,False,False,False,True
369,0,0.5,0.37142857142857133,0,0.7068965517241381,0.6000000000000001,0.4,0.4285714285714285,False,True,False,False,False,False,False,False,False,False,False,False,False,True,False
370,1,1.0,0.48571428571428577,1,0.603448275862069,0.40000000000000013,0.6000000000000001,0.7142857142857143,False,True,False,False,False,False,False,False,False,False,False,False,False,False,True
371,0,0.5,0.4571428571428571,1,0.5862068965517242,0.40000000000000013,0.6000000000000001,0.7142857142857143,False,False,False,False,False,False,True,False,False,False,False,False,False,False,True
372,1,1.0,0.2857142857142857,0,0.7758620689655176,0.8,0.4,0.2857142857142857,True,False,False,False,False,False,False,False,False,False,False,False,False,True,False
373,0,0.5,0.41428571428571426,1,0.6379310344827587,0.6000000000000001,0.6000000000000001,0.5714285714285714,False,True,False,False,False,False,False,False,False,False,False,False,False,False,True
374,1,1.0,0.6857142857142856,1,0.3793103448275863,0.19999999999999996,0.8,0.8571428571428571,False,False,False,False,False,False,False,False,False,False,True,False,False,True,False
375,0,0.5,0.27142857142857135,0,0.7931034482758623,0.8,0.4,0.2857142857142857,False,True,False,False,False,False,False,False,False,False,False,False,False,False,True
376,1,1.0,0.4999999999999999,1,0.5862068965517242,0.40000000000000013,0.6000000000000001,0.7142857142857143,False,False,False,False,False,False,True,False,False,False,False,False,False,False,True
377,0,0.5,0.8285714285714284,1,0.206896551724138,0.19999999999999996,0.8,0.9999999999999999,False,True,False,False,False,False,False,False,False,False,False,False,False,True,False
378,1,1.0,0.657142857142857,1,0.39655172413793105,0.40000000000000013,0.6000000000000001,0.7142857142857143,False,False,False,False,False,False,False,False,False,False,True,False,False,False,True
379,0,0.5,0.3571428571428571,0,0.7241379310344829,0.6000000000000001,0.4,0.4285714285714285,False,True,False,False,False,False,False,False,False,False,False,False,False,True,False
380,1,1.0,0.4714285714285713,1,0.6206896551724139,0.40000000000000013,0.6000000000000001,0.7142857142857143,False,False,False,False,False,False,True,False,False,False,False,False,False,False,True
381,0,0.5,0.4428571428571427,1,0.603448275862069,0.40000000000000013,0.6000000000000001,0.7142857142857143,False,True,False,False,False,False,False,False,False,False,False,False,False,False,True
382,1,1.0,0.27142857142857135,0,0.7931034482758623,0.8,0.4,0.2857142857142857,True,False,False,False,False,False,False,False,False,False,False,False,False,True,False
383,0,0.5,0.3999999999999999,1,0.6551724137931034,0.6000000000000001,0.6000000000000001,0.5714285714285714,False,False,False,False,False,False,True,False,False,False,False,False,False,False,True
384,1,1.0,0.7,1,0.36206896551724155,0.19999999999999996,0.8,0.8571428571428571,False,False,False,False,False,False,False,False,False,False,True,False,False,True,False
385,0,0.5,0.2571428571428571,0,0.8103448275862071,0.8,0.4,0.2857142857142857,False,True,False,False,False,False,False,False,False,False,False,False,False,False,True
386,1,1.0,0.48571428571428577,1,0.603448275862069,0.40000000000000013,0.6000000000000001,0.7142857142857143,False,True,False,False,False,False,False,False,False,False,False,False,False,False,True
387,0,0.5,0.8428571428571429,1,0.18965517241379326,0.19999999999999996,0.8,0.9999999999999999,False,False,False,False,False,False,True,False,False,False,False,False,False,True,False
388,1,1.0,0.6714285714285714,1,0.3793103448275863,0.40000000000000013,0.6000000000000001,0.7142857142857143,False,False,False,False,False,False,False,False,False,False,True,False,False,False,True
389,0,0.5,0.34285714285714275,0,0.7413793103448276,0.6000000000000001,0.4,0.4285714285714285,False,True,False,False,False,False,False,False,False,False,False,False,False,True,False
390,1,1.0,0.4571428571428571,1,0.6379310344827587,0.40000000000000013,0.6000000000000001,0.7142857142857143,False,True,False,False,False,False,False,False,False,False,False,False,False,False,True
391,0,0.5,0.4285714285714285,1,0.6206896551724139,0.40000000000000013,0.6000000000000001,0.7142857142857143,False,False,False,False,False,False,True,False,False,False,False,False,False,False,True
392,1,1.0,0.2571428571428571,0,0.8103448275862071,0.8,0.4,0.2857142857142857,True,False,False,False,False,False,False,False,False,False,False,False,False,True,False
393,0,0.5,0.3857142857142857,1,0.6724137931034484,0.6000000000000001,0.6000000000000001,0.5714285714285714,False,True,False,False,False,False,False,False,False,False,False,False,False,False,True
394,1,1.0,0.7142857142857142,1,0.3448275862068966,0.19999999999999996,0.8,0.8571428571428571,False,False,False,False,False,False,False,False,False,False,True,False,False,True,False
395,0,0.5,0.24285714285714285,0,0.8275862068965518,0.8,0.4,0.2857142857142857,False,True,False,False,False,False,False,False,False,False,False,False,False,False,True
396,1,1.0,0.4714285714285713,1,0.6206896551724139,0.40000000000000013,0.6000000000000001,0.7142857142857143,False,False,False,False,False,False,True,False,False,False,False,False,False,False,True
397,0,0.5,0.8571428571428571,1,0.1724137931034483,0.19999999999999996,0.8,0.9999999999999999,False,True,False,False,False,False,False,False,False,False,False,False,False,True,False
398,1,1.0,0.6857142857142856,1,0.36206896551724155,0.40000000000000013,0.6000000000000001,0.7142857142857143,False,False,False,False,False,False,False,False,False,False,True,False,False,False,True
399,0,0.5,0.3285714285714285,0,0.7586206896551724,0.6000000000000001,0.4,0.4285714285714285,False,True,False,False,False,False,False,False,False,False,False,False,False,True,False
400,1,1.0,0.4428571428571427,1,0.6551724137931034,0.40000000000000013,0.6000000000000001,0.7142857142857143,False,False,False,False,False,False,True,False,False,False,False,False,False,False,True
401,0,0.5,0.41428571428571426,1,0.6379310344827587,0.40000000000000013,0.6000000000000001,0.7142857142857143,False,True,False,False,False,False,False,False,False,False,False,False,False,False,True
402,1,1.0,0.24285714285714285,0,0.8275862068965518,0.8,0.4,0.2857142857142857,True,False,False,False,False,False,False,False,False,False,False,False,False,True,False
403,0,0.5,0.37142857142857133,1,0.6896551724137931,0.6000000000000001,0.6000000000000001,0.5714285714285714,False,False,False,False,False,False,True,False,False,False,False,False,False,False,True
404,1,1.0,0.7285714285714284,1,0.3275862068965518,0.19999999999999996,0.8,0.8571428571428571,False,False,False,False,False,False,False,False,False,False,True,False,False,True,False
405,0,0.5,0.22857142857142856,0,0.8448275862068966,0.8,0.4,0.2857142857142857,False,True,False,False,False,False,False,False,False,False,False,False,False,False,True
406,1,1.0,0.4571428571428571,1,0.6379310344827587,0.40000000000000013,0.6000000000000001,0.7142857142857143,False,True,False,False,False,False,False,False,False,False,False,False,False,False,True
407,0,0.5,0.8714285714285713,1,0.15517241379310354,0.19999999999999996,0.8,0.9999999999999999,False,False,False,False,False,False,True,False,False,False,False,False,False,True,False
408,1,1.0,0.7,1,0.3448275862068966,0.40000000000000013,0.6000000000000001,0.7142857142857143,False,False,False,False,False,False,False,False,False,False,True,False,False,False,True
409,0,0.5,0.3142857142857143,0,0.7758620689655176,0.6000000000000001,0.4,0.4285714285714285,False,True,False,False,False,False,False,False,False,False,False,False,False,True,False
410,1,1.0,0.4285714285714285,1,0.6724137931034484,0.40000000000000013,0.6000000000000001,0.7142857142857143,False,True,False,False,False,False,False,False,False,False,False,False,False,False,True
411,0,0.5,0.3999999999999999,1,0.6551724137931034,0.40000000000000013,0.6000000000000001,0.7142857142857143,False,False,False,False,False,False,True,False,False,False,False,False,False,False,True
412,1,1.0,0.22857142857142856,0,0.8448275862068966,0.8,0.4,0.2857142857142857,True,False,False,False,False,False,False,False,False,False,False,False,False,True,False
413,0,0.5,0.3571428571428571,1,0.7068965517241381,0.6000000000000001,0.6000000000000001,0.5714285714285714,False,True,False,False,False,False,False,False,False,False,False,False,False,False,True
414,1,1.0,0.7428571428571428,1,0.31034482758620696,0.19999999999999996,0.8,0.8571428571428571,False,False,False,False,False,False,False,False,False,False,True,False,False,True,False
415,0,0.5,0.21428571428571427,0,0.8620689655172415,0.8,0.4,0.2857142857142857,False,True,False,False,False,False,False,False,False,False,False,False,False,False,True
416,1,1.0,0.4428571428571427,1,0.6551724137931034,0.40000000000000013,0.6000000000000001,0.7142857142857143,False,False,False,False,False,False,True,False,False,False,False,False,False,False,True
417,0,0.5,0.8857142857142856,1,0.13793103448275867,0.19999999999999996,0.8,0.9999999999999999,False,True,False,False,False,False,False,False,False,False,False,False,False,True,False
418,1,1.0,0.7142857142857142,1,0.3275862068965518,0.40000000000000013,0.6000000000000001,0.7142857142857143,False,False,False,False,False,False,False,False,False,False,True,False,False,False,True
419,0,0.5,0.29999999999999993,0,0.7931034482758623,0.6000000000000001,0.4,0.4285714285714285,False,True,False,False,False,False,False,False,False,False,False,False,False,True,False
420,1,1.0,0.41428571428571426,1,0.6896551724137931,0.40000000000000013,0.6000000000000001,0.7142857142857143,False,False,False,False,False,False,True,False,False,False,False,False,False,False,True
421,0,0.5,0.3857142857142857,1,0.6724137931034484,0.40000000000000013,0.6000000000000001,0.7142857142857143,False,True,False,False,False,False,False,False,False,False,False,False,False,False,True
422,1,1.0,0.21428571428571427,0,0.8620689655172415,0.8,0.4,0.2857142857142857,True,False,False,False,False,False,False,False,False,False,False,False,False,True,False
423,0,0.5,0.34285714285714275,1,0.7241379310344829,0.6000000000000001,0.6000000000000001,0.5714285714285714,False,False,False,False,False,False,True,False,False,False,False,False,False,False,True
424,1,1.0,0.757142857142857,1,0.2931034482758621,0.19999999999999996,0.8,0.8571428571428571,False,False,False,False,False,False,False,False,False,False,True,False,False,True,False
425,0,0.5,0.19999999999999998,0,0.8793103448275863,0.8,0.4,0.2857142857142857,False,True,False,False,False,False,False,False,False,False,False,False,False,False,True
426,1,1.0,0.4285714285714285,1,0.6724137931034484,0.40000000000000013,0.6000000000000001,0.7142857142857143,False,True,False,False,False,False,False,False,False,False,False,False,False,False,True
427,0,0.5,0.8999999999999998,1,0.12068965517241392,0.19999999999999996,0.8,0.9999999999999999,False,False,False,False,False,False,True,False,False,False,False,False,False,True,False
428,1,1.0,0.7285714285714284,1,0.31034482758620696,0.40000000000000013,0.6000000000000001,0.7142857142857143,False,False,False,False,False,False,False,False,False,False,True,False,False,False,True
429,0,0.5,0.2857142857142857,0,0.8103448275862071,0.6000000000000001,0.4,0.4285714285714285,False,True,False,False,False,False,False,False,False,False,False,False,False,True,False
430,1,1.0,0.3999999999999999,1,0.7068965517241381,0.40000000000000013,0.6000000000000001,0.7142857142857143,False,True,False,False,False,False,False,False,False,False,False,False,False,False,True
431,0,0.5,0.37142857142857133,1,0.6896551724137931,0.40000000000000013,0.6000000000000001,0.7142857142857143,False,False,False,False,False,False,True,False,False,False,False,False,False,False,True
432,1,1.0,0.19999999999999998,0,0.8793103448275863,0.8,0.4,0.2857142857142857,True,False,False,False,False,False,False,False,False,False,False,False,False,True,False
433,0,0.5,0.3285714285714285,1,0.7413793103448276,0.6000000000000001,0.6000000000000001,0.5714285714285714,False,True,False,False,False,False,False,False,False,False,False,False,False,False,True
434,1,1.0,0.7714285714285715,1,0.27586206896551735,0.19999999999999996,0.8,0.8571428571428571,False,False,False,False,False,False,False,False,False,False,True,False,False,True,False
435,0,0.5,0.1857142857142857,0,0.8965517241379313,0.8,0.4,0.2857142857142857,False,True,False,False,False,False,False,False,False,False,False,False,False,False,True
436,1,1.0,0.41428571428571426,1,0.6896551724137931,0.40000000000000013,0.6000000000000001,0.7142857142857143,False,False,False,False,False,False,True,False,False,False,False,False,False,False,True
437,0,0.5,0.9142857142857143,1,0.10344827586206906,0.19999999999999996,0.8,0.9999999999999999,False,True,False,False,False,False,False,False,False,False,False,False,False,True,False
438,1,1.0,0.7428571428571428,1,0.2931034482758621,0.40000000000000013,0.6000000000000001,0.7142857142857143,False,False,False,False,False,False,False,False,False,False,True,False,False,False,True
439,0,0.5,0.27142857142857135,0,0.8275862068965518,0.6000000000000001,0.4,0.4285714285714285,False,True,False,False,False,False,False,False,False,False,False,False,False,True,False
440,1,1.0,0.3857142857142857,1,0.7241379310344829,0.40000000000000013,0.6000000000000001,0.7142857142857143,False,False,False,False,False,False,True,False,False,False,False,False,False,False,True
441,0,0.5,0.3571428571428571,1,0.7068965517241381,0.40000000000000013,0.6000000000000001,0.7142857142857143,False,True,False,False,False,False,False,False,False,False,False,False,False,False,True
442,1,1.0,0.1857142857142857,0,0.8965517241379313,0.8,0.4,0.2857142857142857,True,False,False,False,False,False,False,False,False,False,False,False,False,True,False
443,0,0.5,0.3142857142857143,1,0.7586206896551724,0.6000000000000001,0.6000000000000001,0.5714285714285714,False,False,False,False,False,False,True,False,False,False,False,False,False,False,True
444,1,1.0,0.7857142857142857,1,0.2586206896551725,0.19999999999999996,0.8,0.8571428571428571,False,False,False,False,False,False,False,False,False,False,True,False,False,True,False
445,0,0.5,0.17142857142857146,0,0.913793103448276,0.8,0.4,0.2857142857142857,False,True,False,False,False,False,False,False,False,False,False,False,False,False,True
446,1,1.0,0.3999999999999999,1,0.7068965517241381,0.40000000000000013,0.6000000000000001,0.7142857142857143,False,True,False,False,False,False,False,False,False,False,False,False,False,False,True
447,0,0.5,0.9285714285714285,1,0.0862068965517242,0.19999999999999996,0.8,0.9999999999999999,False,False,False,False,False,False,True,False,False,False,False,False,False,True,False
448,1,1.0,0.757142857142857,1,0.27586206896551735,0.40000000000000013,0.6000000000000001,0.7142857142857143,False,False,False,False,False,False,False,False,False,False,True,False,False,False,True
449,0,0.5,0.2571428571428571,0,0.8448275862068966,0.6000000000000001,0.4,0.4285714285714285,False,True,False,False,False,False,False,False,False,False,False,False,False,True,False
450,1,1.0,0.37142857142857133,1,0.7413793103448276,0.40000000000000013,0.6000000000000001,0.7142857142857143,False,True,False,False,False,False,False,False,False,False,False,False,False,False,True
451,0,0.5,0.34285714285714275,1,0.7241379310344829,0.40000000000000013,0.6000000000000001,0.7142857142857143,False,False,False,False,False,False,True,False,False,False,False,False,False,False,True
452,1,1.0,0.17142857142857146,0,0.913793103448276,0.8,0.4,0.2857142857142857,True,False,False,False,False,False,False,False,False,False,False,False,False,True,False
453,0,0.5,0.29999999999999993,1,0.7758620689655176,0.6000000000000001,0.6000000000000001,0.5714285714285714,False,True,False,False,False,False,False,False,False,False,False,False,False,False,True
454,1,1.0,0.7999999999999999,1,0.24137931034482774,0.19999999999999996,0.8,0.8571428571428571,False,False,False,False,False,False,False,False,False,False,True,False,False,True,False
455,0,0.5,0.15714285714285717,0,0.9310344827586208,0.8,0.4,0.2857142857142857,False,True,False,False,False,False,False,False,False,False,False,False,False,False,True
456,1,1.0,0.3857142857142857,1,0.7241379310344829,0.40000000000000013,0.6000000000000001,0.7142857142857143,False,False,False,False,False,False,True,False,False,False,False,False,False,False,True
457,0,0.5,0.9428571428571427,1,0.06896551724137945,0.19999999999999996,0.8,0.9999999999999999,False,True,False,False,False,False,False,False,False,False,False,False,False,True,False
458,1,1.0,0.7714285714285715,1,0.2586206896551725,0.40000000000000013,0.6000000000000001,0.7142857142857143,False,False,False,False,False,False,False,False,False,False,True,False,False,False,True
459,0,0.5,0.24285714285714285,0,0.8620689655172415,0.6000000000000001,0.4,0.4285714285714285,False,True,False,False,False,False,False,False,False,False,False,False,False,True,False
460,1,1.0,0.3571428571428571,1,0.7586206896551724,0.40000000000000013,0.6000000000000001,0.7142857142857143,False,False,False,False,False,False,True,False,False,False,False,False,False,False,True
461,0,0.5,0.3285714285714285,1,0.7413793103448276,0.40000000000000013,0.6000000000000001,0.7142857142857143,False,True,False,False,False,False,False,False,False,False,False,False,False,False,True
462,1,1.0,0.15714285714285717,0,0.9310344827586208,0.8,0.4,0.2857142857142857,True,False,False,False,False,False,False,False,False,False,False,False,False,True,False
463,0,0.5,0.2857142857142857,1,0.7931034482758623,0.6000000000000001,0.6000000000000001,0.5714285714285714,False,False,False,False,False,False,True,False,False,False,False,False,False,False,True
464,1,1.0,0.8142857142857142,1,0.22413793103448276,0.19999999999999996,0.8,0.8571428571428571,False,False,False,False,False,False,False,False,False,False,True,False,False,True,False
465,0,0.5,0.14285714285714282,0,0.9482758620689657,0.8,0.4,0.2857142857142857,False,True,False,False,False,False,False,False,False,False,False,False,False,False,True
466,1,1.0,0.37142857142857133,1,0.7413793103448276,0.40000000000000013,0.6000000000000001,0.7142857142857143,False,True,False,False,False,False,False,False,False,False,False,False,False,False,True
467,0,0.5,0.957142857142857,1,0.051724137931034475,0.19999999999999996,0.8,0.9999999999999999,False,False,False,False,False,False,True,False,False,False,False,False,False,True,False
468,1,1.0,0.7857142857142857,1,0.24137931034482774,0.40000000000000013,0.6000000000000001,0.7142857142857143,False,False,False,False,False,False,False,False,False,False,True,False,False,False,True
469,0,0.5,0.22857142857142856,0,0.8793103448275863,0.6000000000000001,0.4,0.4285714285714285,False,True,False,False,False,False,False,False,False,False,False,False,False,True,False
470,1,1.0,0.34285714285714275,1,0.7758620689655176,0.40000000000000013,0.6000000000000001,0.7142857142857143,False,True,False,False,False,False,False,False,False,False,False,False,False,False,True
471,0,0.5,0.3142857142857143,1,0.7586206896551724,0.40000000000000013,0.6000000000000001,0.7142857142857143,False,False,False,False,False,False,True,False,False,False,False,False,False,False,True
472,1,1.0,0.14285714285714282,0,0.9482758620689657,0.8,0.4,0.2857142857142857,True,False,False,False,False,False,False,False,False,False,False,False,False,True,False
473,0,0.5,0.27142857142857135,1,0.8103448275862071,0.6000000000000001,0.6000000000000001,0.5714285714285714,False,True,False,False,False,False,False,False,False,False,False,False,False,False,True
474,1,1.0,0.8285714285714284,1,0.206896551724138,0.19999999999999996,0.8,0.8571428571428571,False,False,False,False,False,False,False,False,False,False,True,False,False,True,False
475,0,0.5,0.12857142857142853,0,0.9655172413793105,0.8,0.4,0.2857142857142857,False,True,False,False,False,False,False,False,False,False,False,False,False,False,True
476,1,1.0,0.3571428571428571,1,0.7586206896551724,0.40000000000000013,0.6000000000000001,0.7142857142857143,False,False,False,False,False,False,True,False,False,False,False,False,False,False,True
477,0,0.5,0.9714285714285714,1,0.034482758620689724,0.19999999999999996,0.8,0.9999999999999999,False,True,False,False,False,False,False,False,False,False,False,False,False,True,False
478,1,1.0,0.7999999999999999,1,0.22413793103448276,0.40000000000000013,0.6000000000000001,0.7142857142857143,False,False,False,False,False,False,False,False,False,False,True,False,False,False,True
479,0,0.5,0.21428571428571427,0,0.8965517241379313,0.6000000000000001,0.4,0.4285714285714285,False,True,False,False,False,False,False,False,False,False,False,False,False,True,False
480,1,1.0,0.3285714285714285,1,0.7931034482758623,0.40000000000000013,0.6000000000000001,0.7142857142857143,False,False,False,False,False,False,True,False,False,False,False,False,False,False,True
481,0,0.5,0.29999999999999993,1,0.7758620689655176,0.40000000000000013,0.6000000000000001,0.7142857142857143,False,True,False,False,False,False,False,False,False,False,False,False,False,False,True
482,1,1.0,0.12857142857142853,0,0.9655172413793105,0.8,0.4,0.2857142857142857,True,False,False,False,False,False,False,False,False,False,False,False,False,True,False
483,0,0.5,0.2571428571428571,1,0.8275862068965518,0.6000000000000001,0.6000000000000001,0.5714285714285714,False,False,False,False,False,False,True,False,False,False,False,False,False,False,True
484,1,1.0,0.8428571428571429,1,0.18965517241379326,0.19999999999999996,0.8,0.8571428571428571,False,False,False,False,False,False,False,False,False,False,True,False,False,True,False
485,0,0.5,0.11428571428571424,0,0.9827586206896552,0.8,0.4,0.2857142857142857,False,True,False,False,False,False,False,False,False,False,False,False,False,False,True
486,1,1.0,0.34285714285714275,1,0.7758620689655176,0.40000000000000013,0.6000000000000001,0.7142857142857143,False,True,False,False,False,False,False,False,False,False,False,False,False,False,True
487,0,0.5,0.9857142857142857,1,0.017241379310344862,0.19999999999999996,0.8,0.9999999999999999,False,False,False,False,False,False,True,False,False,False,False,False,False,True,False
488,1,1.0,0.8142857142857142,1,0.206896551724138,0.40000000000000013,0.6000000000000001,0.7142857142857143,False,False,False,False,False,False,False,False,False,False,True,False,False,False,True
489,0,0.5,0.19999999999999998,0,0.913793103448276,0.6000000000000001,0.4,0.4285714285714285,False,True,False,False,False,False,False,False,False,False,False,False,False,True,False
490,1,1.0,0.3142857142857143,1,0.8103448275862071,0.40000000000000013,0.6000000000000001,0.7142857142857143,False,True,False,False,False,False,False,False,False,False,False,False,False,False,True
491,0,0.5,0.2857142857142857,1,0.7931034482758623,0.40000000000000013,0.6000000000000001,0.7142857142857143,False,False,False,False,False,False,True,False,False,False,False,False,False,False,True
492,1,1.0,0.11428571428571424,0,0.9827586206896552,0.8,0.4,0.2857142857142857,True,False,False,False,False,False,False,False,False,False,False,False,False,True,False
493,0,0.5,0.24285714285714285,1,0.8448275862068966,0.6000000000000001,0.6000000000000001,0.5714285714285714,False,True,False,False,False,False,False,False,False,False,False,False,False,False,True
494,1,1.0,0.8571428571428571,1,0.1724137931034483,0.19999999999999996,0.8,0.8571428571428571,False,False,False,False,False,False,False,False,False,False,True,False,False,True,False
495,0,0.5,0.1,0,1.0,0.8,0.4,0.2857142857142857,False,True,False,False,False,False,False,False,False,False,False,False,False,False,True
496,1,1.0,0.3285714285714285,1,0.7931034482758623,0.40000000000000013,0.6000000000000001,0.7142857142857143,False,False,False,False,False,False,True,False,False,False,False,False,False,False,True
497,0,0.5,0.9999999999999999,1,0.0,0.19999999999999996,0.8,0.9999999999999999,False,True,False,False,False,False,False,False,False,False,False,False,False,True,False
498,1,1.0,0.8285714285714284,1,0.18965517241379326,0.40000000000000013,0.6000000000000001,0.7142857142857143,False,False,False,False,False,False,False,False,False,False,True,False,False,False,True
499,0,0.5,0.1857142857142857,0,0.9310344827586208,0.6000000000000001,0.4,0.4285714285714285,False,True,False,False,False,False,False,False,False,False,False,False,False,True,False
500,1,1.0,0.29999999999999993,1,0.8275862068965518,0.40000000000000013,0.6000000000000001,0.7142857142857143,False,False,False,False,False,False,True,False,False,False,False,False,False,False,True
501,0,0.5,0.6714285714285714,1,0.4310344827586208,0.40000000000000013,0.6000000000000001,0.7142857142857143,False,False,False,False,False,False,False,False,False,False,True,False,False,False,True
502,1,1.0,0.4285714285714285,0,0.6896551724137931,0.6000000000000001,0.4,0.4285714285714285,False,False,False,False,False,False,False,False,False,True,False,False,False,True,False
503,0,0.5,0.3285714285714285,0,0.7586206896551724,0.8,0.4,0.2857142857142857,False,True,False,False,False,False,False,False,False,False,False,False,False,False,True
504,1,1.0,0.4571428571428571,1,0.6379310344827587,0.6000000000000001,0.6000000000000001,0.5714285714285714,False,True,False,False,False,False,False,False,False,False,False,False,False,True,False
505,0,0.5,0.5142857142857141,1,0.5517241379310345,0.40000000000000013,0.6000000000000001,0.7142857142857143,False,False,False,False,False,False,True,False,False,False,False,False,False,False,True
506,1,1.0,0.5714285714285714,1,0.517241379310345,0.40000000000000013,0.6000000000000001,0.7142857142857143,False,False,False,False,False,False,False,False,False,False,True,False,False,False,True
507,0,0.5,0.7142857142857142,1,0.4655172413793105,0.19999999999999996,0.8,0.8571428571428571,False,True,False,False,False,False,False,False,False,False,False,False,False,True,False
508,1,1.0,0.3857142857142857,0,0.7068965517241381,0.6000000000000001,0.4,0.4285714285714285,True,False,False,False,False,False,False,False,False,False,False,False,False,False,True
509,0,0.5,0.757142857142857,1,0.3793103448275863,0.19999999999999996,0.8,0.8571428571428571,False,False,False,False,False,False,False,False,False,False,True,False,False,True,False
510,1,1.0,0.4714285714285713,1,0.6206896551724139,0.6000000000000001,0.6000000000000001,0.5714285714285714,False,True,False,False,False,False,False,False,False,False,False,False,False,False,True
511,0,0.5,0.657142857142857,1,0.44827586206896575,0.40000000000000013,0.6000000000000001,0.7142857142857143,False,True,False,False,False,False,False,False,False,False,False,False,False,False,True
512,1,1.0,0.41428571428571426,0,0.7068965517241381,0.6000000000000001,0.4,0.4285714285714285,False,False,False,False,False,False,False,False,False,True,False,False,False,True,False
513,0,0.5,0.3142857142857143,0,0.7758620689655176,0.8,0.4,0.2857142857142857,False,False,False,False,False,False,True,False,False,False,False,False,False,False,True
514,1,1.0,0.4428571428571427,1,0.6551724137931034,0.6000000000000001,0.6000000000000001,0.5714285714285714,False,True,False,False,False,False,False,False,False,False,False,False,False,True,False
515,0,0.5,0.5285714285714286,1,0.5344827586206897,0.40000000000000013,0.6000000000000001,0.7142857142857143,False,False,False,False,False,False,True,False,False,False,False,False,False,False,True
516,1,1.0,0.5857142857142856,1,0.5000000000000002,0.40000000000000013,0.6000000000000001,0.7142857142857143,False,False,False,False,False,False,False,False,False,False,True,False,False,False,True
517,0,0.5,0.7285714285714284,1,0.44827586206896575,0.19999999999999996,0.8,0.8571428571428571,False,True,False,False,False,False,False,False,False,False,False,False,False,True,False
518,1,1.0,0.37142857142857133,0,0.7241379310344829,0.6000000000000001,0.4,0.4285714285714285,True,False,False,False,False,False,False,False,False,False,False,False,False,False,True
519,0,0.5,0.7714285714285715,1,0.36206896551724155,0.19999999999999996,0.8,0.8571428571428571,False,False,False,False,False,False,False,False,False,False,True,False,False,True,False
520,1,1.0,0.4571428571428571,1,0.6379310344827587,0.6000000000000001,0.6000000000000001,0.5714285714285714,False,False,False,False,False,False,True,False,False,False,False,False,False,False,True
521,0,0.5,0.6428571428571428,1,0.4655172413793105,0.40000000000000013,0.6000000000000001,0.7142857142857143,False,False,False,False,False,False,False,False,False,False,True,False,False,False,True
522,1,1.0,0.3999999999999999,0,0.7241379310344829,0.6000000000000001,0.4,0.4285714285714285,False,False,False,False,False,False,False,False,False,True,False,False,False,True,False
523,0,0.5,0.29999999999999993,0,0.7931034482758623,0.8,0.4,0.2857142857142857,False,True,False,False,False,False,False,False,False,False,False,False,False,False,True
524,1,1.0,0.4285714285714285,1,0.6724137931034484,0.6000000000000001,0.6000000000000001,0.5714285714285714,True,False,False,False,False,False,False,False,False,False,False,False,False,True,False
525,0,0.5,0.5428571428571428,1,0.517241379310345,0.40000000000000013,0.6000000000000001,0.7142857142857143,False,False,False,False,False,False,True,False,False,False,False,False,False,False,True
526,1,1.0,0.6,1,0.48275862068965525,0.40000000000000013,0.6000000000000001,0.7142857142857143,False,False,False,False,False,False,False,False,False,False,True,False,False,False,True
527,0,0.5,0.7428571428571428,1,0.4310344827586208,0.19999999999999996,0.8,0.8571428571428571,False,True,False,False,False,False,False,False,False,False,False,False,False,True,False
528,1,1.0,0.3571428571428571,0,0.7413793103448276,0.6000000000000001,0.4,0.4285714285714285,True,False,False,False,False,False,False,False,False,False,False,False,False,False,True
529,0,0.5,0.7857142857142857,1,0.3448275862068966,0.19999999999999996,0.8,0.8571428571428571,False,False,False,False,False,False,False,False,False,False,True,False,False,True,False
530,1,1.0,0.4428571428571427,1,0.6551724137931034,0.6000000000000001,0.6000000000000001,0.5714285714285714,False,True,False,False,False,False,False,False,False,False,False,False,False,False,True
531,0,0.5,0.6285714285714286,1,0.48275862068965525,0.40000000000000013,0.6000000000000001,0.7142857142857143,False,False,False,False,False,False,True,False,False,False,False,False,False,False,True
532,1,1.0,0.3857142857142857,0,0.7413793103448276,0.6000000000000001,0.4,0.4285714285714285,False,False,False,False,False,False,False,False,False,True,False,False,False,True,False
533,0,0.5,0.2857142857142857,0,0.8103448275862071,0.8,0.4,0.2857142857142857,False,True,False,False,False,False,False,False,False,False,False,False,False,False,True
534,1,1.0,0.41428571428571426,1,0.6896551724137931,0.6000000000000001,0.6000000000000001,0.5714285714285714,True,False,False,False,False,False,False,False,False,False,False,False,False,True,False
535,0,0.5,0.5571428571428572,1,0.5000000000000002,0.40000000000000013,0.6000000000000001,0.7142857142857143,False,False,False,False,False,False,True,False,False,False,False,False,False,False,True
536,1,1.0,0.6142857142857142,1,0.4655172413793105,0.40000000000000013,0.6000000000000001,0.7142857142857143,False,False,False,False,False,False,False,False,False,False,True,False,False,False,True
537,0,0.5,0.757142857142857,1,0.413793103448276,0.19999999999999996,0.8,0.8571428571428571,False,True,False,False,False,False,False,False,False,False,False,False,False,True,False
538,1,1.0,0.34285714285714275,0,0.7586206896551724,0.6000000000000001,0.4,0.4285714285714285,True,False,False,False,False,False,False,False,False,False,False,False,False,False,True
539,0,0.5,0.7999999999999999,1,0.3275862068965518,0.19999999999999996,0.8,0.8571428571428571,False,False,False,False,False,False,False,False,False,False,True,False,False,True,False
540,1,1.0,0.4285714285714285,1,0.6724137931034484,0.6000000000000001,0.6000000000000001,0.5714285714285714,False,False,False,False,False,False,True,False,False,False,False,False,False,False,True
541,0,0.5,0.6142857142857142,1,0.5000000000000002,0.40000000000000013,0.6000000000000001,0.7142857142857143,False,False,False,False,False,False,False,False,False,False,True,False,False,False,True
542,1,1.0,0.37142857142857133,0,0.7586206896551724,0.6000000000000001,0.4,0.4285714285714285,False,False,False,False,False,False,False,False,False,True,False,False,False,True,False
543,0,0.5,0.27142857142857135,0,0.8275862068965518,0.8,0.4,0.2857142857142857,False,True,False,False,False,False,False,False,False,False,False,False,False,False,True
544,1,1.0,0.3999999999999999,1,0.7068965517241381,0.6000000000000001,0.6000000000000001,0.5714285714285714,False,True,False,False,False,False,False,False,False,False,False,False,False,True,False
545,0,0.5,0.5714285714285714,1,0.48275862068965525,0.40000000000000013,0.6000000000000001,0.7142857142857143,False,False,False,False,False,False,True,False,False,False,False,False,False,False,True
546,1,1.0,0.6285714285714286,1,0.44827586206896575,0.40000000000000013,0.6000000000000001,0.7142857142857143,False,False,False,False,False,False,False,False,False,False,True,False,False,False,True
547,0,0.5,0.7714285714285715,1,0.39655172413793105,0.19999999999999996,0.8,0.8571428571428571,False,True,False,False,False,False,False,False,False,False,False,False,False,True,False
548,1,1.0,0.3285714285714285,0,0.7758620689655176,0.6000000000000001,0.4,0.4285714285714285,True,False,False,False,False,False,False,False,False,False,False,False,False,False,True
549,0,0.5,0.8142857142857142,1,0.31034482758620696,0.19999999999999996,0.8,0.8571428571428571,False,False,False,False,False,False,False,False,False,False,True,False,False,True,False
550,1,1.0,0.41428571428571426,1,0.6896551724137931,0.6000000000000001,0.6000000000000001,0.5714285714285714,False,True,False,False,False,False,False,False,False,False,False,False,False,False,True
551,0,0.5,0.6,1,0.517241379310345,0.40000000000000013,0.6000000000000001,0.7142857142857143,False,False,False,False,False,False,True,False,False,False,False,False,False,False,True
552,1,1.0,0.3571428571428571,0,0.7758620689655176,0.6000000000000001,0.4,0.4285714285714285,False,False,False,False,False,False,False,False,False,True,False,False,False,True,False
553,0,0.5,0.2571428571428571,0,0.8448275862068966,0.8,0.4,0.2857142857142857,False,True,False,False,False,False,False,False,False,False,False,False,False,False,True
554,1,1.0,0.3857142857142857,1,0.7241379310344829,0.6000000000000001,0.6000000000000001,0.5714285714285714,True,False,False,False,False,False,False,False,False,False,False,False,False,True,False
555,0,0.5,0.5857142857142856,1,0.4655172413793105,0.40000000000000013,0.6000000000000001,0.7142857142857143,False,False,False,False,False,False,True,False,False,False,False,False,False,False,True
556,1,1.0,0.6428571428571428,1,0.4310344827586208,0.40000000000000013,0.6000000000000001,0.7142857142857143,False,False,False,False,False,False,False,False,False,False,True,False,False,False,True
557,0,0.5,0.7857142857142857,1,0.3793103448275863,0.19999999999999996,0.8,0.8571428571428571,False,True,False,False,False,False,False,False,False,False,False,False,False,True,False
558,1,1.0,0.3142857142857143,0,0.7931034482758623,0.6000000000000001,0.4,0.4285714285714285,True,False,False,False,False,False,False,False,False,False,False,False,False,False,True
559,0,0.5,0.8285714285714284,1,0.2931034482758621,0.19999999999999996,0.8,0.8571428571428571,False,False,False,False,False,False,False,False,False,False,True,False,False,True,False
560,1,1.0,0.3999999999999999,1,0.7068965517241381,0.6000000000000001,0.6000000000000001,0.5714285714285714,False,False,False,False,False,False,True,False,False,False,False,False,False,False,True
561,0,0.5,0.5857142857142856,1,0.5344827586206897,0.40000000000000013,0.6000000000000001,0.7142857142857143,False,False,False,False,False,False,False,False,False,False,True,False,False,False,True
562,1,1.0,0.34285714285714275,0,0.7931034482758623,0.6000000000000001,0.4,0.4285714285714285,False,False,False,False,False,False,False,False,False,True,False,False,False,True,False
563,0,0.5,0.24285714285714285,0,0.8620689655172415,0.8,0.4,0.2857142857142857,False,True,False,False,False,False,False,False,False,False,False,False,False,False,True
564,1,1.0,0.37142857142857133,1,0.7413793103448276,0.6000000000000001,0.6000000000000001,0.5714285714285714,False,True,False,False,False,False,False,False,False,False,False,False,False,True,False
565,0,0.5,0.6,1,0.44827586206896575,0.40000000000000013,0.6000000000000001,0.7142857142857143,False,False,False,False,False,False,True,False,False,False,False,False,False,False,True
566,1,1.0,0.657142857142857,1,0.413793103448276,0.40000000000000013,0.6000000000000001,0.7142857142857143,False,False,False,False,False,False,False,False,False,False,True,False,False,False,True
567,0,0.5,0.7999999999999999,1,0.36206896551724155,0.19999999999999996,0.8,0.8571428571428571,False,True,False,False,False,False,False,False,False,False,False,False,False,True,False
568,1,1.0,0.29999999999999993,0,0.8103448275862071,0.6000000000000001,0.4,0.4285714285714285,True,False,False,False,False,False,False,False,False,False,False,False,False,False,True
569,0,0.5,0.8428571428571429,1,0.27586206896551735,0.19999999999999996,0.8,0.8571428571428571,False,False,False,False,False,False,False,False,False,False,True,False,False,True,False
570,1,1.0,0.3857142857142857,1,0.7241379310344829,0.6000000000000001,0.6000000000000001,0.5714285714285714,False,True,False,False,False,False,False,False,False,False,False,False,False,False,True
571,0,0.5,0.657142857142857,1,0.5862068965517242,0.19999999999999996,0.8,0.7142857142857143,False,True,False,False,False,False,False,False,False,False,False,False,False,False,True
572,1,1.0,0.3285714285714285,0,0.6896551724137931,0.8,0.4,0.2857142857142857,False,False,False,False,False,False,False,True,False,False,False,False,False,True,False
573,0,0.5,0.5714285714285714,1,0.517241379310345,0.40000000000000013,0.8,0.8571428571428571,False,False,False,False,False,False,True,False,False,False,False,False,False,False,True
574,1,1.0,0.8142857142857142,1,0.36206896551724155,0.0,1.0,0.9999999999999999,True,False,False,False,False,False,False,False,False,False,False,False,False,False,True
575,0,0.5,0.3857142857142857,0,0.6379310344827587,0.6000000000000001,0.4,0.4285714285714285,False,True,False,False,False,False,False,False,False,False,False,False,False,True,False
576,1,1.0,0.757142857142857,1,0.413793103448276,0.19999999999999996,0.8,0.8571428571428571,False,False,False,False,False,False,True,False,False,False,False,False,False,False,True
577,0,0.5,0.6285714285714286,1,0.5000000000000002,0.40000000000000013,0.6000000000000001,0.7142857142857143,False,True,False,False,False,False,False,False,False,False,False,False,False,True,False
578,1,1.0,0.7142857142857142,1,0.39655172413793105,0.19999999999999996,0.8,0.8571428571428571,True,False,False,False,False,False,False,False,False,False,False,False,False,False,True
579,0,0.5,0.4571428571428571,0,0.6206896551724139,0.6000000000000001,0.4,0.4285714285714285,False,False,False,False,False,False,False,True,False,False,False,False,False,False,True
580,1,1.0,0.5285714285714286,1,0.5517241379310345,0.40000000000000013,0.6000000000000001,0.5714285714285714,False,True,False,False,False,False,False,False,False,False,False,False,False,True,False
581,0,0.5,0.6857142857142856,1,0.44827586206896575,0.19999999999999996,0.8,0.8571428571428571,False,False,False,False,False,False,True,False,False,False,False,False,False,False,True
582,1,1.0,0.48571428571428577,0,0.603448275862069,0.6000000000000001,0.4,0.4285714285714285,True,False,False,False,False,False,False,False,False,False,False,False,False,True,False
583,0,0.5,0.7428571428571428,1,0.3793103448275863,0.19999999999999996,0.8,0.8571428571428571,False,True,False,False,False,False,False,False,False,False,False,False,False,False,True
584,1,1.0,0.6142857142857142,1,0.4655172413793105,0.40000000000000013,0.6000000000000001,0.7142857142857143,False,False,False,False,False,False,False,False,False,True,False,False,False,True,False
585,0,0.5,0.4285714285714285,0,0.6551724137931034,0.8,0.4,0.2857142857142857,False,False,False,False,False,False,False,True,False,False,False,False,False,False,True
586,1,1.0,0.7,1,0.4310344827586208,0.19999999999999996,0.8,0.8571428571428571,True,False,False,False,False,False,False,False,False,False,False,False,False,False,True
587,0,0.5,0.37142857142857133,0,0.6724137931034484,0.6000000000000001,0.4,0.4285714285714285,False,True,False,False,False,False,False,False,False,False,False,False,False,True,False
588,1,1.0,0.7285714285714284,1,0.413793103448276,0.19999999999999996,0.8,0.8571428571428571,False,False,False,False,False,False,True,False,False,False,False,False,False,False,True
589,0,0.5,0.41428571428571426,0,0.6206896551724139,0.6000000000000001,0.4,0.4285714285714285,False,True,False,False,False,False,False,False,False,False,False,False,False,True,False
590,1,1.0,0.6,1,0.517241379310345,0.40000000000000013,0.6000000000000001,0.7142857142857143,False,False,False,False,False,False,False,True,False,False,False,False,False,False,True
591,0,0.5,0.7857142857142857,1,0.3448275862068966,0.0,1.0,0.9999999999999999,False,True,False,False,False,False,False,False,False,False,False,False,False,False,True
592,1,1.0,0.3999999999999999,0,0.6379310344827587,0.6000000000000001,0.4,0.4285714285714285,True,False,False,False,False,False,False,False,False,False,False,False,False,True,False
593,0,0.5,0.7714285714285715,1,0.39655172413793105,0.19999999999999996,0.8,0.8571428571428571,False,False,False,False,False,False,True,False,False,False,False,False,False,False,True
594,1,1.0,0.5857142857142856,1,0.5344827586206897,0.40000000000000013,0.6000000000000001,0.7142857142857143,False,True,False,False,False,False,False,False,False,False,False,False,False,True,False
595,0,0.5,0.6714285714285714,1,0.4310344827586208,0.19999999999999996,0.8,0.8571428571428571,True,False,False,False,False,False,False,False,False,False,False,False,False,False,True
596,1,0.5,0.6142857142857142,1,0.5000000000000002,0.40000000000000013,0.6000000000000001,0.7142857142857143,False,True,False,False,False,False,False,False,False,False,False,False,False,False,True
597,0,1.0,0.48571428571428577,0,0.603448275862069,0.6000000000000001,0.4,0.4285714285714285,False,False,False,False,False,False,True,False,False,False,False,False,False,True,False
598,1,0.5,0.7,1,0.413793103448276,0.19999999999999996,0.8,0.8571428571428571,True,False,False,False,False,False,False,False,False,False,False,False,False,False,True
599,0,1.0,0.5142857142857141,0,0.5689655172413794,0.6000000000000001,0.4,0.4285714285714285,False,False,False,False,False,False,False,True,False,False,False,False,False,True,False
600,1,0.5,0.7428571428571428,1,0.3793103448275863,0.0,0.8,0.8571428571428571,False,True,False,False,False,False,False,False,False,False,False,False,False,False,True
601,0,1.0,0.5714285714285714,1,0.517241379310345,0.40000000000000013,0.6000000000000001,0.7142857142857143,False,False,False,False,False,False,False,False,False,True,False,False,False,True,False
602,1,0.5,0.3999999999999999,0,0.6551724137931034,0.8,0.4,0.2857142857142857,False,False,False,False,False,False,False,True,False,False,False,False,False,False,True
603,0,1.0,0.6714285714285714,1,0.44827586206896575,0.19999999999999996,0.8,0.8571428571428571,False,True,False,False,False,False,False,False,False,False,False,False,False,False,True
604,1,0.5,0.4285714285714285,0,0.6206896551724139,0.6000000000000001,0.4,0.4285714285714285,True,False,False,False,False,False,False,False,False,False,False,False,False,True,False
605,0,1.0,0.6857142857142856,1,0.4310344827586208,0.19999999999999996,0.8,0.8571428571428571,False,False,False,False,False,False,True,False,False,False,False,False,False,False,True
606,1,0.5,0.4571428571428571,0,0.5862068965517242,0.6000000000000001,0.4,0.4285714285714285,False,True,False,False,False,False,False,False,False,False,False,False,False,True,False
607,0,1.0,0.6285714285714286,1,0.48275862068965525,0.40000000000000013,0.6000000000000001,0.7142857142857143,False,False,False,False,False,False,False,True,False,False,False,False,False,False,True
608,1,0.5,0.7999999999999999,1,0.3275862068965518,0.0,1.0,0.9999999999999999,True,False,False,False,False,False,False,False,False,False,False,False,False,False,True
609,0,1.0,0.41428571428571426,0,0.6206896551724139,0.6000000000000001,0.4,0.4285714285714285,False,True,False,False,False,False,False,False,False,False,False,False,False,True,False
610,1,0.5,0.7285714285714284,1,0.413793103448276,0.19999999999999996,0.8,0.8571428571428571,False,False,False,False,False,False,True,False,False,False,False,False,False,False,True
611,0,1.0,0.5571428571428572,1,0.5344827586206897,0.40000000000000013,0.6000000000000001,0.7142857142857143,False,True,False,False,False,False,False,False,False,False,False,False,False,True,False
612,1,0.5,0.7142857142857142,1,0.39655172413793105,0.19999999999999996,0.8,0.8571428571428571,True,False,False,False,False,False,False,False,False,False,False,False,False,False,True
613,0,1.0,0.4714285714285713,0,0.603448275862069,0.6000000000000001,0.4,0.4285714285714285,False,False,False,False,False,False,False,True,False,False,False,False,False,True,False
614,1,0.5,0.6,1,0.5000000000000002,0.40000000000000013,0.6000000000000001,0.7142857142857143,False,True,False,False,False,False,False,False,False,False,False,False,False,False,True
615,0,1.0,0.657142857142857,1,0.44827586206896575,0.19999999999999996,0.8,0.8571428571428571,False,False,False,False,False,False,True,False,False,False,False,False,False,False,True
616,1,0.5,0.4428571428571427,0,0.5862068965517242,0.6000000000000001,0.4,0.4285714285714285,True,False,False,False,False,False,False,False,False,False,False,False,False,True,False
617,0,1.0,0.757142857142857,1,0.36206896551724155,0.0,1.0,0.9999999999999999,False,True,False,False,False,False,False,False,False,False,False,False,False,False,True
618,1,0.5,0.5857142857142856,1,0.517241379310345,0.40000000000000013,0.6000000000000001,0.7142857142857143,False,False,False,False,False,False,False,False,False,True,False,False,False,True,False
619,0,1.0,0.3857142857142857,0,0.6379310344827587,0.8,0.4,0.2857142857142857,False,False,False,False,False,False,False,True,False,False,False,False,False,False,True
620,1,0.5,0.6857142857142856,1,0.4310344827586208,0.19999999999999996,0.8,0.8571428571428571,False,False,False,False,False,False,True,False,False,False,False,False,False,False,True
621,0,1.0,0.41428571428571426,0,0.6206896551724139,0.6000000000000001,0.4,0.4285714285714285,False,True,False,False,False,False,False,False,False,False,False,False,False,True,False
622,1,0.5,0.7142857142857142,1,0.413793103448276,0.19999999999999996,0.8,0.8571428571428571,True,False,False,False,False,False,False,False,False,False,False,False,False,False,True
623,0,1.0,0.4428571428571427,0,0.603448275862069,0.6000000000000001,0.4,0.4285714285714285,False,False,False,False,False,False,False,True,False,False,False,False,False,True,False
624,1,0.5,0.6142857142857142,1,0.48275862068965525,0.40000000000000013,0.6000000000000001,0.7142857142857143,False,True,False,False,False,False,False,False,False,False,False,False,False,False,True
625,0,1.0,0.7857142857142857,1,0.3448275862068966,0.0,1.0,0.9999999999999999,False,False,False,False,False,False,True,False,False,False,False,False,False,False,True
626,1,0.5,0.4285714285714285,0,0.603448275862069,0.6000000000000001,0.4,0.4285714285714285,True,False,False,False,False,False,False,False,False,False,False,False,False,True,False
627,0,1.0,0.7428571428571428,1,0.39655172413793105,0.19999999999999996,0.8,0.8571428571428571,False,True,False,False,False,False,False,False,False,False,False,False,False,False,True
628,1,0.5,0.5714285714285714,1,0.517241379310345,0.40000000000000013,0.6000000000000001,0.7142857142857143,False,False,False,False,False,False,False,True,False,False,False,False,False,True,False
629,0,1.0,0.7,1,0.413793103448276,0.19999999999999996,0.8,0.8571428571428571,True,False,False,False,False,False,False,False,False,False,False,False,False,False,True
630,1,0.5,0.4571428571428571,0,0.5862068965517242,0.6000000000000001,0.4,0.4285714285714285,False,True,False,False,False,False,False,False,False,False,False,False,False,True,False
631,0,1.0,0.5857142857142856,1,0.5000000000000002,0.40000000000000013,0.6000000000000001,0.7142857142857143,False,False,False,False,False,False,True,False,False,False,False,False,False,False,True
632,1,0.5,0.6714285714285714,1,0.4310344827586208,0.19999999999999996,0.8,0.8571428571428571,True,False,False,False,False,False,False,False,False,False,False,False,False,False,True
633,0,1.0,0.4714285714285713,0,0.5689655172413794,0.6000000000000001,0.4,0.4285714285714285,False,False,False,False,False,False,False,True,False,False,False,False,False,True,False
634,1,0.5,0.7714285714285715,1,0.36206896551724155,0.0,1.0,0.9999999999999999,False,True,False,False,False,False,False,False,False,False,False,False,False,False,True
635,0,1.0,0.6,1,0.5000000000000002,0.40000000000000013,0.6000000000000001,0.7142857142857143,False,False,False,False,False,False,False,False,False,True,False,False,False,True,False
636,1,0.5,0.41428571428571426,0,0.6206896551724139,0.8,0.4,0.2857142857142857,False,False,False,False,False,False,False,True,False,False,False,False,False,False,True
637,0,1.0,0.657142857142857,1,0.44827586206896575,0.19999999999999996,0.8,0.8571428571428571,False,False,False,False,False,False,True,False,False,False,False,False,False,False,True
638,1,0.5,0.3999999999999999,0,0.6379310344827587,0.6000000000000001,0.4,0.4285714285714285,False,True,False,False,False,False,False,False,False,False,False,False,False,True,False
639,0,1.0,0.7,1,0.413793103448276,0.19999999999999996,0.8,0.8571428571428571,True,False,False,False,False,False,False,False,False,False,False,False,False,False,True
640,1,0.5,0.4285714285714285,0,0.603448275862069,0.6000000000000001,0.4,0.4285714285714285,False,False,False,False,False,False,False,True,False,False,False,False,False,True,False
641,0,1.0,0.6285714285714286,1,0.4655172413793105,0.40000000000000013,0.6000000000000001,0.7142857142857143,False,True,False,False,False,False,False,False,False,False,False,False,False,False,True
642,1,0.5,0.8142857142857142,1,0.3275862068965518,0.0,1.0,0.9999999999999999,False,False,False,False,False,False,True,False,False,False,False,False,False,False,True
643,0,1.0,0.4428571428571427,0,0.5862068965517242,0.6000000000000001,0.4,0.4285714285714285,True,False,False,False,False,False,False,False,False,False,False,False,False,True,False
644,1,0.5,0.757142857142857,1,0.3793103448275863,0.19999999999999996,0.8,0.8571428571428571,False,True,False,False,False,False,False,False,False,False,False,False,False,False,True
645,0,1.0,0.5428571428571428,1,0.517241379310345,0.40000000000000013,0.6000000000000001,0.7142857142857143,False,False,False,False,False,False,False,True,False,False,False,False,False,True,False
646,1,1.0,0.6857142857142856,1,0.413793103448276,0.19999999999999996,0.8,0.8571428571428571,True,False,False,False,False,False,False,False,False,False,False,False,False,False,True
647,0,0.5,0.4714285714285713,0,0.5689655172413794,0.6000000000000001,0.4,0.4285714285714285,False,True,False,False,False,False,False,False,False,False,False,False,False,True,False
648,1,1.0,0.6,1,0.48275862068965525,0.40000000000000013,0.6000000000000001,0.7142857142857143,False,False,False,False,False,False,True,False,False,False,False,False,False,False,True
649,0,0.5,0.6714285714285714,1,0.4310344827586208,0.19999999999999996,0.8,0.8571428571428571,False,False,False,False,False,False,False,True,False,False,False,False,False,False,True
650,1,1.0,0.4571428571428571,0,0.5862068965517242,0.6000000000000001,0.4,0.4285714285714285,True,False,False,False,False,False,False,False,False,False,False,False,False,True,False
651,0,0.5,0.757142857142857,1,0.36206896551724155,0.0,1.0,0.9999999999999999,False,True,False,False,False,False,False,False,False,False,False,False,False,False,True
652,1,1.0,0.5857142857142856,1,0.5000000000000002,0.40000000000000013,0.6000000000000001,0.7142857142857143,False,False,False,False,False,False,False,False,False,True,False,False,False,True,False
653,0,0.5,0.3999999999999999,0,0.6379310344827587,0.8,0.4,0.2857142857142857,False,False,False,False,False,False,False,True,False,False,False,False,False,False,True
654,1,1.0,0.6714285714285714,1,0.4310344827586208,0.19999999999999996,0.8,0.8571428571428571,False,False,False,False,False,False,True,False,False,False,False,False,False,False,True
655,0,0.5,0.41428571428571426,0,0.6206896551724139,0.6000000000000001,0.4,0.4285714285714285,False,True,False,False,False,False,False,False,False,False,False,False,False,True,False
656,1,1.0,0.7142857142857142,1,0.39655172413793105,0.19999999999999996,0.8,0.8571428571428571,True,False,False,False,False,False,False,False,False,False,False,False,False,False,True
657,0,0.5,0.4428571428571427,0,0.603448275862069,0.6000000000000001,0.4,0.4285714285714285,False,False,False,False,False,False,False,True,False,False,False,False,False,True,False
658,1,1.0,0.6142857142857142,1,0.48275862068965525,0.40000000000000013,0.6000000000000001,0.7142857142857143,False,True,False,False,False,False,False,False,False,False,False,False,False,False,True
659,0,0.5,0.7999999999999999,1,0.3448275862068966,0.0,1.0,0.9999999999999999,False,False,False,False,False,False,True,False,False,False,False,False,False,False,True
660,1,1.0,0.4285714285714285,0,0.603448275862069,0.6000000000000001,0.4,0.4285714285714285,True,False,False,False,False,False,False,False,False,False,False,False,False,True,False
661,0,0.5,0.7428571428571428,1,0.3793103448275863,0.19999999999999996,0.8,0.8571428571428571,False,True,False,False,False,False,False,False,False,False,False,False,False,False,True
662,1,1.0,0.5571428571428572,1,0.517241379310345,0.40000000000000013,0.6000000000000001,0.7142857142857143,False,False,False,False,False,False,False,True,False,False,False,False,False,True,False
663,0,0.5,0.7,1,0.413793103448276,0.19999999999999996,0.8,0.8571428571428571,False,False,False,False,False,False,True,False,False,False,False,False,False,False,True
664,1,1.0,0.4571428571428571,0,0.5862068965517242,0.6000000000000001,0.4,0.4285714285714285,True,False,False,False,False,False,False,False,False,False,False,False,False,True,False
665,0,0.5,0.5857142857142856,1,0.5000000000000002,0.40000000000000013,0.6000000000000001,0.7142857142857143,False,True,False,False,False,False,False,False,False,False,False,False,False,False,True
666,1,1.0,0.6857142857142856,1,0.413793103448276,0.19999999999999996,0.8,0.8571428571428571,False,False,False,False,False,False,False,True,False,False,False,False,False,False,True
667,0,0.5,0.4714285714285713,0,0.5689655172413794,0.6000000000000001,0.4,0.4285714285714285,False,False,False,False,False,False,True,False,False,False,False,False,False,True,False
668,1,1.0,0.7714285714285715,1,0.36206896551724155,0.0,1.0,0.9999999999999999,False,True,False,False,False,False,False,False,False,False,False,False,False,False,True
669,0,0.5,0.6,1,0.5000000000000002,0.40000000000000013,0.6000000000000001,0.7142857142857143,False,False,False,False,False,False,False,False,False,True,False,False,False,True,False
670,1,1.0,0.41428571428571426,0,0.6206896551724139,0.8,0.4,0.2857142857142857,False,False,False,False,False,False,False,True,False,False,False,False,False,False,True
671,0,0.5,0.657142857142857,1,0.44827586206896575,0.19999999999999996,0.8,0.8571428571428571,True,False,False,False,False,False,False,False,False,False,False,False,False,False,True
672,1,1.0,0.3999999999999999,0,0.6379310344827587,0.6000000000000001,0.4,0.4285714285714285,False,True,False,False,False,False,False,False,False,False,False,False,False,True,False
673,0,0.5,0.7,1,0.413793103448276,0.19999999999999996,0.8,0.8571428571428571,False,False,False,False,False,False,True,False,False,False,False,False,False,False,True
674,1,1.0,0.4285714285714285,0,0.603448275862069,0.6000000000000001,0.4,0.4285714285714285,False,False,False,False,False,False,False,True,False,False,False,False,False,True,False
675,0,0.5,0.6285714285714286,1,0.4655172413793105,0.40000000000000013,0.6000000000000001,0.7142857142857143,False,True,False,False,False,False,False,False,False,False,False,False,False,False,True
676,1,1.0,0.8142857142857142,1,0.3275862068965518,0.0,1.0,0.9999999999999999,True,False,False,False,False,False,False,False,False,False,False,False,False,False,True
677,0,0.5,0.4428571428571427,0,0.5862068965517242,0.6000000000000001,0.4,0.4285714285714285,False,False,False,False,False,False,True,False,False,False,False,False,False,True,False
678,1,1.0,0.757142857142857,1,0.3793103448275863,0.19999999999999996,0.8,0.8571428571428571,False,True,False,False,False,False,False,False,False,False,False,False,False,False,True
679,0,0.5,0.5428571428571428,1,0.517241379310345,0.40000000000000013,0.6000000000000001,0.7142857142857143,False,False,False,False,False,False,False,True,False,False,False,False,False,True,False
680,1,1.0,0.6714285714285714,1,0.4310344827586208,0.19999999999999996,0.8,0.8571428571428571,True,False,False,False,False,False,False,False,False,False,False,False,False,False,True
681,0,0.5,0.4571428571428571,0,0.5862068965517242,0.6000000000000001,0.4,0.4285714285714285,False,True,False,False,False,False,False,False,False,False,False,False,False,True,False
682,1,1.0,0.6142857142857142,1,0.48275862068965525,0.40000000000000013,0.6000000000000001,0.7142857142857143,False,False,False,False,False,False,True,False,False,False,False,False,False,False,True
683,0,0.5,0.657142857142857,1,0.44827586206896575,0.19999999999999996,0.8,0.8571428571428571,False,False,False,False,False,False,False,True,False,False,False,False,False,False,True
684,1,1.0,0.4714285714285713,0,0.5689655172413794,0.6000000000000001,0.4,0.4285714285714285,True,False,False,False,False,False,False,False,False,False,False,False,False,True,False
685,0,0.5,0.7428571428571428,1,0.3793103448275863,0.0,1.0,0.9999999999999999,False,True,False,False,False,False,False,False,False,False,False,False,False,False,True
686,1,1.0,0.5714285714285714,1,0.517241379310345,0.40000000000000013,0.6000000000000001,0.7142857142857143,False,False,False,False,False,False,False,False,False,True,False,False,False,True,False
687,0,0.5,0.3857142857142857,0,0.6379310344827587,0.8,0.4,0.2857142857142857,False,False,False,False,False,False,False,True,False,False,False,False,False,False,True
688,1,1.0,0.6857142857142856,1,0.413793103448276,0.19999999999999996,0.8,0.8571428571428571,False,False,False,False,False,False,True,False,False,False,False,False,False,False,True
689,0,0.5,0.41428571428571426,0,0.6206896551724139,0.6000000000000001,0.4,0.4285714285714285,False,True,False,False,False,False,False,False,False,False,False,False,False,True,False
690,1,1.0,0.7142857142857142,1,0.39655172413793105,0.19999999999999996,0.8,0.8571428571428571,True,False,False,False,False,False,False,False,False,False,False,False,False,False,True
691,0,0.5,0.4428571428571427,0,0.603448275862069,0.6000000000000001,0.4,0.4285714285714285,False,False,False,False,False,False,False,True,False,False,False,False,False,True,False
692,1,1.0,0.6285714285714286,1,0.4655172413793105,0.40000000000000013,0.6000000000000001,0.7142857142857143,False,True,False,False,False,False,False,False,False,False,False,False,False,False,True
693,0,0.5,0.7857142857142857,1,0.3448275862068966,0.0,1.0,0.9999999999999999,False,False,False,False,False,False,True,False,False,False,False,False,False,False,True
694,1,1.0,0.4285714285714285,0,0.603448275862069,0.6000000000000001,0.4,0.4285714285714285,True,False,False,False,False,False,False,False,False,False,False,False,False,True,False
695,0,0.5,0.7285714285714284,1,0.39655172413793105,0.19999999999999996,0.8,0.8571428571428571,False,True,False,False,False,False,False,False,False,False,False,False,False,False,True
696,1,1.0,0.5714285714285714,1,0.5000000000000002,0.40000000000000013,0.6000000000000001,0.7142857142857143,False,False,False,False,False,False,False,True,False,False,False,False,False,True,False
697,0,0.5,0.6857142857142856,1,0.413793103448276,0.19999999999999996,0.8,0.8571428571428571,False,False,False,False,False,False,True,False,False,False,False,False,False,False,True
698,1,1.0,0.4714285714285713,0,0.5689655172413794,0.6000000000000001,0.4,0.4285714285714285,True,False,False,False,False,False,False,False,False,False,False,False,False,True,False
699,0,0.5,0.6,1,0.48275862068965525,0.40000000000000013,0.6000000000000001,0.7142857142857143,False,True,False,False,False,False,False,False,False,False,False,False,False,False,True
700,1,1.0,0.6714285714285714,1,0.4310344827586208,0.19999999999999996,0.8,0.8571428571428571,False,False,False,False,False,False,False,True,False,False,False,False,False,False,True
701,0,0.5,0.4571428571428571,0,0.5862068965517242,0.6000000000000001,0.4,0.4285714285714285,False,False,False,False,False,False,True,False,False,False,False,False,False,True,False
702,1,1.0,0.757142857142857,1,0.36206896551724155,0.0,1.0,0.9999999999999999,False,True,False,False,False,False,False,False,False,False,False,False,False,False,True
703,0,0.5,0.5857142857142856,1,0.5000000000000002,0.40000000000000013,0.6000000000000001,0.7142857142857143,False,False,False,False,False,False,False,False,False,True,False,False,False,True,False
704,1,1.0,0.3999999999999999,0,0.6379310344827587,0.8,0.4,0.2857142857142857,False,False,False,False,False,False,False,True,False,False,False,False,False,False,True
705,0,0.5,0.6714285714285714,1,0.4310344827586208,0.19999999999999996,0.8,0.8571428571428571,True,False,False,False,False,False,False,False,False,False,False,False,False,False,True
